predicted_class,predicted_proba
1,0.578470883540593
0,0.3405412030674683
0,0.4340769574546685
1,0.7323321366000349
0,0.4912730304333255
0,0.19339286998733932
0,0.3203479667386204
0,0.3280602552289896
1,0.7470713485338475
1,0.6714206771850871
0,0.33256730378988736
1,0.5256325798190906
0,0.38967880246024095
0,0.3180235088233939
0,0.34645949707162893
1,0.5269932433452044
0,0.3864308589268349
0,0.3415340707031786
0,0.27565690897264794
0,0.434390355620939
0,0.4415684625885671
0,0.439389685106827
1,0.5573736179354198
0,0.37437341606155305
1,0.7786338255810223
1,0.5509564168138027
0,0.15364853184932623
0,0.16042568146528208
0,0.43782549888061906
0,0.4385901821187712
0,0.4981924332861105
1,0.5055269607937407
1,0.5504292522747743
0,0.3518594779302854
1,0.674754762142554
0,0.43007467734703914
1,0.5397707585607426
0,0.37734765301731243
1,0.511620985936496
1,0.5813581696071839
0,0.28353340801168736
0,0.4357703996262088
1,0.5043427539213264
0,0.41196659227185967
0,0.3550387774516143
1,0.529879585349647
1,0.6592981945227356
0,0.435691832849297
1,0.6139045529168587
1,0.6862356147637712
1,0.5461374521060208
1,0.5225255103224963
0,0.28727031898108607
0,0.3970237537857766
1,0.5108088024231165
0,0.40940244738720477
0,0.22817944488905725
1,0.6796862042145251
0,0.4252262767965455
1,0.5368781201559863
0,0.23995913563605656
1,0.545486569784427
0,0.2600423181220013
0,0.36319887169640636
1,0.5313019803535977
0,0.21938090233566285
1,0.5751722525107258
0,0.49551200864182515
1,0.5239095525990632
0,0.4536303050171624
0,0.4026815593398841
0,0.42588664072264737
1,0.5180208948914061
1,0.6135393961177239
1,0.8016630035466906
1,0.5224302257490916
0,0.29420522183723113
0,0.36891881239220964
0,0.46098259163527877
0,0.4840696788318242
0,0.24073096263552216
1,0.6710872032433282
0,0.3651210396846266
0,0.38526017776889027
1,0.6808696437629685
0,0.4663957525600735
1,0.6642157946691096
0,0.37676583489560295
1,0.5839323873372628
0,0.43760714082097907
1,0.6420607518252556
0,0.3261594554492404
1,0.7030164560143758
0,0.35423093861513133
0,0.29495268529096946
0,0.4186002751080248
0,0.4552892085828318
1,0.7641220015036524
1,0.7000800533664634
0,0.20946385990774197
1,0.6075936351865545
1,0.5134602657783652
0,0.45702448419356173
0,0.36399499236618216
0,0.28739913561995173
1,0.6184452847291003
1,0.5606111384622898
1,0.5484154868335991
0,0.3645758120863959
1,0.7023096796415247
1,0.8611585253232351
0,0.468249856685292
0,0.4960033180237368
0,0.14401980560972916
1,0.7383234501092905
0,0.3122093787818225
0,0.4354993794832065
0,0.46698872215777126
1,0.6249748098721953
0,0.3673679667775966
0,0.4328386179873375
0,0.3073243117651962
1,0.675303666651863
0,0.21169955002804824
1,0.5532364285294232
0,0.31347919850533446
1,0.5584956650856164
0,0.45481289494261523
1,0.5049452215428389
1,0.6047943040643384
1,0.6355486719896022
1,0.7653250169009059
0,0.35712824237198687
0,0.46958109904309653
0,0.2789338331639882
0,0.3661357132081028
1,0.8680218507051127
0,0.35312802305255325
1,0.5605863273562484
1,0.8026637382369056
1,0.5972839066372752
0,0.2772500805474596
0,0.2690027342444435
0,0.4281139160400045
0,0.3138584671035931
0,0.2438513436289701
0,0.48536507009576235
0,0.38956453165805754
1,0.5080666954273467
1,0.5629806607241306
0,0.3600024315213351
0,0.06141303754328284
0,0.13579928549208786
0,0.2672388353449209
1,0.5906761761108287
0,0.3207889114509499
0,0.48793987031051805
0,0.4592272893554675
0,0.46807725613535245
0,0.2536496123272312
1,0.5244458364942022
0,0.26784282216938876
1,0.5286061098792679
1,0.5060259285658831
0,0.43194997052862477
0,0.3175464380426453
0,0.30649938195277593
0,0.37892008520886905
0,0.4884925060108309
1,0.7865414683644266
0,0.3966744138359564
0,0.4038253522568874
0,0.4858697450477095
0,0.2281140601367258
0,0.32310047461649155
0,0.49293645284157583
0,0.4002893158018898
0,0.44454581976026264
0,0.38196768869983183
1,0.7273794210999781
0,0.4930263582097436
0,0.2537634540232098
0,0.15519094911135406
0,0.36470197924809394
0,0.25479460792848957
0,0.4407065847871271
0,0.3440452392389952
0,0.4619423705425484
1,0.6173139988618375
0,0.1598321718525454
0,0.4854393661526043
1,0.635148835751422
0,0.34378295486237054
0,0.2642258169832328
1,0.5595481367862234
0,0.34210651294573574
1,0.5168908252652609
0,0.32453936932477717
1,0.5461487891484404
1,0.6037081530325704
0,0.34787147555428627
0,0.30388008123193133
0,0.42877704033167047
0,0.4130000406764286
0,0.34692188983126293
1,0.6606306267362154
0,0.24203916083537852
0,0.4364736100713225
1,0.5715640744201003
0,0.3954013350965624
1,0.5970207164632239
1,0.5028960615882427
0,0.35481105976239974
1,0.7030743286270068
0,0.438045420393919
0,0.371149307560178
1,0.5010592592989198
1,0.7817767535219323
1,0.70360801570152
0,0.17424098734377488
0,0.3937202762316328
1,0.6252856389401
0,0.3543673026837757
1,0.6686518447037665
0,0.3965009794558051
0,0.36083719722081115
1,0.6044880614786063
1,0.6360759600744585
0,0.4416703606519781
1,0.6451902214956194
0,0.4228324347205383
0,0.30619814523619976
1,0.5724132464846896
0,0.36998747786473213
1,0.6602063046292828
1,0.6306426220931085
0,0.43436856973349836
1,0.6585479150975526
1,0.5504789420664349
0,0.10763869881483201
0,0.429820260825671
0,0.3573700856913793
0,0.3354871559864345
0,0.41315202836597725
0,0.2560716763133446
1,0.545944339973043
0,0.4572529809666495
1,0.5326598794589551
1,0.5393465276079009
0,0.22441627556526725
1,0.5741976815664437
0,0.2694967641002062
0,0.12368868526447736
0,0.330374772195611
0,0.23795917668633104
1,0.6561360442840866
0,0.49332016295463893
0,0.3099836286623246
0,0.3916018112258939
0,0.325464041646759
0,0.2479094769859063
0,0.295545633233568
0,0.4281362503183434
0,0.43890455798589323
0,0.239579343023754
0,0.3134725097730546
0,0.14169076814308876
0,0.3677581663206955
0,0.48464261083068927
1,0.6324570280033035
0,0.2423157125438375
0,0.38953478401030867
1,0.5223323374122956
0,0.49426589300479495
1,0.5558492851534707
0,0.45275189070366595
1,0.7846649413345024
1,0.5311632214061249
1,0.6939499976042651
0,0.3547020501628413
0,0.39606970048947254
1,0.5790898922263412
0,0.48435839593470337
0,0.36192798337085813
1,0.7648263655745831
1,0.575102995694544
1,0.5729302913970473
0,0.3225942109050359
1,0.5311466803004107
1,0.5060127483411152
0,0.4938871510105686
1,0.5556976187967227
1,0.5468251330649064
0,0.4307577175640888
1,0.5073208248792523
1,0.5476632054744005
1,0.5481572382592101
0,0.48039206318570776
0,0.41423033112798285
0,0.40791237521412477
0,0.1590818477291134
0,0.4192718452813366
1,0.5403769912704616
0,0.3265956884381917
1,0.5892346590144992
0,0.3517238644755309
1,0.5221617201084737
0,0.4557122624199944
0,0.4780891068360189
0,0.49399155618323104
0,0.4057093855455018
1,0.5587218240589306
0,0.18577262333678501
1,0.5443517158036357
0,0.35929987189589596
1,0.528541496194623
0,0.3886619699708996
1,0.5775567345687225
1,0.7870888442335303
1,0.505247622360429
0,0.4912069097514983
0,0.2642388781765714
1,0.5411485679036588
1,0.5431229252139675
1,0.6880978101042796
1,0.507210973381528
1,0.5371892806572232
0,0.36275531984014825
0,0.3193634853504326
1,0.5734816182562106
0,0.4147818792481543
0,0.38000498526904497
0,0.32078647350289835
1,0.535872500137899
0,0.40131161435031804
1,0.5049796964504819
0,0.4241261865726135
0,0.2184046708907368
0,0.3476759966756957
0,0.2947796017700839
0,0.49293042582158203
1,0.7043370254502426
0,0.39324832421232087
0,0.37071310168259675
1,0.5116036503591738
1,0.5661110351267861
0,0.4960948427529643
1,0.7694089056758413
1,0.7258547762152506
0,0.46574434030464745
0,0.4078369698365922
0,0.4832152762253203
0,0.3784979536727623
0,0.275753827341479
0,0.3564023361411786
0,0.31864071892543927
0,0.08235151206677468
0,0.27926181929092736
0,0.266521746424666
1,0.5268060642252567
0,0.485606171597544
0,0.3725087388718496
0,0.21394324675319654
0,0.41030276598327997
0,0.47720272660619056
1,0.6147739212855506
0,0.3823413415843468
0,0.40796636169528566
0,0.3400369573963742
1,0.5593073728770536
1,0.6512287114568256
0,0.2663605242818428
0,0.2310625100490706
0,0.35867125026897023
0,0.4523982397351682
1,0.6075878687873378
0,0.18283819324769196
0,0.3234468310790493
1,0.5720195120384541
0,0.49660460247536853
1,0.5722135837235792
0,0.2660595527406341
1,0.5179085339872325
0,0.4010055680821268
1,0.6856877275450642
1,0.5408201144339552
0,0.35759766347528754
1,0.5423554984810417
0,0.23984632767104636
0,0.37797662785701236
1,0.5396064094374888
0,0.14273742667622533
0,0.39651183467684203
0,0.483361346582163
0,0.3738908071734001
0,0.41405925691499
1,0.6857995228654636
0,0.411366077060082
0,0.3992623042847803
0,0.4345073232191883
0,0.48485351006990923
1,0.7027134108871496
1,0.5509542407031842
0,0.3460530009632987
1,0.6078100815549262
0,0.3016438857095964
1,0.5390650816612743
0,0.20966461082817994
0,0.08831078188647583
0,0.39812895490046796
1,0.6471616317965188
0,0.4726208743261311
0,0.3232652499789916
0,0.48936968850102636
1,0.8084818876906735
0,0.33754257206446114
1,0.9172440833612339
0,0.41484427731946694
0,0.29315104619925675
0,0.4458940199970115
0,0.444030785735229
1,0.7781307771373119
1,0.7719109401233433
1,0.6176658810646878
0,0.3228922989306385
1,0.5018563526205314
0,0.16468129912684096
0,0.4749613271551808
0,0.47243019515758694
1,0.6514990666628426
0,0.2374569217299648
0,0.36650115000981703
0,0.3235234908611813
1,0.5958465533472158
0,0.3969896590741624
0,0.38566648120337194
1,0.5631258728076338
0,0.4989720024442699
0,0.35542225279246903
0,0.4563692754216745
1,0.7533765079154336
0,0.2811910477444149
1,0.5329395137939393
1,0.8490544157230677
1,0.5708708200385895
0,0.41378341643947086
0,0.3808805764594323
1,0.5803645515839972
1,0.6096478274931983
0,0.37107036972015206
0,0.2891801936787534
1,0.5008698512549887
0,0.4020439151248826
1,0.7847888460883585
1,0.5493080635137714
0,0.4360201292684075
1,0.5037200558570455
0,0.4786262968401522
0,0.4483962474193771
0,0.4362064988202073
0,0.08335034569417328
0,0.4068724547120529
0,0.12512836690117174
0,0.4511127300455363
1,0.5977540333997643
0,0.2579248223630969
0,0.38284602259797634
1,0.5853056813495325
0,0.40112931750206193
0,0.3071416082761261
0,0.3550224598259827
1,0.6112960918161549
0,0.4153035105148931
1,0.6634745130563857
0,0.4497812328876119
1,0.5329232892358091
0,0.4758517904691899
0,0.3484834098150924
1,0.5053411476199055
1,0.8244692374966571
0,0.4821242304803953
0,0.053455664568211714
0,0.13299436311029467
0,0.115339474699316
0,0.40011580357604004
0,0.45496498689274484
1,0.5288243508627725
0,0.4978606614092432
0,0.44001228006914234
1,0.6997641127037082
0,0.38886787710009
1,0.5427544450350392
0,0.4378149611673115
0,0.32200374818552796
0,0.4889617039813796
0,0.2071898650652273
1,0.5647272466837955
0,0.46409587252207063
0,0.34615903525543484
1,0.5461802943134897
0,0.35142510338267346
1,0.6555412858524531
0,0.26923567126110665
1,0.5222650852279027
0,0.23145730223942043
0,0.46149991103073457
1,0.6911466694631597
1,0.6328496532617963
0,0.49204355534408917
1,0.898236834046692
0,0.3868412945737151
0,0.4144235183094195
0,0.451596269466132
0,0.43573439942757325
0,0.3534931492670405
0,0.3612484344951386
0,0.38031868783723954
1,0.7627071392372353
0,0.39088628850904344
0,0.4129437284710022
0,0.3621086196228526
1,0.6135637555961074
1,0.720302452396082
0,0.3591919137883281
0,0.4700853123583642
0,0.11588694978392401
0,0.3907021817786547
0,0.43694183458973185
0,0.38075600895044404
0,0.2362248003761816
1,0.5421330620088646
0,0.36968772185014676
0,0.2508324490808811
0,0.2734600250665104
0,0.4113458898549201
0,0.35183439754751794
1,0.5946120363834637
0,0.3277138646123938
1,0.5406673683031622
0,0.47033456441705
0,0.29233216070217466
0,0.4156228819964137
0,0.38372235951802147
1,0.6823924579351809
0,0.04636936414669938
1,0.5222793823173572
0,0.2562406384410103
1,0.5199316102389085
1,0.5993754959770964
0,0.3539539322194457
0,0.28529174270225477
1,0.52563998613449
1,0.6472159108428055
0,0.3291143765101737
0,0.47754048525502846
1,0.5759005972077843
1,0.6356638660654922
0,0.3518327377307238
1,0.5393368802770213
0,0.2899480012490519
1,0.7599233508363931
1,0.6619118004543803
0,0.19602847626982903
1,0.6813228501696579
0,0.3017603640208099
0,0.33731827424169286
0,0.31130756534925
0,0.41914717724356054
1,0.7002018274942938
0,0.04790344888142734
0,0.48558678252651866
0,0.3343386940348962
1,0.6147414068451745
0,0.4257925571025603
0,0.3113795258722318
0,0.32169814432616023
0,0.3383608822671682
0,0.4742753098364538
0,0.2867804132508736
1,0.6701961824142701
1,0.665807547546586
1,0.5356582575748938
0,0.4647555743840324
1,0.697287572254383
0,0.4974430706245401
0,0.4103046293673097
0,0.3971351013253265
0,0.3286744742320178
0,0.4430716506740329
0,0.42958394006064177
0,0.373647159502574
0,0.40850038746944084
1,0.8235529174710003
1,0.7162562096565965
0,0.23815886320660198
0,0.3915401065026189
0,0.350677338841334
0,0.3575916556795244
0,0.4363392268262924
0,0.35479568486456714
0,0.14788646819667695
0,0.4066419077904965
0,0.39007066546073393
1,0.61646530965988
0,0.3387335896813271
1,0.527029093017823
0,0.28754805535592165
1,0.5864310925061015
1,0.569648492416524
0,0.39311425817556855
0,0.462537733091969
1,0.5905820911118249
0,0.45558761638386996
0,0.1887815789712379
0,0.3340052798843588
1,0.6093596384170746
0,0.39165233223637513
0,0.29862181720610337
1,0.7827446618053258
1,0.5738867857289531
0,0.4296839184274207
1,0.5585723245746711
1,0.5014371189044103
1,0.5608418162973232
1,0.7281931081073673
0,0.08574245230756757
1,0.7351994198504905
1,0.5665973829116726
1,0.5916660077106407
1,0.5343774147386984
0,0.3162268557712625
0,0.44122217234103184
1,0.6182255384096171
0,0.22986517848848742
1,0.6661346892979987
0,0.4159585154485327
0,0.376075616281607
1,0.5238396855911549
0,0.2825451600060055
0,0.3817988905819188
0,0.49175127223459136
0,0.3602983630687565
0,0.34253791682808227
0,0.4802821186746488
0,0.32813489129972917
0,0.2589746342019067
0,0.44018030222132476
0,0.40355852115285373
0,0.3033243072084775
0,0.47986686000159007
0,0.4233316894414986
0,0.4647936121503366
0,0.47255722739766215
1,0.524763170908066
0,0.44521619728171297
0,0.4131062038497907
0,0.49889796132045067
0,0.36313263765764214
0,0.4740655049028751
1,0.557476276035367
1,0.6393252970494124
0,0.4388591941739671
1,0.5029423028995388
1,0.5138882538238109
0,0.40035030552589684
1,0.5713440999548737
0,0.4396399119334043
0,0.4825422872366733
0,0.11193922941309918
0,0.4893727596345352
0,0.49914452860430253
0,0.4692345023654261
1,0.6227368304640193
0,0.4092006711530084
0,0.25910134441610244
1,0.5290791784317601
0,0.3851076989198723
1,0.6017572953533697
1,0.6899609177547318
0,0.4757968728893226
1,0.558577906104329
0,0.445331345228787
0,0.06180331491511842
1,0.6446726084403245
0,0.23809769357837535
0,0.3114741800601415
1,0.5004294024045683
0,0.4568323704634695
0,0.48890626848253915
1,0.5173067177244153
1,0.5074227128307136
0,0.3218745483140129
0,0.3119664052054253
0,0.4156632981583034
1,0.5397762478002451
0,0.27636914899730847
0,0.08495045784474643
1,0.6927804240605955
0,0.48238812908163126
1,0.8129959696911053
1,0.5740207302746918
0,0.42627844606312404
0,0.38682454678337075
1,0.8102537532659664
0,0.24262207288102694
0,0.28272004234803716
0,0.3854035418776384
0,0.16376428424996303
1,0.5498684339862495
1,0.5099561245718506
0,0.05166799516089558
0,0.12817567433523383
0,0.3529639750455528
1,0.7403606244246379
0,0.434579271695458
0,0.42063407529081814
1,0.7332464304270654
0,0.2917065544579182
0,0.2937212523877984
1,0.5538766511193571
1,0.5994583445546056
0,0.3880149670148795
1,0.6276037339433848
0,0.12432247005980007
0,0.4381900894888613
1,0.585074019950676
1,0.5545434337810039
1,0.7378769499909004
0,0.09456343995384288
1,0.794524072053871
0,0.14457495927106273
0,0.40692670570427225
0,0.45712047451963456
0,0.44283207803883545
1,0.6073403794346738
0,0.38896913173219094
1,0.526325026188348
0,0.4258643845407852
1,0.7407452249180623
1,0.5013995966348987
0,0.4515384853229443
1,0.6243254381945597
1,0.541564286458525
0,0.4119653183160538
1,0.757514269027066
0,0.40987458807355853
0,0.06390193900332293
1,0.6031434847744834
1,0.7291472714174023
0,0.382231115421384
0,0.468540989400729
0,0.43060053915677826
0,0.3582359123437143
1,0.5171061288570417
1,0.5539763267998166
0,0.2942023265512587
1,0.6285249452328173
0,0.18027181461566158
1,0.6148193373120836
0,0.42435468737824206
1,0.508311546585163
1,0.6076916070875586
1,0.6782015613414051
0,0.1321500569690829
0,0.4638589106635448
1,0.6208608381995467
0,0.28519693677551683
1,0.5419078445934622
0,0.4341238069541127
1,0.8309759306694087
0,0.2904703992914475
1,0.5674361386879727
0,0.45124717325467195
0,0.4060669060138967
0,0.20458954596227058
1,0.5571832748600475
0,0.37182936930777766
0,0.4781905672677346
0,0.12058407750633607
0,0.2873215620541933
1,0.6934562056751032
1,0.5408389420370796
0,0.3342061904743362
1,0.6479112489131761
1,0.6231153033002416
0,0.3992096530696258
0,0.3959963370432605
1,0.5925083733425685
0,0.11358574869013405
1,0.6613080194890908
0,0.3638708873195394
0,0.3698047054084698
1,0.5067536146662198
0,0.2999048082197878
0,0.37090735830414173
0,0.4452466240612219
0,0.2819213054656276
0,0.21149245154741678
1,0.5462914291908224
1,0.7471257588391412
1,0.7354973824681145
0,0.4363643743108516
1,0.6050780186699177
1,0.511497095518909
0,0.28151275351818045
0,0.49336856855735406
0,0.37800605771150275
0,0.4640752914541848
0,0.08111477787492642
1,0.8714749764338956
0,0.4853468774844388
0,0.16915660452754938
1,0.8044191275669871
0,0.4384497429593891
1,0.7700601054121715
0,0.43234174671078013
0,0.24728429254388717
1,0.7233980370619376
0,0.4498819211718437
0,0.3246636393476232
0,0.4472602654733238
0,0.3386482692625811
0,0.3436803488669208
0,0.4189604251140751
0,0.3145664196787512
0,0.2847989497137585
0,0.09892743088585783
1,0.5441984857013855
0,0.45854220644841215
0,0.3308225634304278
1,0.5861455310155853
0,0.36206933130778085
1,0.8000070086130653
0,0.48861709264737724
1,0.7020938050338669
1,0.6302402224618447
0,0.39872993878786217
0,0.3887012228180267
0,0.43507861049728197
1,0.5559484794140128
0,0.43385213112515764
0,0.4275090989552949
0,0.3807065831198104
0,0.41234649149558605
0,0.30092204651226157
0,0.41642406502920365
0,0.4686144790969319
0,0.26569840991377713
0,0.47190128047864727
0,0.3676134056662516
0,0.48924310263715987
1,0.6613300587309194
0,0.1193541780278645
0,0.3213128091009253
0,0.4649016225992513
1,0.5797205349470699
0,0.3360717922673109
0,0.3989461378681412
0,0.3814257550249414
1,0.5633518725284173
1,0.5187647417106853
0,0.375170366799313
0,0.3789250141686491
1,0.5022314766212052
1,0.5257099637950552
0,0.47424528666358656
0,0.47084005982346677
0,0.4658234025823354
0,0.08686920733830308
0,0.25408623140564096
1,0.6027681433548326
0,0.3199649454952534
0,0.4612414834988998
1,0.5792911597695796
0,0.09959735730465713
1,0.5314449785139064
0,0.48708129442863535
0,0.46717511129567013
1,0.623344088571433
0,0.39670809385288675
0,0.29744270214021756
0,0.06473325288430257
0,0.21001035295328005
1,0.798716719779971
1,0.511902994112183
0,0.3603936761977284
0,0.4464053303293801
0,0.1703444786288013
0,0.32077253834617264
0,0.36981023284711684
0,0.2381676473871774
1,0.5786206518898962
1,0.573750393165934
1,0.5910294707852011
0,0.49089628058953955
0,0.29122300714650695
1,0.7176024012831351
0,0.3436821070196894
1,0.709838692047096
0,0.30349635505526495
0,0.4820206345018718
1,0.6429853168536507
0,0.25852372747412194
0,0.4124621296841323
0,0.46317057776035164
0,0.31769942586098227
1,0.6785983262269168
0,0.3995571662999207
1,0.5406195569851404
0,0.1941611809271366
0,0.4758799042276755
1,0.7110507253472451
0,0.4589859504011506
1,0.5259665185978971
0,0.3889457181299739
0,0.3778138867443462
1,0.7005759865617505
1,0.5369003623694203
0,0.40103086977363095
0,0.47594095292501903
1,0.5887314464283294
1,0.646030928169474
1,0.5179590784299647
1,0.5586031142737463
1,0.7319658938124621
1,0.5317583393637981
0,0.4730221650045204
1,0.6523867933522995
0,0.2573532337291614
1,0.6435935576234738
0,0.3981392961323611
0,0.36497456431551145
0,0.21063754707657753
0,0.22223941161035227
1,0.6889904481920285
0,0.12772516888018265
0,0.41434658832491555
0,0.3888161273535727
0,0.3419119245743335
1,0.5045075717054712
0,0.0317886312442006
1,0.6391043872820003
0,0.30940455762874036
0,0.35188447671603595
1,0.6823431098475509
0,0.4828932647399949
1,0.5027855154201704
0,0.31418802249133115
0,0.498468750147252
0,0.48049326700376416
0,0.32068822217049986
1,0.5941273368233351
1,0.5968596174832418
0,0.3892499499719688
1,0.5234837934947796
0,0.4867378567675272
0,0.37332758053834497
1,0.512679548678268
1,0.5060227038947969
1,0.521865966976201
0,0.47867149138728593
1,0.5456152435665006
0,0.4324618441004963
0,0.3970663621950868
0,0.24123662688218753
0,0.38277608280898806
1,0.6704045467762352
0,0.1969376987536648
0,0.49184220295277636
0,0.47452661508235705
1,0.5060781142411239
0,0.21598064844158393
1,0.5741930751770532
1,0.5320843115631819
1,0.5518435247582613
0,0.30140044913647746
0,0.3262412332104298
1,0.6204144360378148
0,0.165543433310048
1,0.7473409425219456
1,0.6718947444628803
0,0.4881874954430168
0,0.29854012222704285
0,0.4079634435103134
0,0.44537436570911365
0,0.4965310458761062
1,0.7459556753907132
0,0.37713904564766715
1,0.5497840713332495
1,0.6279270235005484
1,0.5253683745644808
0,0.49717712098790307
1,0.648760388728203
0,0.3350071710870704
0,0.43229731098653384
0,0.25757908658582546
1,0.5064465920536627
0,0.2876435905878013
0,0.36313904168696026
1,0.6310868355360403
0,0.37419325491283856
0,0.4012302288162321
0,0.3212532743368669
1,0.5561823002219403
1,0.7896833275320982
0,0.44813582524228973
0,0.3780326588377121
0,0.4121305910973442
0,0.4367420091388728
0,0.4627351420612981
1,0.6989345012495546
1,0.5586760756869842
0,0.22848246650874146
0,0.49008651278091436
1,0.9720924840176918
0,0.459775773808678
1,0.7879418592850038
1,0.5431478920623581
0,0.4747776537287796
1,0.5727329272034182
1,0.5956621477473855
1,0.609881208646403
1,0.5465592171088125
1,0.5661173664772289
0,0.3577216910489331
0,0.30096165671822656
0,0.3376345807949608
1,0.5024643130933208
0,0.4400705465462204
0,0.37492985920066413
1,0.8115935428161615
0,0.3423885120779263
0,0.2590289067706004
1,0.5146938195865248
1,0.5954365943710613
0,0.31436938490051614
1,0.5730339461872404
1,0.699377464081002
0,0.28040055181342155
0,0.3719007766661889
1,0.6306575923425027
1,0.5434588717390575
0,0.3624387521066001
0,0.38172466386140935
1,0.6162762992760069
1,0.5476216127987168
0,0.19620697116903288
0,0.2626682641015396
0,0.4070447622040845
0,0.3170388402084677
0,0.463076359902688
0,0.491076301930886
0,0.45027204093966644
1,0.6397630794388894
1,0.5584660736407782
1,0.5434779355334457
0,0.23250161792135932
1,0.5546087026332207
0,0.4549837735384885
1,0.575950460324493
1,0.5051999669162976
0,0.43548477435814187
0,0.3090593722245313
0,0.48368688499049434
1,0.7330425959120016
1,0.721818228373904
0,0.4712364439951609
1,0.7791186313862852
0,0.4380126503808471
0,0.44826317205970967
0,0.3950781140979308
1,0.7155350440247027
0,0.2298562888954479
1,0.5474545298170315
0,0.48927855200316994
0,0.47841056818289074
0,0.3376210895479548
1,0.5697085338983798
0,0.43525751537941276
0,0.35900728707538004
1,0.6992255356336403
0,0.19691340632478918
1,0.5087873849037768
1,0.6722437231664697
0,0.47723203888709037
1,0.608896411590778
0,0.40076093111265637
1,0.7858603054032675
1,0.8553235726775863
1,0.504924549214755
0,0.3995774262388672
0,0.30523182704513796
0,0.48207475501548197
1,0.6019818975984238
1,0.5483966848025893
0,0.45595212671785057
0,0.44207010752168757
0,0.33412867651570904
1,0.6843002791409737
0,0.4156521652840703
0,0.38760055874307775
1,0.6004160564699659
0,0.2625206002057066
0,0.4919064910014496
1,0.6496692577935296
0,0.42021076462323476
0,0.30893619603326516
0,0.3314196270348236
1,0.7465160877788813
0,0.3102665187047912
0,0.306686650659976
0,0.4890476823016916
0,0.43850453124049854
1,0.6174464425161305
0,0.4064136870613331
0,0.47550978650721176
0,0.40032028343340986
1,0.5604391617636166
1,0.5047910477651595
0,0.3454941621086175
0,0.22609336074205166
0,0.32888483164357796
0,0.461847428020509
0,0.4035231913326114
1,0.6966794452008134
0,0.318232141918437
1,0.6409049709271515
0,0.4118926706409183
0,0.29551927132497
0,0.34022188789601854
1,0.6481030415139671
0,0.3519787058270007
0,0.47269047961633587
1,0.6982930128653715
0,0.02489205978778199
0,0.3787197728233798
0,0.2462100031290667
0,0.37304695307639096
1,0.612353491400281
0,0.49346344987658936
0,0.47715471915755847
0,0.3203121899158468
1,0.5598367420366364
1,0.6048884917307535
1,0.8014006670079306
0,0.4801325450732641
1,0.6103057983282348
1,0.5065887238241019
0,0.47069250165597476
0,0.21823209234054888
0,0.4953577776878428
0,0.3929851911399112
1,0.5412994008853829
0,0.3749841781061942
0,0.15994999733967127
0,0.28623018054731086
0,0.4280620230143909
0,0.3571817399832139
1,0.6109869488939029
1,0.6156255363763475
1,0.5224165548810326
0,0.3827382057504695
0,0.49644156443866183
1,0.713570132311454
0,0.4057218940190085
1,0.7930584387791773
1,0.5073386968357392
0,0.1760300686457218
1,0.6290628651453738
1,0.6253113840347764
1,0.5267067215015637
0,0.4019350813774385
0,0.17864474308382514
0,0.3169764306370087
1,0.6066478213350734
0,0.3607359789430327
0,0.36271617470229217
0,0.4403712074378696
0,0.18713068838915156
1,0.7667901597328912
0,0.16482353257038407
1,0.6452353782138901
1,0.5146838660948327
1,0.5338546291766733
0,0.3377830257850347
0,0.25321769139193534
1,0.7550071806732686
0,0.4127396827775461
0,0.44388369403173883
0,0.4476911912295129
0,0.2532865283940427
1,0.5459890066699296
1,0.5362245175592512
0,0.09387445165735425
0,0.41056214282376496
1,0.6165916090266219
1,0.5022547265005272
0,0.2869826852513166
0,0.33082783954671746
0,0.27542799000637286
0,0.4994657080072718
0,0.4561385040315669
1,0.5681105603808158
0,0.19908100980031895
0,0.3588641616179676
1,0.5244408621444059
0,0.09863107171844085
0,0.25024515507645684
0,0.38815317226517426
0,0.32844351104681957
1,0.5430594637951153
0,0.38183623648724907
0,0.36729772356497953
0,0.3396675737762278
0,0.35664769566994037
0,0.2128339299424177
0,0.48755250695505803
0,0.2592363892445565
0,0.46377251391192387
1,0.5456409518281099
0,0.47520829423685995
0,0.4765287972165447
0,0.4106829213307423
0,0.4507410002323495
0,0.4789061027490688
1,0.5316915720456338
0,0.39428168940572556
1,0.565365774373205
0,0.39170062048454574
1,0.6320498187476646
1,0.6471880252660911
0,0.14818055377471434
1,0.5818896782683318
1,0.693393724363723
0,0.47865228502705814
0,0.43467795386553143
0,0.4653696414280596
0,0.44476505884478595
0,0.49073125869660794
0,0.33293728222753116
0,0.43308176673787013
1,0.7726803436620113
0,0.10555071870137069
1,0.7137639690661732
0,0.3307255072133294
0,0.36339205864075236
1,0.531655449504618
1,0.541949253109868
0,0.49333963026154815
1,0.5456496694786952
0,0.14202936886730566
0,0.3665487045933489
1,0.5048560622656776
0,0.08258671805718275
1,0.5455764849403505
0,0.4836451030656655
1,0.5115652254153089
0,0.3227547122972486
0,0.4856752473957035
0,0.39703808327827994
0,0.2006397886653907
0,0.3622519483843855
1,0.5353205244194518
1,0.8075887720841123
0,0.22292727537146714
0,0.25966534821986953
0,0.36785355914073903
0,0.3405429348528821
0,0.3308267516831955
0,0.3842179864473681
1,0.6406899244583858
1,0.6451690545453033
0,0.33551852928787645
0,0.3729655802758813
1,0.6145426062196281
0,0.3784922187043923
0,0.3538613305729879
0,0.3222514488249227
0,0.10550469160485168
0,0.15030178069356112
0,0.444952376852217
0,0.28771447906894626
0,0.27071023604229055
1,0.7507667556793645
1,0.5719328977146771
1,0.5044751319845451
1,0.6114983109093647
0,0.4863636405502918
0,0.319690841137774
0,0.4075387381142958
0,0.2975796582605551
0,0.21920614227819185
0,0.40350748160074634
0,0.3014767097447627
0,0.2821610073185717
0,0.38842959827779955
0,0.4500144269882752
0,0.3684967205860754
0,0.24991131356560994
0,0.2986834398522721
0,0.35275607805309617
0,0.40872983923056067
0,0.12087286572985653
1,0.5082651651981448
0,0.1398935418677702
0,0.11196006786800945
1,0.7884201555303054
1,0.5640985857587455
0,0.2555191697727883
1,0.5158495328196614
0,0.46745545311689607
1,0.6276944696959919
1,0.5380324397543268
1,0.565884700640135
1,0.6672520275583141
0,0.42540243756252205
1,0.5335817652355742
0,0.25303593549746206
0,0.4180378159020955
0,0.4456923239853651
1,0.5834932480329861
0,0.23804119197549375
0,0.21162301131157135
0,0.38978521052953835
0,0.46374117710331375
1,0.7304264227072601
0,0.4878659291096312
0,0.2754695001873971
0,0.15231556439476696
0,0.43896579695134214
1,0.6385615327768894
1,0.6771739513639448
0,0.44549713100028704
0,0.15365502410334309
0,0.49628258530600294
1,0.6164539299439612
0,0.43213679952173856
0,0.3638679261477262
1,0.5013072786522371
0,0.3319949163772741
0,0.3133717005036671
0,0.42499772871297964
0,0.497433960288213
1,0.6782389254990325
0,0.3122701481886582
0,0.16686376268451455
0,0.23443840339832162
0,0.3731372324622306
0,0.43925952915262995
1,0.6565298365595802
1,0.7153934776594829
0,0.4716956085112916
0,0.43201566840133104
0,0.44368489350406265
1,0.5603302616753153
0,0.4208506530064028
0,0.2808648004335045
0,0.37024971907173104
0,0.46999222595681217
1,0.6653902839318778
0,0.2609756409799115
0,0.4236626331312153
0,0.36708666582521976
0,0.4087271115647443
0,0.44685148686681514
0,0.4956879596633048
0,0.1693182724163549
0,0.45441416118394407
1,0.5423159859751981
0,0.4117193195965068
0,0.322197421124042
0,0.3904378935825832
0,0.3983481950907331
0,0.38427906708917536
1,0.6939801025053018
1,0.5093407425190503
0,0.17994746238622103
1,0.5757069087135296
0,0.46689066843730026
0,0.34718407499093756
0,0.4215991118554593
1,0.5063225574579631
0,0.45476293416304764
1,0.5594728390182665
0,0.3607447797620809
0,0.2906854102091841
0,0.3292384146936939
0,0.4230141722740235
0,0.16900494392630083
1,0.7986473688018347
0,0.3753329088480329
1,0.6433059611059118
0,0.2536115134473874
0,0.31148088820030245
1,0.6783066569070014
1,0.6896977597920997
1,0.6887274798666281
0,0.23640118017768935
0,0.4847832031841831
0,0.3257924869313897
1,0.5197351578960867
0,0.4458672778461281
0,0.3883552257837837
1,0.6040932009304848
0,0.4678187930595647
0,0.3185931775391757
1,0.523520748909942
0,0.3822408680821499
1,0.7742604909546568
1,0.5241845065871419
0,0.48828228243023736
0,0.3999250889175283
0,0.4648925863545102
0,0.4199832407562171
1,0.5606339038721657
0,0.484486791086637
0,0.44489056700412943
1,0.5393507290372753
1,0.6980245709624872
1,0.5168822910047794
0,0.3842778189345483
0,0.36611554502942173
1,0.5743980209147449
0,0.12859437170326565
1,0.5329400647448288
0,0.46389143647476305
0,0.17549482095647934
1,0.5029493676423751
0,0.31453250504461017
0,0.10590474023749058
1,0.6395374785686868
1,0.5481523527993304
1,0.5196220105297141
0,0.36914496370689215
1,0.8162947202409353
0,0.29960199436041496
1,0.7083799675714637
1,0.7572727999813095
0,0.4818873573416787
0,0.22863593735556567
0,0.3745965010501031
1,0.7760851157335075
0,0.4739121123679128
0,0.45489177634920724
0,0.4857645682298813
0,0.35732975937219436
1,0.6806100052986449
0,0.3126304410031547
1,0.6467124456478863
0,0.33310602571962833
0,0.4144352857914421
1,0.5557549474403919
1,0.5303976329227512
1,0.5332475791255046
1,0.5067207818542665
0,0.3365584096220894
0,0.40615926792654466
1,0.5322628524037502
0,0.3080676412407153
0,0.3926776187950654
0,0.2673928543130133
1,0.5413720139430617
0,0.3719322853453409
0,0.2566179788689916
1,0.5839630196433558
0,0.4595430939224616
0,0.32749101301885425
0,0.4011289047309798
1,0.5378238521558643
0,0.23925719507090076
0,0.3999047915530928
0,0.31078090533332375
1,0.554002158593977
0,0.36328009682793727
1,0.6706300218688164
1,0.6229467784102228
1,0.54086763952043
0,0.3881996190424318
0,0.48732421168254814
1,0.5756067639470058
1,0.5366897971858847
0,0.30665788442457687
0,0.49019847359584534
1,0.5066315634745825
0,0.45359752651851776
0,0.48713381373270215
1,0.7751657441647498
0,0.12052364282373833
1,0.6008390516723967
1,0.5281894551965237
0,0.3228864176512382
1,0.7450073498353614
0,0.42819510306961805
1,0.5593362968596507
1,0.5716345562310835
1,0.7322893806747958
0,0.34261773988414423
1,0.5953554713782678
0,0.37606813481172524
0,0.3424132784622574
1,0.5306756459059585
0,0.4879333621367935
0,0.4211935276642865
0,0.34969720308303515
1,0.5042651007787244
0,0.2576374914566192
0,0.3974830911132738
0,0.28483004970181264
1,0.6223718121233602
0,0.37165214391552476
1,0.5564323610632953
1,0.5225952507805629
0,0.131086069310396
0,0.2808811172292183
0,0.3715083050268477
0,0.24940447863734672
0,0.2297288448993941
0,0.4657381189416192
0,0.46203035096779216
1,0.7112416202196619
0,0.35841606858086333
0,0.44120137379572816
1,0.678573812427669
1,0.571654534186521
0,0.0985143093709825
0,0.2768730590987488
0,0.3670685987529863
0,0.4811368247083381
0,0.4623926756841504
0,0.46060963221711165
1,0.693960382644845
1,0.5133290525240063
0,0.4082036212532869
0,0.4153633204592313
0,0.43315709649017187
0,0.4298705000857423
0,0.26083600247922684
1,0.526633639188427
0,0.3035332200687758
1,0.6198027202287079
0,0.16933572522695736
1,0.8344563362119316
1,0.5154745691284405
1,0.6090451695158665
0,0.22693674919124382
1,0.6508712878626197
0,0.3200756070216627
1,0.535374368429528
0,0.27526383584259356
1,0.6421850231403657
0,0.3351765522023086
0,0.13811129283640458
0,0.4417360386399966
1,0.660924272875795
0,0.2639218779388697
1,0.549355534093034
0,0.22415522945141664
1,0.5540918704209438
0,0.25520357786738346
1,0.6373248923607875
1,0.5162675304528977
1,0.5649391588690309
0,0.27819225949826526
0,0.3565057293706547
0,0.44669569492214417
1,0.629279003691178
1,0.7994881864019925
1,0.5022696949707018
1,0.8446401758341381
1,0.5403156936250394
1,0.5075709884476591
0,0.4743612821290937
0,0.35726440796149916
1,0.5025737610248152
0,0.36111521154434395
1,0.8993700150007433
0,0.41106508128656205
0,0.22961602542654064
1,0.5108789789890414
0,0.3451871438031452
1,0.7014892804998615
1,0.6025115818725424
0,0.3969591249621638
0,0.41989884935828486
1,0.722099285852593
1,0.644575993194311
1,0.5920194016632285
0,0.32082339313839964
0,0.31511491581313167
0,0.24389561027107573
1,0.5605037926415793
1,0.511758372537104
1,0.8902964026557907
0,0.16809914793212227
0,0.25304241317092063
0,0.407054070016832
0,0.40508879043204504
0,0.41969196123419744
0,0.4528507993007382
0,0.011265757461393303
0,0.4803511975582713
0,0.3093632935060121
1,0.6650741099070916
1,0.5475244926820256
0,0.41842712683406713
0,0.45638743682929395
1,0.6246473280275263
0,0.49324777614531456
0,0.29230812216414337
1,0.5668496302627998
0,0.4454923751477944
1,0.7657895516742154
0,0.380563068055998
0,0.3413936044608302
1,0.6838396043498777
0,0.4078959061999124
1,0.8227315290070499
0,0.45892707108471226
0,0.4766115116991387
0,0.35278861694272645
0,0.4870099215571075
1,0.5218727881559164
0,0.19821781022307525
0,0.405270101107208
0,0.27922319758497827
0,0.4060079880576268
0,0.23047641582884001
0,0.44867086337392975
0,0.3095786674127785
0,0.38124332106851644
0,0.0931573723463115
0,0.28962662375387765
0,0.34245898207661385
0,0.49221347703921436
0,0.2723398416232304
1,0.5923324789604368
1,0.7312445107822684
1,0.5424549031260054
1,0.5633471496187479
1,0.5851534902347469
1,0.5060649935525972
0,0.4033241814958313
1,0.5081569739860734
0,0.10045223807809027
0,0.3210020256260594
1,0.6368837531768702
0,0.3355173499828084
0,0.2365050894073924
1,0.7113443834757571
0,0.35644816717024513
0,0.20179499874151488
0,0.41316981808115794
0,0.29501027539490604
0,0.4414786848493738
0,0.23926754405729006
0,0.29791895380099714
1,0.8498835960691533
0,0.4367498216797831
0,0.2958809770594464
0,0.49296647959854417
1,0.6017462647441341
1,0.6404794301165243
0,0.21395047164969466
1,0.5053558360005599
1,0.5979703397734041
0,0.26202013486605913
1,0.689157609323057
0,0.19294245925752063
0,0.44516205102730294
0,0.42753381508132055
1,0.5728579561418579
1,0.7771463299041554
0,0.4398032851954371
0,0.36513013521639226
1,0.611364930722308
0,0.37509604166847615
1,0.5738444523082851
0,0.4378779636360912
1,0.5852104350407201
1,0.5318525987751733
0,0.4447886259717081
0,0.18352359720847572
0,0.3196882719970539
0,0.4640356009814218
1,0.5546455336624456
1,0.6701929747249181
0,0.23619858681534664
0,0.062328791728578595
0,0.19077435791963984
1,0.6119559306178417
1,0.6929296071088991
0,0.38299480120605783
0,0.40399469331604904
1,0.5192695672685922
1,0.6448522380929235
0,0.41925889320208787
0,0.2968216801586806
0,0.1925354155657931
0,0.4210164011452632
1,0.5387458832151671
0,0.3884032550076158
0,0.4827522987210828
0,0.4623544340120244
1,0.5225392355295168
0,0.37834476821305446
0,0.35658074896370867
0,0.4216669474944598
0,0.10490892603346745
0,0.45550456498574027
0,0.436211373539584
1,0.6028999753036057
1,0.5889018072012192
0,0.10514286314753807
0,0.39337792673250294
0,0.3445232980390925
0,0.3616856060990881
1,0.7349024628951139
1,0.5751364208946697
0,0.4783143288212612
1,0.6480881845241326
1,0.6439915507784442
0,0.24519172890576604
0,0.4644911227754459
1,0.800240289057847
0,0.3573848740765141
0,0.3536879971411562
1,0.5234289904052227
1,0.6019371946027413
0,0.3991801766497437
0,0.4900254728018577
1,0.5229864086553757
1,0.6901634161894562
0,0.43131275109226513
1,0.6737488175747358
0,0.39781769600144506
0,0.39423747054938474
0,0.43799199231816194
0,0.2715914328618344
0,0.15771118785262
0,0.3538769287733648
0,0.3562978842695055
0,0.27523770373128187
1,0.5345446523516436
1,0.823215414531633
1,0.6624368207001562
0,0.3565851130136887
1,0.590866711799579
0,0.4678122633526259
1,0.5610225559718576
0,0.28567099250957056
1,0.5275713207474151
0,0.08740823090825456
0,0.27468281404037564
0,0.3544785096073071
0,0.12446436369575083
0,0.34621723774281615
0,0.47772321077647617
0,0.48822800242809794
0,0.11777364850285255
0,0.3823703179389021
1,0.6334359426730676
0,0.47855595930634737
1,0.6964677206691815
1,0.5257009999066748
0,0.4314697335140248
0,0.48060734915898423
1,0.5869246512328056
0,0.3709385557663882
0,0.4769028929846851
1,0.667081845986951
1,0.7630391959898236
1,0.5238266775943102
0,0.4574058809392204
1,0.5249681106436771
0,0.4173439730294761
0,0.41186651586900475
1,0.5793283716831839
0,0.46164014768628414
1,0.5944818471676365
0,0.47068195727478357
1,0.5446579514540841
0,0.3676141943605621
0,0.3893723402648402
0,0.49918821130995217
1,0.7484550237130002
0,0.33232337976702503
1,0.5552205492901584
1,0.7911980061941833
0,0.2660158943799655
0,0.29348603425588143
0,0.4882889164652601
0,0.19211490202173986
0,0.18138359832358553
0,0.3766053384784403
1,0.8304671148798206
0,0.4804216299395799
1,0.7130214418587617
1,0.6735489831194329
0,0.394529945493466
0,0.3911268274565361
0,0.35052671524194357
0,0.2689324830647256
1,0.5628784206610253
1,0.514382001285548
1,0.6176347938449666
0,0.4262650126046589
0,0.4970932792642075
0,0.3189277622294808
1,0.5428572836805462
0,0.4093993197799608
1,0.5104451403786198
0,0.45775968031603637
1,0.578363195734696
1,0.765690703093513
0,0.04120946642884194
1,0.6682176557675007
0,0.4437805817576072
0,0.28427374281549017
1,0.5935867521509912
1,0.5707246784828375
1,0.6142691864947692
0,0.4083493517765581
0,0.38905696616442775
0,0.4647194957373349
0,0.20206754699032478
0,0.4582369606105676
0,0.4179947079673715
0,0.4858128862402869
0,0.30827171856414
0,0.3836826614968209
0,0.19051674628171544
0,0.39926163694227684
0,0.20713975736625773
0,0.2886771704704761
0,0.22562422482316613
0,0.4348983079381256
1,0.6413907756392999
0,0.1873293468631135
0,0.49783515709069087
0,0.29714341926115
1,0.5237387263951512
1,0.5042108273104006
0,0.30733063882963735
1,0.9703902913282955
1,0.6783677908582235
0,0.42486179904059523
1,0.5672370798723154
1,0.5254462384459365
1,0.6291113645374031
0,0.37869065629599324
0,0.2332481501279151
0,0.41892897361902154
0,0.40894186157943596
1,0.5251849814154699
0,0.34357431965963864
0,0.157142970245672
1,0.5150239483213459
0,0.4368848003146519
0,0.3928089702023697
0,0.3004825991351491
0,0.3765449018458736
0,0.3766330459983419
1,0.5074293516410319
0,0.4204165103624876
0,0.4836135861897783
0,0.4664697682180594
0,0.4766472999722353
1,0.7888765831292661
0,0.30275583807627005
0,0.25648587621692065
0,0.41339318290991345
0,0.4867784923067993
0,0.446077960636135
1,0.7087653884698116
0,0.43010751274262876
0,0.4723088179414128
0,0.37666146254394645
0,0.35239628710247534
0,0.23945372113102192
1,0.6319050437672503
0,0.2527103718061365
0,0.48616234502342254
0,0.38653138145505495
1,0.6808296863236188
0,0.40421497255203276
0,0.4847060813810366
1,0.6646422778149711
0,0.4773144177647888
0,0.27291152510046934
0,0.487292088033531
0,0.4411624870444912
0,0.2263989661192278
1,0.5661293819929808
0,0.43988687871923016
1,0.5231816016386676
0,0.43869657892922825
0,0.3367721512129078
0,0.40585674305447406
1,0.6954547007340687
1,0.6810692575201949
0,0.3777637321883356
0,0.16107908707892288
0,0.42292951320217637
0,0.38135428550205036
0,0.3354318694808441
0,0.39730495652960607
0,0.39145090380317565
0,0.42099757779107155
0,0.3420109318446524
0,0.21177668911045552
0,0.35176143088658973
0,0.46113038377356025
1,0.7404010222672232
0,0.4767187552024036
0,0.4106756528042885
0,0.4963778807980126
1,0.5466913144748838
0,0.4914487434759228
1,0.5402864493338378
0,0.14366447324620255
1,0.7063119737918138
0,0.2977060543107512
1,0.6183854622219233
0,0.4987943314469976
1,0.5904171802746814
0,0.4246358937616496
1,0.6709723054111766
0,0.4714113016713744
0,0.3998612695263367
1,0.5173743557661838
1,0.5238232718038551
1,0.6033346868231136
0,0.07590678265415149
0,0.3492635607659618
0,0.34059111135425624
1,0.6625100440469259
0,0.31372125882222596
0,0.3991565628416407
1,0.5581753694193792
1,0.6338831458722497
1,0.5590421096471726
0,0.44605439276021186
0,0.33189113206842064
0,0.47431951051470206
0,0.41156362895169385
0,0.2926306276412029
1,0.5812353216811827
1,0.5809383307826899
1,0.5146245559783037
1,0.7337566424078361
1,0.6007854522248911
0,0.4616400376948566
0,0.16002723040681668
0,0.4405032297163717
1,0.6254456895631371
0,0.26893621830767006
1,0.5333704193331094
0,0.3363592679479087
1,0.7579337406930088
1,0.6392796157003624
1,0.5158872850389709
0,0.4999878481531484
0,0.3777432702550457
1,0.5367093608421891
1,0.5295795974105869
0,0.41076621475287967
1,0.6225165618401726
0,0.37583326446741194
1,0.545264977725041
0,0.4051313130717031
0,0.4282226600051295
1,0.6598363193944518
0,0.40082508135765704
1,0.6904926618096138
1,0.5571516975793767
0,0.28444421679505527
0,0.40226843848153715
0,0.4219101564652224
1,0.6579403663605979
0,0.3244735806483716
0,0.4243777366123978
0,0.2950800653303463
1,0.5563934278871591
0,0.31420644977171425
1,0.6726154457105195
0,0.4342195576312459
1,0.6048334676281875
0,0.22468994349378818
1,0.5231260137095656
0,0.23781508172009752
1,0.7089553714590673
0,0.21310599566428734
0,0.3831473487223308
1,0.5512224016484089
0,0.37683444074011097
0,0.3538751462585086
0,0.4429672514286012
0,0.3295193107257626
0,0.3097582424594866
1,0.5247926878328439
1,0.6071619171684429
0,0.4027422041994451
0,0.3221308355309467
0,0.42079771680853423
0,0.4053153264765632
1,0.6775178902843738
0,0.29731322215499884
0,0.24814223364077947
1,0.6200093646737941
1,0.7080865722640859
0,0.3826422416242839
0,0.4532389381732586
1,0.5065885644627668
0,0.3118759596105347
1,0.6723707157691591
1,0.5656925331587573
1,0.5079706712683926
1,0.6745306630315557
0,0.4877193148635448
0,0.3532257713282497
0,0.08017606894296561
0,0.35609964208458655
0,0.31765682616245305
0,0.26090955889227474
0,0.34066630991098085
0,0.3869378768148016
0,0.32832812433503933
1,0.6191651715695906
1,0.5177127146348285
0,0.4597219174931742
0,0.25693529086244116
0,0.32828952954571156
0,0.49477048030142895
0,0.4838679690791183
0,0.47496291027091336
1,0.5184486724707524
0,0.45622533420539024
0,0.45235908822000775
0,0.36987695507011725
0,0.16775404459115112
1,0.667068309421027
1,0.5354868937145287
1,0.5813772788570868
0,0.4691222927278236
0,0.36398865913338585
1,0.5348375474081173
1,0.5801169930462844
0,0.39643445426358076
0,0.1595445799219867
0,0.22923856803057965
0,0.46369350291925926
0,0.41801492311839866
0,0.23213659184970734
1,0.5849116237729451
0,0.3406818976637162
1,0.6888344701246104
1,0.6160526787836367
0,0.36357157896354747
0,0.23134772773504675
1,0.7243842356326137
0,0.373536439645172
0,0.29761117755776645
1,0.5112494846931914
0,0.368887938966488
1,0.5252683129237505
0,0.25489485512890064
0,0.42413716607973523
1,0.5372206022371171
1,0.5326547608898493
0,0.4857347235238665
1,0.5900500100712381
0,0.49004509099597154
1,0.7678058270802256
0,0.47028460728341426
1,0.7533499147038252
1,0.5673138560054352
0,0.3835622450334609
0,0.32244214787718684
0,0.24147742643545678
0,0.33956648627794994
1,0.683903016749176
1,0.5112073144501732
1,0.5083535378271745
0,0.17790447606193452
0,0.4337548359825472
1,0.5998256122025883
0,0.1071359583674191
0,0.4977720863621993
1,0.8669143348525032
0,0.31584859719883734
0,0.45121105042563103
0,0.28735364343516395
0,0.42215371177246985
0,0.4086798303009923
1,0.661309738672381
0,0.3876760910650186
0,0.4348657097326886
1,0.5481834591485415
0,0.3612769899974403
0,0.1983775516088795
0,0.38263187784445885
1,0.5311450140451641
1,0.5819454028571794
0,0.23818272217739703
0,0.3764185771278911
0,0.41097402165434976
0,0.2478973984353463
0,0.14311109227711907
1,0.6559068641317736
1,0.7069872572118991
0,0.40012599301023316
1,0.5470161907340046
0,0.29746889486394845
1,0.7780183706210867
0,0.468823437432193
1,0.5762733576193566
1,0.8680576239209006
1,0.516365386655887
0,0.3860306056682092
0,0.42896333487920624
0,0.3721488773802542
0,0.4918281276666017
0,0.36248835627627596
0,0.3164615814056632
0,0.381485854418503
1,0.5567543846911864
0,0.2702003657094037
0,0.4348198272820371
0,0.38322016492783206
1,0.6447011385633068
0,0.287390593685237
1,0.661936800264872
0,0.3057180299369161
0,0.35937199265516667
0,0.3160759167213844
0,0.375961826626718
0,0.29885352426730977
0,0.3919059860230218
0,0.3817820045314342
0,0.4837448888328179
1,0.5223455336376536
0,0.4375606466087788
0,0.43721245940006415
1,0.705174888241162
0,0.36004008801139237
0,0.3429762186150457
0,0.4584761141409131
0,0.2994426188793415
1,0.6026364367739868
0,0.3221037145407232
1,0.5492376188449443
1,0.662604176193727
1,0.5969559153278615
1,0.578470468967717
1,0.7006893006329188
0,0.43316459462710055
0,0.26985335451535997
0,0.3030052081001126
0,0.17663917517162814
1,0.6891170881217621
0,0.21350823963618737
1,0.5671842294531639
0,0.31631839962106223
0,0.34710932129955463
0,0.21323636522515912
0,0.3767676335895069
0,0.3405993082430984
0,0.15028928081423604
0,0.3415286654798588
0,0.06732463003252162
0,0.3855358143674703
1,0.5720659271652413
0,0.4276653076520063
1,0.6571723165557061
0,0.45111438373360435
0,0.40788433453006656
1,0.6212276287869047
0,0.3815026485018815
0,0.44655444398370076
1,0.586427972719398
1,0.542587975761911
0,0.3226149200194338
0,0.37408786240843594
0,0.40426372227266943
1,0.819619959084882
0,0.3294410225987874
0,0.40257467927164625
1,0.7554849334735692
1,0.5386426504412292
0,0.41475318021426255
1,0.6226363088129347
0,0.36379534112232653
0,0.41954326383716484
0,0.23062946546011945
1,0.5021942390666968
0,0.33404968094430326
0,0.423468070391441
1,0.6088409494041018
1,0.5456822660009232
0,0.40540374579537536
0,0.45843210322533057
0,0.48716655544897436
1,0.5827386560223252
0,0.42440985635790607
0,0.42233592569719675
0,0.43670262190224657
0,0.42714072115481955
0,0.12195058447686385
1,0.5711657524052474
1,0.5876899649335948
0,0.07328451215776621
0,0.3688679795482363
0,0.39125049524469097
0,0.31545782045451054
0,0.2558299525402709
1,0.558719761320194
0,0.3589703913547398
1,0.5311340310021339
1,0.8984935980136299
0,0.45218578649540037
0,0.47733606033953413
1,0.6320039360440843
0,0.4787156583765674
0,0.2832764506360782
1,0.5274999311267005
0,0.3548308606375842
1,0.6034730340445162
1,0.6833812523346859
0,0.4685359197617801
0,0.357473674575712
0,0.2698633336929476
0,0.44473208634103056
1,0.874980465683134
0,0.16339167876292493
1,0.5218782733158577
1,0.5982312166484403
0,0.1560061653600142
0,0.35817797989122435
0,0.470676157977313
0,0.33553791505715297
0,0.4954800462390635
0,0.4913096869606001
0,0.21586979840408094
0,0.2846341269033302
0,0.21199654543311233
0,0.4525239806004434
0,0.23719891564673287
1,0.515504213614682
0,0.43150247713856793
0,0.4538113367561077
0,0.37481600032503753
0,0.3479152607529786
0,0.4182046724137982
1,0.5241599371305147
0,0.40908408103506
0,0.4015521582634928
0,0.3382923320512313
0,0.31948093591307325
0,0.26711437221757434
0,0.2508746417484124
1,0.5230773592580611
1,0.6530328783639586
0,0.4734142589741157
1,0.6567381049227508
0,0.3954566610775568
0,0.47872250255314647
1,0.6104623425396085
0,0.4252686661345681
0,0.4411001534980241
0,0.48047064942764817
0,0.3600502501343242
1,0.6699497281301361
1,0.5663723930371108
0,0.31384020980345606
1,0.6486967823172435
1,0.5312700802199317
0,0.4194206627095942
0,0.45710272767216953
0,0.3951336941104354
0,0.4106279043501636
1,0.58719662000092
1,0.9812553838612741
1,0.5211845180023109
0,0.2639935175511535
1,0.5312373369805709
1,0.5221182705454605
0,0.4679447057281486
1,0.734057607292591
1,0.6213188159554698
0,0.31202467265948547
1,0.6312632485667844
0,0.2783081573805849
0,0.4307747329854621
0,0.38729466893205033
1,0.7728406706598335
1,0.5834697390772706
1,0.5775177376194263
0,0.47319366432628757
0,0.4048810690602302
0,0.3153626327300643
0,0.31066603617319777
0,0.30284383897184763
0,0.33074680006596197
0,0.3559604842676778
1,0.6019853648927967
0,0.40521380002449525
0,0.2935106219593227
0,0.1841487727359129
0,0.42995957654413114
0,0.40698125500069726
0,0.28939685394242903
0,0.36458751482360263
0,0.36608773072288625
1,0.5596433107288282
1,0.5217839413567362
1,0.5039472836315465
1,0.510386378465651
0,0.4444902175038275
0,0.4917622397003958
1,0.5978529493993259
0,0.44700101249923585
0,0.317099918331274
1,0.6710290229588078
0,0.43935530880371654
1,0.6572129050911371
1,0.5893753532680813
0,0.27331090333310504
0,0.47613177483771446
0,0.34738977240105184
1,0.6796873464578426
0,0.3792369002704085
0,0.05631834112241422
1,0.8102064150379471
0,0.3705151817665092
0,0.2642829534657962
0,0.4037695803010065
0,0.4023921796811731
0,0.33187807908169
1,0.9767061836587179
0,0.16717634728822325
1,0.5242028147257832
0,0.26115270868916307
0,0.34401578518354803
0,0.29867162917438356
0,0.454513887710721
1,0.568930706310786
0,0.40872282900005735
0,0.4740481622499587
0,0.43152189120329765
1,0.8509494058232245
1,0.718270866855529
0,0.42051733155642385
0,0.2865572981000795
0,0.39505443178197097
0,0.35214117962731983
1,0.5073104361355945
1,0.608922233790974
0,0.3322734268749061
1,0.5585032356132524
0,0.36048246895231123
0,0.26583966837102563
0,0.4591946452092198
0,0.43748541047536543
0,0.30587237977288384
0,0.2665849339824352
0,0.4438722271312633
0,0.42288957931475923
0,0.3696530119551516
0,0.17426608117197198
0,0.3588478730086004
1,0.6965564686546797
0,0.18832846314891896
0,0.400661589979199
0,0.45958667333107406
1,0.7069954840478956
0,0.37011602002274474
1,0.5314087571457294
0,0.3938078902986956
0,0.3789182916815602
0,0.3761947302125092
1,0.6098306538548196
1,0.6477952875888966
0,0.4126379286239261
0,0.41552904431313387
1,0.6363578684211346
1,0.6930146945073011
0,0.4010599536223491
0,0.4041725029351215
1,0.772906409484441
1,0.6520719602405223
1,0.7332156354387588
0,0.41391461730944
0,0.2812560338328347
1,0.5761683487501443
0,0.45016340479732725
0,0.28756965446797056
0,0.4880689753410746
0,0.4252265911278119
0,0.224324244804813
1,0.5994305864167894
0,0.3381481928983507
0,0.013543987543565107
0,0.3323681061213098
1,0.6636032459506842
0,0.460768598349247
0,0.48080585851835916
0,0.13241683241434302
0,0.3392747928026727
0,0.17202171526250043
1,0.5806480369522511
0,0.34940019005557865
0,0.30994586531155444
1,0.6030547842927217
1,0.7037833478232812
1,0.589621681018993
1,0.6242648179810214
0,0.49403619408470983
0,0.39853869872491465
0,0.4718998778013398
0,0.48243921411665175
1,0.8018264883361306
0,0.4851232959341453
0,0.4794792054491913
0,0.487690828513606
0,0.4006083231432263
0,0.4431932088884561
0,0.41415940851736854
1,0.5864795302668787
0,0.3033478179677427
0,0.4351301098605228
0,0.32206012640757953
0,0.3939455423988371
0,0.30545941401504745
0,0.2376542288796604
0,0.45288461583634654
1,0.5493662219603836
0,0.2915310450973098
1,0.6696652074751233
1,0.6840246259052464
0,0.4868008373966402
1,0.600183891337792
0,0.4450761432426205
0,0.14846799379702355
0,0.33330029873515826
0,0.4961275448535884
0,0.22937833094717505
1,0.5676397227614077
0,0.29273288356926463
1,0.6347687515368785
1,0.5659570363487254
0,0.45671239875393804
0,0.330587647236283
1,0.6397762882753425
0,0.3809613696269636
0,0.3661855352748816
1,0.5049099259413335
0,0.4182309153140762
0,0.44709377500630293
1,0.5355513460716927
0,0.39456274191426305
0,0.4300582256129266
1,0.5466944877410874
1,0.9721701419228947
0,0.35385231993502086
0,0.24081934308262026
1,0.5917620102982724
1,0.608352984999821
0,0.2502574998064584
1,0.5171139956501956
1,0.5619671621190792
1,0.6789851293761425
0,0.42135881365728745
1,0.5482750294427002
1,0.5617365884457117
1,0.6249739413123668
0,0.34778831174762453
0,0.4526951713468549
1,0.5594017966796537
1,0.6693706875388552
0,0.44257032441940425
0,0.3771287301780396
0,0.3532362810016158
0,0.40304177230478505
0,0.3675258688243946
1,0.8994601289497351
1,0.5564423087052635
1,0.69166865289859
1,0.5735767080237868
0,0.16936845914691268
1,0.5488621914054199
1,0.5531255629983655
0,0.31911408600670765
0,0.22253810372994098
0,0.4684091581156619
0,0.4363121024868731
0,0.4984557055024722
1,0.5970980154312885
1,0.8340610787516555
1,0.6602800495821658
0,0.39518292203432337
0,0.308466055598959
0,0.3115617940790504
0,0.4530611051860144
0,0.30326646175684274
0,0.4253686788135609
0,0.37958208702099067
0,0.4820947301895609
0,0.29454177474045956
1,0.5835360740993918
0,0.35732792191679147
1,0.6563059643055845
0,0.23295911127407545
0,0.38746020345678067
0,0.37492983112313555
1,0.8218121237127084
1,0.6563564909542134
1,0.6416047197054898
1,0.5668896361951615
0,0.45367297373648324
0,0.45977197734558695
1,0.7031515646479619
0,0.30478860416943915
1,0.7148804681685874
0,0.471668779456752
1,0.551048904779493
0,0.4280335434472148
0,0.42254572362320963
0,0.41971776098676833
0,0.4422678121540176
1,0.5782401081140349
0,0.08418137274265763
1,0.5918082717444564
1,0.841187308006588
1,0.5248970204294481
1,0.5334745595117997
1,0.6738278413758169
0,0.29755328865844116
0,0.21048345170145188
0,0.3003131245123946
0,0.28398109172324976
0,0.354752184575265
1,0.7696118882281588
0,0.3734850088584533
0,0.3867270230268133
0,0.3215925646614089
1,0.5619782622814156
0,0.2908164758992258
1,0.5003575669556025
0,0.41052078516774987
0,0.10992195070654467
1,0.5215388709734076
0,0.38799465848117903
0,0.4198735144612018
1,0.6904412817672693
0,0.3666884146866383
0,0.22091289356896734
0,0.44703095088566164
1,0.7796947479362257
0,0.4604647854495098
0,0.4477327087531195
0,0.3122250024265783
0,0.3784339501262222
0,0.372403597543968
0,0.4405732992829603
0,0.48354285695919424
1,0.6139362031516367
0,0.46474823302966084
0,0.3689131843468656
1,0.6050908551602341
1,0.5072738534830583
0,0.4366076867760186
0,0.34622356608903737
0,0.41052389415072993
1,0.5865334310843343
0,0.3741677141321251
1,0.597406794060818
1,0.7171420040643197
0,0.23309174039110947
0,0.391023992871089
0,0.40077345692486627
0,0.28370725004646213
1,0.6015821733281876
0,0.272647132194569
1,0.5331944127290519
1,0.5086545543911264
1,0.5284425026995087
1,0.5675393746232367
0,0.18706528052101898
0,0.3209779369623186
0,0.4627486871127622
0,0.29404771275463937
0,0.39714526275785744
1,0.640209917496067
0,0.41372562798109574
0,0.3363616882073617
1,0.5437202087733143
1,0.5275276372521057
0,0.4302965511113139
1,0.5185160148565995
1,0.5477513575233736
0,0.113782989268607
0,0.31899923878675096
0,0.4789436926282157
0,0.16299960694021062
1,0.5108450498335526
1,0.5801657720962466
0,0.48875173925586113
0,0.37956485211180596
0,0.32133383801771637
1,0.6094356745267735
1,0.5819636154409792
1,0.5221004759512003
1,0.6006105839156611
0,0.4877073291259226
1,0.664150852977222
0,0.2774208892792671
0,0.31458299434395454
0,0.2820183652006145
1,0.5387059861528419
1,0.5293977986370653
1,0.6216918888378823
1,0.8005496049450797
0,0.4172234393239274
1,0.5409745827403757
0,0.4689983209173843
1,0.5308903152975802
0,0.4994787721819874
1,0.508097395053298
1,0.5747900931884937
0,0.45819451328427097
0,0.3143709053957731
0,0.3187749295437499
1,0.6602223750434605
0,0.10902801443010236
1,0.5926949162008397
0,0.4942197058621367
0,0.25389145273046143
1,0.524531096300274
1,0.5326325337705023
1,0.7302615540989971
1,0.538525505914367
0,0.21750252563951367
1,0.5853020100768654
0,0.4736839241404779
0,0.48061827763531956
1,0.5388206804996344
0,0.41567652576057
1,0.5991998059538999
0,0.42856088923785723
0,0.39490962100453175
1,0.618003897018086
0,0.4911638261495917
1,0.5527180887410277
0,0.37486082823872646
0,0.39338357051417555
0,0.37078905620996516
1,0.5692457694415075
0,0.27667703652301456
1,0.6846666073529134
0,0.2205330689041641
0,0.27847286434522667
0,0.429065405582951
0,0.3572527745563483
0,0.395362661058108
0,0.42460131417364777
0,0.46683499982989396
0,0.4598278002716994
0,0.45571713642457845
0,0.05945542153516602
0,0.17082476390734
0,0.1524593731084108
1,0.5071096254007426
1,0.5854774268495472
1,0.5558223406019314
0,0.3830904069399498
1,0.6127055896421743
0,0.28635629828115194
1,0.5482848686603858
0,0.24050429350581023
0,0.4099148251289921
0,0.43679955052101155
1,0.7327291021046027
1,0.589294661166985
0,0.4310655147610908
0,0.4082386591407263
0,0.36844791248184017
1,0.5961055290119136
1,0.6115304612847574
0,0.48070329252300303
0,0.4878434257307778
0,0.49002931517519305
0,0.44895295191954454
0,0.42210753441516513
0,0.3599694975613412
1,0.5159421754831627
0,0.4923649112786696
0,0.49588398614668683
1,0.5165066273406951
0,0.32155952716609104
1,0.6032960193499527
1,0.5229484049114126
0,0.48594895259165255
1,0.57459135638831
0,0.08163750053552998
0,0.35252891376922973
0,0.255467763532292
1,0.692298210171076
0,0.33826610326230094
1,0.5041888682352312
1,0.8156621049761137
1,0.542813496365205
1,0.6293079534074097
1,0.576506651778995
0,0.20164170812422735
1,0.5006091046754162
0,0.2876233972590322
0,0.4365057231040997
0,0.4960521964106962
1,0.533577367971761
0,0.4803927460539951
0,0.24100806312808645
1,0.5971181070627887
0,0.1283701619089464
0,0.32265256893788274
1,0.6559121456285638
0,0.3652385391983314
0,0.40507945832654024
0,0.3907914558737032
0,0.3604810159618761
0,0.3128026716724054
0,0.3604895083054021
1,0.5503732988154835
1,0.5437134463492848
1,0.5370077062707131
1,0.9457261713760189
0,0.3465050530164022
1,0.5697617218236662
1,0.5892860151328843
0,0.23950989160580324
0,0.3674176104728965
0,0.34070858410847565
1,0.6043131977543169
0,0.3682348383033009
1,0.50381723895984
0,0.43370394679862545
1,0.5970838998547828
0,0.38142959657748776
0,0.44727690651147417
0,0.35159037370497886
0,0.4649362492050526
0,0.17026255384466657
0,0.10435925333355858
1,0.5766951335709419
1,0.6121902383070601
1,0.6378750559918005
0,0.3617994208809921
0,0.337118643556435
1,0.5017634422079853
1,0.749905907103052
0,0.38211425064306515
0,0.25336139617723047
0,0.4539352478508015
0,0.37228880545453147
0,0.4617712628720118
0,0.42607867561933227
0,0.24689818951956208
0,0.49863464152892717
0,0.2579640483620196
0,0.44828965947382154
0,0.24696983401238584
1,0.5930702264093978
1,0.5466534881115223
1,0.9468598750457147
1,0.5596073500422967
1,0.7227320833271973
0,0.29396231235571446
0,0.48876603142039693
0,0.47496185512682054
1,0.6836486874951552
0,0.18203808974372537
0,0.4461127180185248
1,0.6508899131821945
1,0.5469026299315447
1,0.7136398998811027
1,0.5734455603514791
0,0.4141892622257542
0,0.2182350487398443
1,0.6117849337418615
1,0.599743938846026
0,0.4651594572039627
0,0.12846967283598457
1,0.5228338784866762
1,0.5176158152027683
0,0.4892293768318452
1,0.5124853410065543
0,0.3684952047565634
0,0.14577540357790764
1,0.5071218675230033
1,0.6402403145590766
1,0.5166631334216412
0,0.24939506810380777
0,0.37801242855619566
1,0.6733353731380719
1,0.7118559898019909
0,0.4979210390096562
0,0.2549497479576351
0,0.48914055388348054
0,0.3923736901272901
0,0.4251291042300918
0,0.4278250591863135
0,0.08805988517669651
0,0.44619565739442346
1,0.5316220863364469
1,0.5821402858969528
0,0.43701238312633806
0,0.4599346324540395
0,0.39603921315058205
1,0.7113503211120055
0,0.27922502329324245
0,0.474413040459595
0,0.3580666101276587
0,0.38750170713484494
1,0.619178740520557
1,0.6227586353316381
0,0.4931369794104107
1,0.6240538669765812
0,0.42588792470688946
0,0.39029927224324834
0,0.4501952369526125
0,0.47757630473992246
0,0.42453215091009233
1,0.5144276249118757
0,0.22156438317329552
0,0.4341804542774806
1,0.5187515013725243
1,0.551372347292752
0,0.3234680581122019
1,0.6845023634895107
1,0.508329518153754
0,0.39578163983339104
0,0.4955193611563405
0,0.37522529365174856
0,0.4578545538451746
1,0.6223525579159632
0,0.44460548531688293
0,0.031330995447959746
0,0.37837678665659275
0,0.36639129294466405
0,0.39913921739164576
0,0.47426280279944044
1,0.5730943298564749
1,0.5045060277547875
0,0.2918662863315624
0,0.4339139210072377
0,0.29072157489099726
1,0.6456673996117503
1,0.6539115546952166
0,0.4766053592492513
0,0.373493513859621
1,0.640333723359809
0,0.4982126622043253
1,0.6100070506723592
0,0.34826437753518164
0,0.3342263871388453
1,0.5017765705738746
1,0.6771765474149158
1,0.6090615524171032
0,0.49166946886524615
0,0.28577321893390734
0,0.2985487859396266
0,0.37421767400683564
1,0.6001671187802983
1,0.5625362816169263
0,0.48104164010017975
0,0.4402482330236026
1,0.5430094083382734
0,0.33033430269407704
0,0.24944183189481833
0,0.30381696470765
0,0.35371021543068004
0,0.3073064593521921
1,0.5984154997529288
0,0.15455989347002583
0,0.30351654907089765
0,0.4472994686912958
1,0.5343747457537128
0,0.2883176419041608
0,0.28592988894195803
1,0.5397648018327821
0,0.3462396787380595
0,0.3679451376804077
0,0.32739275825869235
1,0.5161400579736033
0,0.39481924988254397
0,0.47430641817700975
0,0.4961374221872778
0,0.38248636728705604
1,0.512163763060787
0,0.31188345775702436
0,0.4382950375236491
0,0.24060037910379162
1,0.5600855654411707
0,0.2796311050285047
1,0.6622868211348307
0,0.4022942445270946
0,0.4697713712949343
0,0.39797201762707174
0,0.3445507465314622
0,0.47165411281904723
0,0.35614631836679095
1,0.5827402436580943
1,0.5941864104051523
1,0.5822752759531094
0,0.495153138803515
1,0.567742610460343
0,0.3761021910583623
1,0.8004877518548301
0,0.0703407369991196
0,0.44254063561183166
0,0.44476480726212364
0,0.3247391769195714
1,0.6321611644618133
0,0.3542179505764195
0,0.39083704115922097
0,0.48950483273679846
1,0.5933259661064918
0,0.4544038280303565
0,0.4750087439074248
1,0.5207543587656244
0,0.3868010653524547
0,0.4358682015215696
0,0.3832542644551464
0,0.48459822767287225
0,0.34602354460379287
0,0.3672049969166849
0,0.36718284573599336
0,0.36511298565145955
1,0.5517907849176177
1,0.5060877026657287
0,0.4575203080213002
0,0.2986112739719509
0,0.26394513048718926
0,0.3945420648536562
0,0.11506263663664935
1,0.5106404302304594
1,0.7067376624171834
0,0.35292973726050864
0,0.4538419648815779
1,0.6167563860740402
0,0.42337773471168244
1,0.5385042649065356
1,0.794429748152037
0,0.4178746160648735
0,0.32586508636170164
0,0.3541679441971353
0,0.261965561539062
1,0.5167311366730845
0,0.1373742962453078
0,0.3762817868545082
0,0.31744773859900155
1,0.6429501320158263
0,0.14856409229631418
0,0.3294458123003075
0,0.3750165920291884
0,0.19553165201264328
1,0.5213110290900341
1,0.5168954476699963
0,0.46785132582409233
0,0.33102890713307953
1,0.6211415087735118
0,0.392888949409805
0,0.045938821427700005
0,0.24549084699100596
0,0.34189354188446913
1,0.7036771814418528
0,0.3768048420153934
1,0.5264185037503701
0,0.3443884661811214
1,0.6710436414667693
1,0.5454367112379392
1,0.5070934452044289
1,0.65562985272857
0,0.42529273960062275
0,0.44823489300345026
0,0.14465931227386233
0,0.38827289197291887
1,0.6320902396607705
1,0.501612835460557
0,0.464828991808305
0,0.48168204776996965
0,0.3993939379011665
1,0.6527173504864529
0,0.4833666899902741
1,0.5682552745738643
0,0.45543920443853675
0,0.4492382921282965
0,0.3458486043205457
0,0.43943317870856496
1,0.5322051755971144
0,0.288586223002395
1,0.60477715207217
0,0.4140549193514803
1,0.5971491048030505
0,0.3318104597031649
1,0.6536725207236003
1,0.6791897290434211
1,0.6399729564249174
0,0.3019211946602232
0,0.4473774751260504
0,0.4935309097879299
1,0.5125829202795925
0,0.29033465845211714
0,0.36005397777120074
1,0.5768239801874121
0,0.491183056142786
1,0.564958539875575
1,0.5181983014028573
1,0.5727733279611231
0,0.4135373944767985
0,0.48842930309542215
0,0.4941429983889137
0,0.32428642654895845
0,0.3097573006014394
1,0.5544469194195244
0,0.4844467600285848
0,0.48560413620576154
1,0.6222133193207595
0,0.4993679337363879
1,0.5160926335027423
0,0.4873199359354588
0,0.38062551843233866
0,0.27455782630811365
0,0.38699650798390145
0,0.34465405623959205
1,0.5734728509649665
0,0.3941562895432746
0,0.27347009138089984
0,0.32615104645259113
0,0.33842264376166337
1,0.5170907174114587
0,0.33193953115745395
0,0.49904927150605194
0,0.2523843305609287
0,0.47500155841663994
1,0.6779710042665689
0,0.29645981280446404
0,0.36314178230278593
0,0.4955588488440867
1,0.5190508996585768
0,0.3379794110854335
1,0.5684364647902892
0,0.33687511488557403
0,0.44458284558156214
0,0.3279463050147097
1,0.6029884070587378
1,0.5195475735009337
0,0.35567468641477673
0,0.12472670362095913
1,0.5145864776402094
1,0.7267105876538985
1,0.6298868874447299
1,0.5765180584125545
0,0.23147433771046144
0,0.3391052996640451
1,0.5280617276928814
0,0.37178535115027056
0,0.4978251237074423
1,0.6414662157145667
0,0.45831525321657246
1,0.5833496558454065
0,0.40559859284143984
0,0.36044557425739254
0,0.1371810235311204
1,0.8117390627526225
1,0.5370389768753823
0,0.4473656643112238
0,0.3344035095937522
0,0.4485936274333462
0,0.40871344463120957
0,0.4675509596692733
0,0.27203578223678154
1,0.6488246488248113
0,0.17202960071765458
1,0.5003356188586502
0,0.47882410850951534
1,0.7052305423085846
0,0.3904924938141288
1,0.5252072711919364
1,0.7415875662824283
0,0.30544656233173684
1,0.6033139235385632
0,0.45863190148922817
0,0.4763602684104429
1,0.5078152502288528
1,0.59996292958985
0,0.39733444616852537
0,0.48875737875746567
0,0.34256618641866793
1,0.7633613363607527
0,0.3688819264971597
0,0.4181126270444194
0,0.32348713458584766
0,0.4765388661399137
0,0.48203910744699
1,0.522062763368363
0,0.3018011774690469
1,0.5163177363222414
0,0.3695226118117798
0,0.3197418755418633
1,0.6359615625789304
0,0.4442967650419923
0,0.3604052969877568
0,0.3333514720825331
0,0.42523658447672646
0,0.3636716279104288
1,0.749473179702071
0,0.36271019963998913
0,0.39079283524880476
1,0.7418438464119625
0,0.48078155910979453
0,0.29831725931024333
1,0.5255146298549199
1,0.5756140564465231
0,0.25811239497109406
0,0.32819862867933947
0,0.22577499127491893
1,0.8738658755295362
0,0.27990984317684553
0,0.23247839361636927
1,0.7080191562076772
1,0.7405267387808028
0,0.2920507297842701
1,0.5399290710537393
1,0.5502667204037655
0,0.37546774275712885
0,0.427830946416777
1,0.5782608742408412
1,0.655826558098027
0,0.32115351727500613
0,0.25895071325381325
0,0.29280900810917104
0,0.47295505966814994
1,0.6753711462529889
1,0.5692290503237051
0,0.206208124615422
0,0.4161495288753491
1,0.5055662737157268
0,0.43989749794697564
0,0.3146802988877537
1,0.8437411241432298
0,0.4384038959155158
0,0.3961750458803615
1,0.515824272450933
0,0.30344137328426024
0,0.2765545979552379
0,0.4445997280282041
1,0.5305386922856434
1,0.6197955574347875
0,0.4236383849296557
1,0.5779678298863469
0,0.30117094673684336
0,0.39848025978935536
0,0.4436302431907037
0,0.34858685427764907
1,0.5035498338999079
0,0.4648706416799252
0,0.37329647930490434
0,0.41048142817797173
0,0.3151040735817089
1,0.6049673434061086
0,0.4892889872946324
0,0.16249417708845956
1,0.5905149783740977
1,0.6133425654922441
1,0.5699315255821561
1,0.5529279669540884
0,0.34883096564426985
0,0.19539069662095554
1,0.5527752465001399
1,0.6631039850503805
0,0.34769914249540307
1,0.7788221007112464
1,0.6539693700329627
1,0.9412783594560655
0,0.4015662566287617
1,0.5255075381947115
0,0.45223980643175604
0,0.472637073228415
1,0.5703382334395388
0,0.46648833343990403
0,0.2739151846685487
0,0.39069163131466944
0,0.421731997739489
0,0.3274274381104334
0,0.35477822664231434
0,0.3992927258444426
0,0.4999256610615879
0,0.48834145547742175
0,0.40338412764674036
1,0.5847476599928563
1,0.6151382529686911
1,0.6734366224925309
0,0.3439067777558031
0,0.3714397271505068
0,0.329568805815102
0,0.3559458326427745
0,0.282091244932635
1,0.6409744733937552
0,0.2845780243459393
0,0.46841769899754665
1,0.8580304672380098
0,0.40528018084475254
0,0.47439898721714524
0,0.2826814881309971
0,0.39519315462741894
1,0.5261996512074893
1,0.5901713102516637
0,0.36736741794012445
0,0.044878874793497316
0,0.4427939130753369
1,0.564397061483073
1,0.5789112894982851
0,0.27847581829453244
1,0.8227447010510052
0,0.48703345934005765
0,0.357617235821367
1,0.7450152740562096
0,0.40271386367637924
1,0.567658183828218
0,0.3187472558918865
1,0.5513407832236853
0,0.2720211349971178
0,0.4658420150691275
0,0.4342623512804399
1,0.7572818968845474
1,0.7174725004586913
0,0.3649592196254891
0,0.3759922759624041
0,0.34861562786784944
0,0.3924728703306004
1,0.5656211739720245
0,0.3377999635231685
0,0.4206639548796287
0,0.2954944315520079
0,0.41065817127879556
0,0.3503151479520832
0,0.28441751949517613
0,0.29075056708393454
0,0.37770615854761985
1,0.5107581017818186
0,0.37822573869089376
0,0.48840804516138764
0,0.4665272810690527
0,0.3184305037815123
1,0.5529592100777745
0,0.3872863904695737
0,0.16414175672336404
1,0.5784579241350933
1,0.861301437172191
0,0.44037271253728677
1,0.589178912199882
0,0.24646536484676412
0,0.48243922555272806
1,0.5077738164129348
0,0.42374370277139256
0,0.28750818744417944
1,0.6108574897972131
1,0.5125956667845839
0,0.4610235772312785
0,0.3743465851809426
1,0.5596333158902305
1,0.6722451408701915
0,0.3436232187891367
1,0.5477066284471573
0,0.2063749859228545
1,0.5207374623589934
0,0.4265237134611979
0,0.4554202996511207
1,0.6125333503487972
1,0.7762074415122698
0,0.4117529046218612
0,0.37911209393519313
0,0.419502447812152
0,0.40071265612618323
0,0.4767728105891186
1,0.5548408836093386
1,0.5807057597942576
1,0.5401378719716693
0,0.31658306387749463
0,0.30479164473435183
0,0.3158873731918551
1,0.8442580428784704
0,0.4468124552999127
0,0.22643243740578353
0,0.3743129166768885
0,0.40919225003483367
0,0.4232406988858659
0,0.48504423833231575
0,0.44479550798495937
1,0.514750497888588
0,0.4295530462014871
1,0.5834815609096201
0,0.3473443314692562
1,0.5221004240951426
1,0.6721958944099893
0,0.4992015628574512
1,0.5380468246103502
0,0.23653395437495267
0,0.37660422262534476
0,0.45185860360860325
0,0.34464139303704167
1,0.5276731793053143
0,0.4716346339594445
0,0.35689552011121367
0,0.4861353962826193
1,0.5928218886639889
0,0.30101806908381495
1,0.6708121455808035
1,0.5359268156018696
1,0.6117553999861743
1,0.5053177291321768
0,0.2795111539100887
0,0.30842578511172125
0,0.40222099278388107
0,0.28721043807596186
0,0.38413643214089
0,0.3518080258153023
1,0.535391660615969
0,0.34120632160429565
0,0.1604687564369954
1,0.7099010681682362
0,0.4397915979747193
0,0.464582638395171
0,0.3784160035766893
0,0.3494148064974527
1,0.715040381406317
0,0.35550586990514776
0,0.33158716646794806
0,0.39864111397400603
0,0.373440556835759
1,0.5692665521086637
1,0.5577808148981434
1,0.6162964411781635
1,0.5267447262562294
1,0.5560260646449257
1,0.5213339023638347
1,0.5712962783146651
0,0.4865655822308196
1,0.9464587762296515
1,0.6037859842181242
1,0.5266346530075399
1,0.6021052229619531
0,0.40970681754620575
1,0.5475622947506672
1,0.5083906953301889
1,0.7289837834126786
1,0.5300232581950567
1,0.6533696226761542
1,0.5373980621704573
0,0.09872349871773858
0,0.3098994750321012
1,0.6979540175431649
0,0.44984189815231845
1,0.6136027043464353
0,0.43501874359324616
0,0.35639444778404894
1,0.6095741814707851
0,0.22478657723962878
0,0.40089841168265006
1,0.616847888563422
0,0.4783366286025167
1,0.6656272747019197
1,0.5031154938612798
1,0.5079534510613202
1,0.5920992725178683
1,0.5954877282019008
0,0.36826718870436626
0,0.46067732975629366
0,0.3639355331876502
1,0.5417530007864135
0,0.24365045572434965
0,0.4632799667973141
1,0.5507736435506395
1,0.7895396785662842
0,0.16696030232811077
0,0.3232964218986741
1,0.7594701907034043
1,0.6060751077153544
0,0.346270946926827
1,0.8038960723019751
0,0.319206623138681
1,0.5788828200084926
0,0.4223704330677957
1,0.7939150286663188
0,0.3613798166522772
0,0.4171914391486733
0,0.3354268874907195
1,0.9239693882684903
1,0.6275681076096814
0,0.38476588157840297
1,0.5156060424803829
1,0.6969622329682188
0,0.49611374127685504
0,0.449756803811797
1,0.6619968894576216
1,0.5108159128306456
0,0.14444642581049208
0,0.29565132697244983
0,0.2939688226008189
0,0.46575164036167416
1,0.7398093970741344
0,0.2508519394869386
0,0.35320394757562207
0,0.38634233668611545
0,0.48139392214301185
1,0.7016650131061312
0,0.41146151225174393
1,0.5038093462890456
0,0.3702893040006916
1,0.5914895585936689
0,0.34270618616484755
0,0.32622014587448633
0,0.39324562256080386
0,0.2723469346737066
1,0.6223241969713281
0,0.43799443197148996
0,0.4428504171565061
0,0.42235951264308497
0,0.06957747719153577
1,0.5496805673675473
0,0.48018339938916543
1,0.5340059397318566
0,0.4799132137302848
1,0.5110647926644013
1,0.8462508776057688
0,0.4206171401619994
0,0.36335235997383314
1,0.9218029057302312
0,0.29892935131254295
0,0.3215850439473292
1,0.6957909454650963
1,0.6271370122705014
0,0.30628242680131607
0,0.25326601984854163
1,0.5491203142129918
1,0.7391431815745751
0,0.4359973789272289
0,0.15410146225329713
1,0.5149329656808967
0,0.33395306293224203
0,0.3845871101321574
0,0.4961953408799392
0,0.4813913990349125
0,0.47154203550233137
0,0.13707758407995474
0,0.412647797539309
0,0.3295522724540717
0,0.47858821271563584
1,0.6312543306026328
1,0.5298774868556216
1,0.5141962822998877
1,0.6868103974669333
0,0.41448308809664164
0,0.20361070426464642
1,0.5825174580687694
1,0.6673545793753765
1,0.5238395784819297
0,0.4404565454325872
0,0.3172753439019824
0,0.3023285039606781
1,0.5091524154731476
0,0.38197808596263405
1,0.6546345083066404
0,0.29553913881588195
0,0.4528792135189525
0,0.4617701318615749
0,0.30710544156919267
1,0.5064140977998838
0,0.11954501530710394
1,0.8915287442945742
0,0.3118478862835465
1,0.7149304186752898
0,0.24465565207291326
0,0.3921303542739287
1,0.7745036440467987
0,0.4655275683031249
0,0.42578183760422245
1,0.5467168399305686
1,0.6097882749127131
1,0.715002224311039
1,0.5422942175124446
0,0.4186221097671881
1,0.5799880348808735
1,0.65568957155655
0,0.4993577042280674
0,0.4163393521312014
1,0.7660026976718862
0,0.38151684151088344
1,0.5041236374110993
1,0.5449775516544901
1,0.5080172888469162
1,0.532645262587359
0,0.426101182488186
1,0.5882748105671612
0,0.4808055950076391
0,0.4368723234045676
0,0.36581871814190264
0,0.4796227152831599
0,0.4896016057115708
0,0.31668887484098385
0,0.17606240270774487
1,0.6398592944512524
0,0.4355866577368552
1,0.6762499129892954
0,0.4816641615682438
0,0.402930459509699
0,0.4956842229494552
0,0.35757556055451484
1,0.5691036299323077
1,0.5559089594502644
0,0.3199580091519064
0,0.2544676477195864
1,0.5381590303514746
1,0.7148832428425039
0,0.3994304918584614
0,0.4552719853198501
0,0.36139437535452956
0,0.4069933611567933
1,0.5456066648971891
1,0.6808976203246291
0,0.291994244214573
0,0.35201151322573065
0,0.39258650825207864
1,0.566456572809417
0,0.32389295042477284
0,0.4531933500293155
0,0.4613644750776125
1,0.5543943722250158
1,0.6076093173669067
0,0.32055462080788777
0,0.37188901414370995
0,0.2782340834313272
0,0.4886901843436517
0,0.20496538181135446
0,0.3150917050553577
0,0.26151795211490597
1,0.8896472346182474
1,0.5960223745994606
0,0.4706249595186143
0,0.30183510193757895
1,0.5228749341566918
0,0.3073403373075709
0,0.31120021357980737
0,0.29843590327789876
0,0.43060646929986435
0,0.32278340492891333
0,0.4590112831951814
0,0.4939329776412265
0,0.47483822484213983
0,0.3253988857485126
1,0.556858536786156
1,0.6268254240538044
0,0.38135262198370246
0,0.3522769838969378
1,0.6541670320966595
0,0.38777318870956284
0,0.36130542453217607
0,0.3311543064251488
0,0.44619865827862865
1,0.5313090127116551
1,0.60475882075309
0,0.42330822254705364
0,0.481351269868605
1,0.5032649660370395
0,0.31472048996568436
1,0.5892246654164407
1,0.5598446774095835
1,0.5796996885646821
0,0.39898566145078357
0,0.3158667138645179
1,0.5317007774149656
1,0.53843914951603
1,0.557856487650589
1,0.6005516618625039
1,0.6593231832307139
1,0.5129047625189381
0,0.4460797992073917
0,0.4960865254006301
0,0.37907376285312816
0,0.4783340978234696
1,0.544001706714428
0,0.3071032606223281
1,0.6528423700016472
0,0.19952510574983828
0,0.47689241219163553
1,0.6014934632051524
0,0.4013034954488928
1,0.5593206955273202
1,0.5979661470601513
0,0.3347877584335364
0,0.4127970883860597
0,0.4916283131562066
0,0.44335598035614215
0,0.3235879942861311
0,0.2551814245426433
1,0.5777608301286434
0,0.41772236336499813
1,0.6927403239525517
1,0.5278745560818616
0,0.2842583922614613
0,0.3320538724481233
1,0.7382826204708876
0,0.47631552452684134
1,0.7315946682775997
0,0.29629350748967287
0,0.3907642819859943
1,0.62932280611087
0,0.4733372084461414
1,0.6998875879431921
0,0.3899037468225822
0,0.4813681393552986
1,0.5111494317913569
1,0.6459441615561908
0,0.29166710881883795
0,0.36184076168187873
0,0.46160302461674557
0,0.40100809443755225
0,0.34056266197603613
1,0.5859993066999267
1,0.6475220815407257
0,0.47331778792633233
0,0.39342069017445724
1,0.5508625116450002
1,0.5313215263545806
0,0.3779808014637705
1,0.9055710975744176
1,0.5200099582137505
1,0.7691598023622773
0,0.45073100135335087
0,0.475714226164834
0,0.135489376816385
0,0.46962383688285547
0,0.16603500847682892
0,0.37274842206127146
0,0.18610633229137163
0,0.45976694773344984
0,0.47466325735787146
0,0.49162906017946495
1,0.6121852530244942
1,0.7465679609741125
0,0.38942733856540873
0,0.21080865806692853
0,0.3649815210055265
1,0.7961218363279724
0,0.4972910000830722
0,0.035381309137267614
1,0.6101411343956554
1,0.5090898126020027
1,0.7188392476388837
1,0.679485260999874
0,0.3270297549862156
0,0.30025612700389454
0,0.41420004457027493
0,0.336629850414556
1,0.6289342638269102
1,0.5088638357539673
1,0.7082452907214095
0,0.39067537926331175
0,0.448796114287303
0,0.4755545769802888
1,0.6781435399835153
0,0.23207796016912882
1,0.6195780031370942
0,0.2655980087665281
0,0.4545946601595432
0,0.3856999342287777
0,0.47947230000850966
1,0.73092007025749
1,0.6912423487621373
0,0.42589915557794067
0,0.26521917927062943
0,0.4460443323611336
1,0.7273969404999919
1,0.6379616708674609
0,0.2894161853831025
0,0.4345832321587439
0,0.2800447085467353
0,0.4239218705980738
0,0.3247155126165983
0,0.45698123302963095
1,0.8103798734496064
1,0.5704814648854144
0,0.22018166692156507
0,0.4815030113677064
0,0.23168913166637542
0,0.46608262182733834
1,0.5175719938057864
0,0.49826711200004153
0,0.48619837363175855
0,0.2845933393762311
0,0.23457852396161324
0,0.3356356655186261
0,0.3137649769835656
0,0.4593856082868398
1,0.6469711371207428
0,0.40853044368320135
1,0.5954264923120801
0,0.40028814469999047
0,0.3876200078820177
1,0.5508819881575656
0,0.22060361479427848
0,0.31058083358223343
0,0.27838879051932247
1,0.5534131843651054
0,0.45518618150714113
1,0.5329455116961335
0,0.35235399508742254
1,0.64790846014768
1,0.7043794853748906
0,0.40123764467907463
1,0.600553112780641
0,0.4297767879248354
0,0.3052196206931475
0,0.2905180537746355
0,0.3709469354810586
1,0.6986094011878605
0,0.26541678750512515
0,0.4532567601441692
0,0.29364252603163643
0,0.3663916374888782
1,0.5500496279678283
0,0.4481092960528139
0,0.4607605119664306
1,0.5245915644891456
1,0.5890279811421117
0,0.4923597522856345
0,0.4882505191931924
0,0.48477641985267245
0,0.46358346301135517
0,0.4059736854254518
1,0.5989125691311763
0,0.4039743983775845
0,0.18458794516349347
1,0.732642081330151
1,0.5027962156882883
1,0.5623934241104057
1,0.655354813203679
1,0.555312038063229
0,0.20119399529442017
0,0.4098052878091862
1,0.5331945727049671
1,0.6534314327935198
0,0.4120859331104573
0,0.2375391943494674
0,0.47794995841428606
0,0.3745976371087115
0,0.3420871870698287
0,0.41136447577831725
1,0.605293578735794
1,0.5165369271592142
0,0.2194851834043955
1,0.5388267334131068
0,0.3886892538511151
1,0.5464350218342918
0,0.4348244745617518
0,0.4504280995352287
0,0.3663680963900914
0,0.43461990621059227
1,0.5036222390646634
0,0.4312201835140576
0,0.2482342932327219
0,0.320676181989831
0,0.29950400621000317
0,0.28750406503661
0,0.2803510593222147
0,0.4295126511554817
0,0.28201652250323195
1,0.5104825946323315
0,0.13874952991721456
1,0.5571377603906845
0,0.4872391554993522
0,0.2102387213257561
0,0.43243212061853853
0,0.23295861729723222
0,0.4813049678083241
0,0.47676491923977843
0,0.3049351691578051
1,0.8052948028129127
1,0.552931352636654
0,0.37773651217395016
0,0.39452527546164123
0,0.2915152527914062
0,0.36930237805291927
0,0.4355954410208536
1,0.5790053518765136
0,0.3599192789574183
0,0.3779714869405238
0,0.27097172558509824
1,0.6931826476030304
0,0.42437875649377044
0,0.27572892747377087
0,0.35248739339244173
1,0.638133790125446
1,0.663782172519791
1,0.6293423032092085
1,0.5248043802724247
0,0.31175445474972957
1,0.5123316481702875
0,0.42884103980533794
0,0.46425123285230957
0,0.44897721207527086
0,0.2642063994618888
0,0.3684513059863675
0,0.23530365150686014
0,0.4862975489831657
1,0.7134420727755583
0,0.3399710206965097
1,0.5003811867276484
0,0.26781534528856504
0,0.455699940680438
0,0.3371116742241215
0,0.43823198844928934
1,0.6134098966207053
0,0.4185664016907623
1,0.6266896591324153
1,0.69660792134996
0,0.37966093910825793
0,0.42731705723059477
1,0.679422995191999
0,0.31437876438205414
0,0.32271051013129615
1,0.6668567438960742
1,0.558259486411671
0,0.4359373656443423
0,0.2280558643333156
0,0.4636909725342315
0,0.4139072142820867
0,0.35810271118501874
1,0.6908804040962563
1,0.5340778357408648
0,0.3014112540953792
0,0.3105475890280538
0,0.45276926846863275
0,0.4377233947650187
1,0.6168040730384935
1,0.5805260096931804
1,0.8177841623826896
1,0.5183908939818912
0,0.42269535546394954
1,0.5951508812119267
0,0.45866792524992644
0,0.31911545398880575
0,0.1289483972761581
1,0.5942872926401122
0,0.40833379697985706
0,0.4462174131098922
0,0.14503507593709333
0,0.32809353033530453
1,0.5234019078520358
1,0.6674017185526706
0,0.22174911907710143
0,0.13172387455982887
0,0.4171054915612888
0,0.23039509906474065
1,0.6167114257246222
0,0.4763111417646347
0,0.3839332097938304
1,0.5680175827716987
0,0.19591170800114782
0,0.4262467465403621
0,0.2673990475806195
0,0.35142713719523566
0,0.23359015556266896
0,0.3277244847991039
1,0.5369478457419388
0,0.34569304202940304
0,0.45607978818162676
0,0.43094556185413574
0,0.35329252923790216
1,0.6806474181992903
0,0.16287386154716837
0,0.4410363899433332
1,0.7182123866847512
0,0.46161630839546114
0,0.10064744620167712
0,0.42030735557784393
1,0.5395415066671817
0,0.46706887137212727
0,0.24173853792185887
0,0.22506800000479354
0,0.3005458763634917
1,0.720653862468234
1,0.6345919438865638
0,0.2047595269773146
1,0.5135635974498122
1,0.5276967356722801
1,0.5141441978496597
0,0.4071588645973466
0,0.20554213053931217
1,0.6936658516509252
0,0.3673310477046704
0,0.45802521585717204
0,0.23606067888594942
0,0.19294183455298128
0,0.18643558853702605
1,0.8064109124930889
0,0.4607247855393642
0,0.3341427101482805
1,0.8010975139585236
0,0.45587777766502363
1,0.6996233534159266
0,0.159801698596862
1,0.5161896198725514
0,0.49243713352998764
0,0.3376244382021558
0,0.23748040016770525
0,0.42869331188884585
0,0.3298552387943433
1,0.5134025887470586
0,0.299074531347868
0,0.33093084484170143
0,0.30445268209096377
1,0.5280483546852871
0,0.32773514468718
0,0.4986845588534784
0,0.30866291288753106
0,0.27347571162657797
0,0.316770991290552
1,0.7231364257826218
1,0.5014885613553891
0,0.4253934252442124
0,0.38427705178511307
0,0.4669396504986841
0,0.2452944480780229
1,0.5777371859840316
0,0.4512962442698163
1,0.809263233832194
1,0.5129348419982264
1,0.6068192503773887
1,0.5426083492882545
0,0.30433598324458416
1,0.5929088839147669
0,0.3283317607305065
1,0.5880399859786772
0,0.26572209442828887
0,0.3626627867486664
1,0.6944399210937131
0,0.49167409263704376
0,0.4445277728523114
0,0.43527066661045966
0,0.18373049031860755
0,0.2578516072352075
1,0.5564419771253414
0,0.48125326027909754
0,0.2937481069505598
0,0.2059609945586344
0,0.44412228609874066
1,0.6572787088674641
0,0.16349969927499464
0,0.2813639016420839
0,0.34034631538237275
0,0.3948653350486463
0,0.31747168447747476
1,0.5721922004798877
1,0.8166536318853824
0,0.3787985467353067
0,0.3637407686604156
1,0.5837464616861805
1,0.6214026633473353
0,0.381903119017172
0,0.28306726151396927
0,0.3660707269596317
0,0.24416393391509528
0,0.4609581342971258
1,0.535937187125054
1,0.7109218883288946
0,0.49491952404945544
0,0.32894096019840585
1,0.6088802384978296
0,0.29456112570924675
1,0.6218233735858333
1,0.718083147025895
1,0.6229373010122591
0,0.3639856368886657
0,0.01689372956598116
0,0.32869732623108844
0,0.12698766204778378
0,0.21887238998907438
0,0.1836098106329455
0,0.47984783303636513
0,0.33935919104235
1,0.5834945380526372
0,0.45249124024485554
0,0.2856903856499675
0,0.4608932613778794
0,0.25494122748770087
0,0.37731559466661363
0,0.39589307640363847
0,0.45796534821139423
0,0.39515322453609786
1,0.5348301510417142
0,0.32129442028228544
0,0.23203718082362867
0,0.4585769406516158
0,0.3337185005246172
1,0.6315150849471581
0,0.4089463223017708
0,0.20217231453378345
0,0.3761049977738767
0,0.4673231562879766
1,0.6968896473669375
1,0.521134032309967
1,0.5238735976268943
0,0.3308410553314808
1,0.5983945583628973
0,0.24875939851255136
1,0.5655421697254769
1,0.7591669104025949
0,0.10216108745252496
0,0.4935132555543366
0,0.34349433061452506
0,0.46214096929431886
0,0.3357258121967195
1,0.5950429804263139
1,0.5235737764716456
0,0.4778039601775124
0,0.3272531413378427
1,0.5397818703072056
1,0.6578411110779693
1,0.5228220582684487
1,0.8355539008116132
1,0.5353796735268873
1,0.7363156273768312
0,0.45751496707725914
0,0.3087003138810499
0,0.48316336474695054
0,0.05108315629266523
0,0.41617689798134744
0,0.4112212098037927
0,0.17336222700651482
1,0.6646965170141905
1,0.5663161485447781
1,0.604725367322238
0,0.38295666046163784
1,0.6139221634164239
1,0.5780703468172126
0,0.47187120568433405
0,0.2863200288943998
0,0.4254750135390385
0,0.4010194740584451
0,0.3409568463194493
0,0.4218897112313588
1,0.5745607138433132
0,0.3552758761328515
1,0.544607899780115
0,0.3773137195838876
0,0.36963243387806716
1,0.8590013706097245
0,0.36138335918084225
1,0.6084706598884048
0,0.44651524130995707
0,0.44975916765726975
1,0.6729824032449292
1,0.6499937039879342
0,0.4237420625895225
0,0.4123633847774159
0,0.23489909711919818
0,0.2796942671899013
1,0.5568470236507904
0,0.2523565401271363
1,0.7730199326491252
1,0.5272621675742654
0,0.342062442445155
0,0.4001768346116565
1,0.5834650311169883
0,0.43898167035831603
1,0.7289707424852594
0,0.4367543328136198
1,0.6086050273798199
1,0.8986325211595019
0,0.3384606216922708
1,0.6092455589940893
1,0.756720021042678
0,0.3043297519445919
1,0.5850359589676528
0,0.3826892494095971
0,0.4407934048995548
0,0.36708631684879445
0,0.48191306474322604
0,0.44795412396151874
0,0.4801997192357384
1,0.6252312398362725
0,0.42981057406041234
1,0.5144849055954538
0,0.3333338465068662
0,0.03122096486011215
0,0.32457053376494704
1,0.633086420649293
0,0.3298309323646136
0,0.39633876162356696
0,0.4251791093708524
1,0.6011798871247961
0,0.4328027499900083
1,0.6391711796906859
0,0.32431322519765354
0,0.40653000365384295
0,0.4797175331746773
0,0.3752499819394938
1,0.697002564592497
1,0.5468551764572654
0,0.16468446311148557
0,0.28715913129949716
1,0.5710218696956613
0,0.3435354787040287
0,0.27534653105626167
0,0.30974471940833664
0,0.283000097818549
1,0.5417127863687601
1,0.5613363644993173
0,0.45911070924643016
0,0.38819057542851576
0,0.42696475131487494
1,0.5875103242472559
1,0.5044004102948747
0,0.4026106957483878
0,0.4623498599389026
0,0.4611332385623855
1,0.6714320450122943
1,0.7118652452177474
0,0.44349175331203994
1,0.5276961494937252
0,0.49260707132378545
0,0.4231051269623022
0,0.17422261994111726
1,0.6103741936055012
0,0.19395393246036388
1,0.6340012975866498
1,0.5628102097204694
0,0.4917362186179379
0,0.3666368021196834
0,0.4892525029274402
0,0.37334726098053633
0,0.431663407439594
1,0.5039076878951145
0,0.0795836613441195
0,0.4986932325210975
0,0.30494776069376356
1,0.6156351128613772
0,0.27177048744381777
0,0.015381266664336504
1,0.8183250668947635
0,0.29360267308320864
1,0.630139652314198
1,0.5932663922443983
1,0.5522095846501418
0,0.2548826409414243
0,0.4437397485090884
0,0.404956672323684
0,0.3541446608927547
0,0.3904453565184091
0,0.34467756314700676
1,0.569596988523751
0,0.4089516192906486
1,0.5599174592369046
1,0.6484981499594213
1,0.634914372737893
1,0.7200124926636509
1,0.5553852105506886
1,0.503603048049259
0,0.4036056089348283
1,0.8257132098223834
0,0.39194315583226197
1,0.5741867320497113
0,0.38231930869022773
1,0.654992757666176
0,0.3869890030090629
1,0.5362477182138796
1,0.61133902718377
1,0.5770814508481811
1,0.5187425591363635
0,0.42627621748897304
1,0.6689611522482118
0,0.3904089618539062
0,0.48105703628336305
1,0.5345964340550317
0,0.47100411662236824
0,0.2754567436133089
1,0.6362272154425092
0,0.23063092194847942
0,0.3713624360913368
1,0.5260276287217616
0,0.4103691434804355
1,0.5707227121759693
1,0.6109172944744772
0,0.36892922080524043
0,0.24264128322196615
1,0.5434539994424923
0,0.44206991182729743
1,0.6426085389086592
1,0.5358722306614232
0,0.40046482912251324
1,0.619108111876215
0,0.4241429264901026
0,0.43017221102734693
0,0.18636598228043394
0,0.37018059636798273
1,0.50476645835095
1,0.5754504440834718
1,0.6947472299681252
1,0.6538870034655679
1,0.8267970815254277
0,0.4264235900977195
1,0.6013627978117771
1,0.5891650586553873
1,0.6437278088313554
1,0.6490769056372464
1,0.6033267370565645
1,0.5281219553874826
1,0.545333246410494
0,0.43610607131270684
0,0.4300457386775891
0,0.3940848247805418
0,0.3472282299065191
0,0.2647516784023838
1,0.6587380403017098
1,0.5041779496026546
1,0.5672105715268704
1,0.7381997146022553
0,0.3845943387595457
0,0.4633166547824866
0,0.4937578477792412
1,0.5662553035177189
0,0.36693302843105424
0,0.4365681315206778
0,0.1891762343434349
1,0.7323702019310221
0,0.46675356903328413
1,0.6235228207600079
1,0.57288787773221
0,0.4638537082614117
1,0.6180172940450165
0,0.35605583182237266
0,0.395135085052284
1,0.5975595862888949
1,0.6100536794126461
0,0.31423810196721713
0,0.31948887830531847
1,0.6016568822073247
0,0.48402501768774525
0,0.2912975368344702
0,0.22631358864256984
0,0.24130258722451564
1,0.5246568743881542
0,0.2654938176864534
1,0.7012865527634388
1,0.6453985594547834
0,0.3716765441093262
0,0.4521687888621691
1,0.5109913341607297
0,0.40221198845371975
0,0.37369673772161904
1,0.5019280741745034
0,0.3760325110408778
1,0.665774764164404
0,0.4325890261387691
1,0.6252274774671861
1,0.5232184056934577
1,0.5250886386048894
1,0.6874417199833509
0,0.24858107455787637
1,0.8592708236458586
0,0.34549430996101343
0,0.4668352718231283
0,0.3007489947703122
0,0.49882281544709506
0,0.27094513750263655
0,0.4252105914667005
1,0.5074457012474118
1,0.7672632166076349
0,0.2741011294914092
0,0.38118019723287655
1,0.608183407851315
0,0.4291917373424963
0,0.4321420070887199
1,0.5860755606985747
0,0.3816060148788039
0,0.3326606259022802
1,0.5164649809915554
1,0.6289474718931906
0,0.44446372046162114
0,0.48854533230434927
0,0.4161209693267757
0,0.4760095642948713
1,0.5868765656004247
0,0.31742691241960597
0,0.4802402755549768
0,0.44884691738337235
0,0.4184183383792864
0,0.0835038651583418
0,0.3106585603271904
0,0.32396460363040763
1,0.6072777061357505
1,0.78983346474347
1,0.5950402377852672
0,0.4598516379976479
1,0.9230760751228557
1,0.5192924942657963
0,0.3758016242863831
0,0.2713415465704704
0,0.3261748947656823
0,0.24896403605137893
1,0.5005756610262396
1,0.583111738531493
0,0.31713157202032455
0,0.4128992401046993
0,0.1880907420919781
0,0.49393696492169126
0,0.24191773356548585
1,0.8448877882698038
1,0.6482831868805438
1,0.6082865786296611
1,0.580258322954965
0,0.45241278688964576
0,0.3166382460507441
0,0.40739753681939667
0,0.3236691690994404
0,0.31531751999152424
0,0.39366210870767127
0,0.44626100044209277
1,0.7287787063857819
0,0.43673371909237924
1,0.5893497983860811
0,0.33440836918335015
0,0.3542669677135931
0,0.24591612593050818
0,0.4242865439696709
0,0.3069310968398132
1,0.5091937969059641
0,0.4199489165967978
0,0.4799004102328787
1,0.501234579040232
1,0.9325599277763064
0,0.12393463238025502
0,0.4504391323141947
0,0.39216537190547995
0,0.3584635610959149
0,0.2957435086612474
0,0.4821840735785095
1,0.7936625966921239
1,0.5911603725443072
0,0.45670903102241045
0,0.3551771505475497
0,0.29972545528108147
0,0.33567100461952254
1,0.5118436399687634
1,0.5719732919000247
1,0.6866869300081513
0,0.35330715403675805
0,0.3749729488179338
0,0.3233793675661747
0,0.3045735472265684
1,0.5233123341420421
1,0.7009006948856455
1,0.5869869942871937
0,0.3374075245775946
0,0.46052219252071686
0,0.4514453125351101
0,0.46055501434077567
0,0.3800272408338471
1,0.6223834881665983
0,0.48018881857427537
1,0.5084582705987767
1,0.5758807182827299
1,0.6981625662743252
0,0.4817774733523449
1,0.7524315613461764
0,0.4469102892180806
1,0.7017589219023384
1,0.5723524676984746
0,0.34650637166543174
1,0.615969586178958
0,0.4967578310650538
1,0.5230005066124366
1,0.5075648080413232
0,0.48342518979540106
1,0.5204494638526959
1,0.5614601725581057
1,0.5512799188405849
1,0.6567710563080892
0,0.06165955028492923
1,0.6580022342507557
0,0.07849043783498955
0,0.4113543649300071
0,0.4852619597966077
1,0.5161560659440805
1,0.5073627490328346
0,0.09433747779011799
0,0.29843324202177807
1,0.5611847049970756
1,0.6352257242899823
1,0.6089151477201965
1,0.5058534500419388
0,0.17888386990484348
0,0.4178242895364009
0,0.3207029093095159
0,0.08371926740037547
0,0.31543104942525546
0,0.3791356268904373
1,0.5597564679383118
0,0.4981709883584421
1,0.5614071621398135
0,0.3856171980083326
0,0.4590891219682415
1,0.830725411942938
0,0.43278315772327597
0,0.37775816825120073
0,0.31361399453470706
0,0.3449120184323109
0,0.48798194984236193
1,0.6342155152971932
0,0.27884922331343986
0,0.3385746259315541
1,0.8004530012345648
1,0.6753801291782517
1,0.5210745784626969
1,0.5955384835605075
0,0.4859275354846483
1,0.584769955375337
1,0.7338703258627264
0,0.37764974206862034
0,0.3642942919420183
0,0.46563175752476554
1,0.5323357113167807
0,0.49870285454426566
1,0.5505929948247136
0,0.2493708196676531
1,0.5508309901990359
0,0.15367336493305508
1,0.7417592855813443
0,0.4260538657563559
0,0.3634282118410262
1,0.5050127437649405
1,0.7727346257013543
0,0.4289244549720405
0,0.34748932427170437
0,0.29371407157690477
1,0.5417119505831699
0,0.37049710765726374
0,0.23479381354357182
0,0.3778838356900253
0,0.3730775107260172
0,0.46303472740509705
1,0.7080420836288198
1,0.6173094557916061
0,0.3694500451421626
0,0.3994460521537338
0,0.23774032435980716
0,0.45536821684048046
0,0.2199296905155988
0,0.4554579499941703
0,0.3854841787360367
1,0.7143654957622165
1,0.5147425929029643
0,0.11073586098448218
1,0.6324755823367871
0,0.2931464672429035
0,0.09031484674285155
0,0.37956528589157157
1,0.5045953329263345
1,0.5842080851989228
0,0.3847141371343522
1,0.5906902292830649
1,0.8437427580222489
1,0.506951425133752
1,0.6648540168371166
1,0.5083123742485176
1,0.7383863236538544
0,0.3629219978829588
0,0.36065992026973354
0,0.36161516108555003
1,0.5497736431095628
0,0.30650282777244964
0,0.2391540109181929
1,0.5858227877774448
0,0.492641477561377
0,0.480330573860613
0,0.4782796095464486
0,0.2577359488647673
1,0.6928628186061729
0,0.2651393799746904
0,0.3788326608115157
1,0.553726708924404
0,0.46234804393402695
0,0.1513288606792497
1,0.5022826520062272
1,0.6773630297199753
0,0.47943851700098256
1,0.516523994664953
0,0.47995274606848876
0,0.39709784719579294
1,0.6504454029004643
0,0.483562573755791
0,0.4313949675416775
0,0.11969303901198505
0,0.37651805247418707
0,0.389304251836702
0,0.3817284885594107
1,0.6839536919403322
1,0.537690588853405
1,0.7023314432404918
1,0.5681646067788828
0,0.3160723837378262
0,0.49661086988806485
1,0.5161293596337823
0,0.48153904119456375
1,0.5120890297863344
0,0.4889138231537705
1,0.5723201405450891
1,0.6006508937999139
0,0.2635344672134675
0,0.31763102654602976
0,0.3519819753506918
1,0.9602144990222491
1,0.8116263777979886
0,0.47817540278192233
1,0.7395556801638632
0,0.39409721938893444
1,0.6413061578069295
1,0.6359420200196401
0,0.3246165422757505
0,0.2581893820325345
0,0.23562789182273716
1,0.5085142238520861
0,0.45637601654785365
1,0.7184497163874485
1,0.5711043568277996
1,0.7450622194952947
0,0.3870004287925473
0,0.42334635331439074
1,0.5129751182236588
1,0.5066348499167274
0,0.4714322985016489
0,0.45435803485039206
1,0.5681830101502472
1,0.6141999553062426
1,0.6009750330968968
0,0.3038727853127629
1,0.7523043611427855
0,0.48572899745280484
0,0.46952873031694387
1,0.5225681297827703
0,0.396073495970301
0,0.38787513282761504
1,0.6800117557613718
0,0.37323415231556306
1,0.5605110707468821
0,0.4256605769526685
1,0.5705480981352643
0,0.36428178761206514
0,0.182879168567269
0,0.4343635357511984
0,0.46280134928060257
0,0.4820628614712785
1,0.5561214414540275
1,0.6190434147274301
0,0.34414964917391944
0,0.45075468684772935
0,0.4963667498683269
1,0.5563718140995787
0,0.4901791732508162
1,0.5418955381887988
1,0.8558807584911872
0,0.4835763854338341
1,0.7076041120012339
1,0.5335354288997963
1,0.5917834737849671
1,0.6580660966747973
1,0.6480671079975103
0,0.49271877612682663
1,0.5402306291349775
1,0.5578576481141861
1,0.5789016324875552
0,0.3784588369234639
0,0.45468389248437735
1,0.5365718503998814
0,0.4520212470807113
1,0.5291900501250877
0,0.35275806591746484
1,0.5658495691893508
1,0.5082907534958148
1,0.5035914237520359
1,0.6548188322529843
0,0.2826955089420743
0,0.25851718057481526
1,0.5234187852299325
0,0.3862770107328026
0,0.3963931580338864
1,0.5305068576844522
0,0.277203106213722
0,0.3932378875966665
1,0.5629292251781743
1,0.6693121678698606
0,0.2276011543988665
0,0.23162108459224298
0,0.33191288570044963
0,0.46330017382223493
1,0.760500103285138
1,0.6627239323913271
0,0.1635300141552192
1,0.5479131473414738
0,0.4453377552770142
1,0.5954762770286699
0,0.43657960168416426
1,0.6161579265522408
1,0.8189914669469637
0,0.31997019307923097
0,0.37450871208321784
0,0.480191912475266
1,0.6446295423289101
0,0.41948131629691593
0,0.37350710736787857
1,0.6218550077213744
1,0.6516828290907363
0,0.3682483395622045
0,0.35968823762597196
0,0.44752716403066145
1,0.704561973532426
1,0.746049726689343
0,0.468065558688329
0,0.3759063988040597
0,0.49667595887583704
0,0.28738809104442964
1,0.6654962745289954
0,0.4068657012866393
0,0.3429017772768394
1,0.6345458145552414
0,0.4439020679014786
1,0.5653874898236172
1,0.6466868517211808
1,0.7102331541714102
0,0.4540311970219025
1,0.60251868873927
0,0.4639353005339277
1,0.6397255022095459
0,0.20479416811931897
0,0.20319234172039063
0,0.4893401942201492
0,0.20564810141010398
1,0.5374471505364208
0,0.4259331593924403
0,0.49397160957224423
0,0.275076192790171
0,0.42159698912617427
0,0.44267800877474484
0,0.3681530562941236
0,0.36324106948042506
0,0.3361041079415113
1,0.70897868689689
0,0.47156297637163247
1,0.5750686239105828
0,0.2243684345315763
0,0.17879139913151956
1,0.5543901585926154
1,0.6774646185035139
1,0.506896986733652
1,0.6738964567387183
0,0.48093146562853906
1,0.6382977524343152
0,0.31693511433799804
0,0.284403726630204
0,0.33391522360250814
0,0.46313422427281353
1,0.6503365649391241
1,0.7331777529149711
0,0.3040988187048611
1,0.5334163290146168
0,0.443539420734302
0,0.2273070028989189
1,0.5226902235301434
0,0.47700925022818313
0,0.3452284244687539
1,0.6277310231625277
0,0.49612984115392006
0,0.4465165940154512
0,0.4379293153592614
0,0.3500808308589083
0,0.17656473397739536
0,0.3540185937292611
1,0.7234761913002422
0,0.24166303526083902
0,0.3549401679821045
0,0.4197696638096411
0,0.46100113812056137
1,0.5586265195113426
0,0.3619092678638588
0,0.1646968887021364
0,0.3312981506281345
0,0.38901020973430656
1,0.7136392699022472
0,0.3318577080142405
0,0.39678808429164203
0,0.2737377837766176
0,0.10699142364511094
1,0.5997563150007267
1,0.8471116784855401
0,0.4783905857263812
1,0.7072986404543721
0,0.324473449386199
1,0.5141932511304252
0,0.48093735395844506
0,0.020679393576761646
0,0.48471074731183206
0,0.38809342707218236
0,0.2899619445945281
1,0.6131616365550677
0,0.32184380342430546
0,0.3105936891303074
0,0.39617331632286573
0,0.3621252349922182
1,0.5878601175568163
1,0.5292290049342007
0,0.3159148757158797
0,0.4425388372483116
0,0.32866128324237925
0,0.308286077555663
1,0.6806461048401817
0,0.35248329045577526
0,0.39890266774471905
0,0.42937589897745837
1,0.8311409887213072
0,0.3466567885354499
0,0.45493062788666994
0,0.20351206130869823
0,0.4676764238085281
0,0.3006900201762304
0,0.24418398053230883
0,0.22374868623776778
1,0.5716784991811996
0,0.29914517271230906
1,0.7277000680739896
1,0.5953815837783958
1,0.6723839148648237
0,0.3759561535688498
0,0.29609708414709807
0,0.0552328404094829
0,0.2713434676366249
0,0.4170012942501129
0,0.49123187949935715
0,0.4133674681148805
1,0.5957157758434399
0,0.2580887500905764
0,0.4942231984453285
1,0.5789907468837856
1,0.6239921925576687
0,0.4581752669808282
0,0.4323774483958777
1,0.8928393863203969
0,0.4167966046258491
1,0.5922080843638554
1,0.5941643070408985
0,0.1974784139597815
0,0.39683018746864557
1,0.5071324284912825
0,0.4793568891648325
1,0.7397711755370718
0,0.3621157441044842
1,0.6917266398168704
0,0.4946360404237689
0,0.41742539453668553
0,0.32940415569372583
0,0.41579145953184105
1,0.5500726823774182
0,0.27141534059929096
0,0.4288078781618961
0,0.33751367237567653
0,0.24097739756059372
0,0.47487950795972766
0,0.2799821833978408
1,0.629439010090649
1,0.751684837334845
0,0.37132199563268037
0,0.4415666931860925
1,0.6035924549106032
1,0.6107926739964162
0,0.48395066934093034
0,0.4205644927508147
0,0.35803400228720167
0,0.3545571297321587
1,0.5858220068943844
0,0.31087552682231867
1,0.8008408792020977
1,0.723815591772791
1,0.622475685605227
0,0.32962572787866196
1,0.7276878792356766
0,0.4743258487349268
1,0.5954963250993166
1,0.7526048436822836
0,0.3071327310753094
0,0.4454338409020597
0,0.26519171628822363
0,0.3264474498626897
0,0.29307437147779797
0,0.4565216659751279
1,0.7995560087443232
1,0.8085421382253357
1,0.5773453581326222
0,0.32162288290160906
1,0.665266378907208
1,0.8330999475090992
1,0.5164723288581301
0,0.4579396670201071
1,0.686564607246356
0,0.4022838326557367
0,0.38233398267462987
0,0.47768692026593956
1,0.5394670472668582
1,0.5066122621000329
0,0.39868279429934755
0,0.374087896255092
0,0.4837189040428941
0,0.3736955348787885
1,0.6990118530170459
1,0.6104665111182181
1,0.7781252529920577
0,0.2851069839187456
0,0.25018463927396783
0,0.4326968806800103
1,0.6703961619770367
0,0.49022949317100567
0,0.4409379577668909
0,0.39781969843522724
0,0.38107564258552673
1,0.5364888401977839
0,0.23375962379376125
0,0.4187619762505928
0,0.4094748967184053
0,0.42647095699588294
1,0.8575005204900277
0,0.3975503197008075
0,0.194660172117215
1,0.5330678889459702
0,0.41802534062016045
1,0.5263073351609435
0,0.395458890949104
0,0.45790709176958877
1,0.5099487666480896
0,0.3203813117572063
1,0.7098930061324232
0,0.3892233174689932
1,0.7796789343352584
1,0.5652551265229606
0,0.03590768700707163
0,0.24984046677895855
1,0.5128350476522485
0,0.2616954407987423
0,0.4097651098046133
1,0.6510980013860941
1,0.651003816343523
0,0.2298284669550792
1,0.7300924706863671
0,0.4129349773423307
0,0.329202177209952
0,0.49687840637287733
1,0.6301254329530843
0,0.4574355485692575
1,0.5143166391404326
0,0.2905981936971458
1,0.6810683901842758
0,0.3435410633026024
1,0.6144969840016308
1,0.6079940067840988
1,0.618134858218039
1,0.5094070757543094
0,0.48482573423276587
1,0.9715480331203226
0,0.44081526041590674
1,0.5903912036149279
1,0.5203056924698954
0,0.4026060863021173
0,0.4485752774406979
0,0.3396262641105505
0,0.28270000228947845
0,0.438421740923867
0,0.3072373472583552
0,0.16309404923329138
0,0.4703564014374518
0,0.39452281673373546
0,0.2664937012265184
0,0.4774474721052915
0,0.3743096824854018
0,0.32570647152451576
1,0.6639444029433327
1,0.5310885494224852
0,0.16793666390411435
1,0.6311200012262486
0,0.464415897161473
0,0.3947495081194226
0,0.4324235033554783
0,0.27480968443663495
0,0.33912743451376154
0,0.2817386684079759
0,0.4527735958835315
0,0.06032966666755522
0,0.3773734006235228
0,0.35366582848738953
1,0.764374477523107
0,0.4592868026303418
0,0.3968374652043003
0,0.3383588081070375
0,0.3091144302487119
0,0.29567117532739084
0,0.43705734556365117
0,0.2576929706804842
0,0.40761719843721356
0,0.47277433183232825
1,0.7851367730365798
1,0.5573340320746168
0,0.4542775607645922
1,0.5488486881131787
0,0.3874959679418053
1,0.5173081121394627
0,0.1559057270900504
1,0.6588480313316923
0,0.3281026050334508
0,0.4928347867365839
0,0.4899179538636174
0,0.2394953401177519
1,0.5917125004316589
1,0.5998709086928994
0,0.3449200605633807
1,0.8570131358725892
0,0.48920000541678216
0,0.34349647732439637
0,0.36756354975814487
1,0.7222625956637617
0,0.2734097708729002
0,0.4152683601301697
1,0.5577892670876263
1,0.7234721284375573
0,0.45340729154537873
0,0.33393434199602356
0,0.30732467319829254
0,0.35720542917137116
1,0.816221447695682
1,0.5543596225068746
0,0.16556652268539843
0,0.31506113056423934
0,0.4982660359004375
0,0.3100580669900187
0,0.4631977036237096
0,0.45114071534134864
0,0.49716672202234785
0,0.3979330480538007
0,0.2931453781735679
0,0.23382049722162582
0,0.43795730477091505
0,0.2971886092458548
0,0.4105340278671663
0,0.4472193321883939
0,0.30060364261250266
0,0.48986477131621026
1,0.7232991170592942
0,0.3639086974287262
1,0.5538913798869698
1,0.5092173674731068
0,0.39760340971159613
0,0.3137644073086958
0,0.49119867611351625
0,0.3971880659068416
0,0.3588088068065377
0,0.41494329695423565
1,0.7605011348872248
0,0.46439316610779635
0,0.4083947767424117
0,0.35718854865703414
1,0.5464649265084542
0,0.4237231874284012
1,0.5423910578210448
0,0.48952411428659975
1,0.5817311314435809
0,0.4214397053506068
1,0.6605183301411183
0,0.4528058885755279
0,0.3197397830119906
0,0.4623007900186511
1,0.639233472221307
0,0.39938666911933735
0,0.41959810944421144
0,0.49662136960749403
1,0.5851571975065729
0,0.20621083072967702
0,0.4118700057924526
0,0.13897357028807325
1,0.6050385594178012
0,0.4532338444267559
0,0.4280769545051108
0,0.2895999946050847
0,0.2342081262317031
0,0.43343705245856035
0,0.3864431506274599
1,0.9706933204545183
1,0.6724175515044951
0,0.4735076394650354
0,0.3878778113668193
0,0.2415585186358731
0,0.4278282139573618
1,0.5802881370737846
1,0.642059778908671
0,0.4229855343045842
0,0.2950084427169802
0,0.43811524396283863
1,0.5428968112834046
0,0.47684224432614225
0,0.3589157430734556
1,0.7351793340717895
0,0.46020297217276057
0,0.25953595676147556
0,0.18925417351651272
0,0.13122978058167584
0,0.4960906849520529
0,0.37727786429144583
1,0.53347597762528
1,0.7388336903011683
0,0.3675143474865474
0,0.47227377906625434
0,0.2773452641383858
0,0.41869030763323384
0,0.25196553406159833
0,0.33601538972526274
0,0.34162677016967435
0,0.42669547024787996
0,0.18702203333993273
0,0.4066141909298825
0,0.4290415749191662
0,0.411481589615313
0,0.3677324003123179
0,0.41600212365651784
0,0.32918903653692627
0,0.2755885263737328
0,0.35092937369191374
0,0.4336389940052905
0,0.45977055104100906
1,0.6232481316970799
0,0.295997192373241
0,0.24426143536287118
1,0.6424701050395328
1,0.6885134597986927
0,0.2607758754031003
1,0.5535631442987572
0,0.40087025274334875
0,0.419667591144408
0,0.25556053632319664
0,0.28377830394863013
0,0.0742570597369467
1,0.5135279016325495
1,0.6092745053628358
1,0.5382772049365434
0,0.1518715232435004
1,0.6230944263397954
0,0.49095179319121374
0,0.459259765032399
1,0.5678461872129873
1,0.546621116632909
0,0.4941654752723587
0,0.29541274984934274
1,0.5727023335681384
0,0.21667094283291907
0,0.3755024111810238
1,0.5171169096450495
1,0.8252967418574422
1,0.5831534141234396
1,0.6134141964563453
0,0.3442098339577739
0,0.20174881537473055
0,0.4910045748266479
0,0.34114508175167835
0,0.4756280616009477
0,0.47791090635992534
0,0.2778293036343626
0,0.44755623403529105
1,0.5055234768894593
1,0.5529080330868396
1,0.5351065418308749
1,0.6105063081633604
1,0.54002074343616
0,0.2741977317076328
0,0.47497215210775096
0,0.4239858686962938
0,0.27132802252005905
0,0.37957818012430505
1,0.5459106707380962
1,0.6079290099321036
0,0.4071397648034088
0,0.10386624098225226
0,0.1538984823098875
0,0.3241097827460137
0,0.3045849550454028
0,0.4817229365776006
0,0.33335254620075655
0,0.31211877730999266
0,0.3104790268737926
0,0.3011495841607448
1,0.6926644004353669
0,0.3338035726316752
1,0.5539110739977143
0,0.41123393023527094
0,0.09644529291172232
1,0.515977353833308
0,0.4838873115170228
0,0.04684179376837902
0,0.040006605005470514
0,0.10074621693933565
0,0.3155190363077102
1,0.5127641177005666
0,0.4491135345252893
1,0.5009323401270339
0,0.47323822987802966
0,0.19684540962090843
1,0.6764848139759999
0,0.44974088227372666
0,0.35551366012567504
0,0.392186759711558
1,0.5699985288447126
0,0.44109085640371354
0,0.08171410128777158
0,0.36575492032872825
0,0.2366135139193796
0,0.2052371903424606
1,0.5628857914911719
0,0.4939478428042062
0,0.47514451676295333
1,0.5051220242712056
1,0.6894074313770475
0,0.3593572419269411
1,0.6309322921413187
0,0.3583576329339375
0,0.2546115583038705
0,0.4027864283490251
1,0.7283177366032073
1,0.6324473782426706
0,0.217259427461755
1,0.5066686120152375
0,0.3781337424639045
1,0.6754963345372617
1,0.5079679925672391
1,0.5129408351706107
1,0.5421291960254725
1,0.5005988475265737
0,0.49825846517801897
1,0.6253334005147798
0,0.330514641616767
0,0.23570978456681482
0,0.3001244920511148
1,0.5728588806021818
0,0.47338545226414297
1,0.811679321208493
1,0.5161260999789907
1,0.7367533800386811
0,0.17866138981583776
1,0.6207653495914349
1,0.5389014845661467
0,0.2933564934749693
0,0.46604042118511874
1,0.687165422239448
0,0.4729092161525374
1,0.7032718241216294
1,0.5997635467409673
1,0.5274904252173349
0,0.4691873494594467
1,0.6716181596154203
0,0.4719452458194023
1,0.5145912144681984
0,0.3027438454487711
0,0.3102701210123793
0,0.42845261349043906
0,0.47748563950669565
0,0.3701133044606918
0,0.24070127912753675
1,0.5154074840007553
0,0.43352951502836634
0,0.4323229807621608
0,0.041443076320645755
0,0.19823492225698097
0,0.35964216677784955
1,0.5546952364559077
0,0.4932475624027396
0,0.4764123408244841
0,0.39120641977013687
0,0.428251754499444
0,0.48017750138606646
0,0.2880517509541807
1,0.7887271657120678
1,0.5558778480002745
0,0.3103249269113893
0,0.41029952757056887
0,0.40546189628774604
1,0.610084077539453
1,0.5384581836250459
0,0.26153617247342115
0,0.29507594207428595
0,0.1708732528251533
1,0.6534128055283649
1,0.8829577058849105
0,0.284781813587251
0,0.4512938200823363
1,0.5815492943426609
1,0.5620386814439982
0,0.4267169330816024
0,0.3766872304475638
0,0.45565052507874215
0,0.28487226441917946
1,0.8185745972243607
0,0.4436915756308468
0,0.27492832226910124
1,0.5208489764397896
1,0.6762639265353726
0,0.44529744227812385
1,0.5819162963655845
0,0.3358939083927788
1,0.9030460663716253
0,0.34418624316212953
1,0.6565273326851223
0,0.40985985671808406
1,0.8439294563026354
0,0.22915695257214497
1,0.5052030763032526
0,0.32252462638653134
1,0.6531590506646583
1,0.5463822396608021
0,0.3438760594464866
0,0.3085334299426323
1,0.5758777704906638
1,0.5416179333948318
1,0.5930918965858574
1,0.5475657547055998
0,0.4360971555251781
0,0.44937123903076526
0,0.2506677907619227
0,0.3259160301901315
0,0.4054021418432256
0,0.3771335300082567
0,0.0804135101311886
0,0.23397101026428677
1,0.5326842793710269
1,0.55383928125517
1,0.5273969814120208
1,0.6107508894087946
0,0.37876226564092286
0,0.2445066632196282
0,0.4453909203056164
0,0.1754824050914074
1,0.5870709261426111
1,0.5581891927555801
0,0.21908751868995072
0,0.47418693776406556
1,0.5500608045460923
1,0.9858441880089913
0,0.4062193986319708
0,0.3862376023054332
0,0.3802617055601643
1,0.662615989489901
1,0.5371003360898906
1,0.5877317362894201
1,0.5811670200660781
1,0.6553011446281389
1,0.643373544700914
0,0.3177607615398382
0,0.4978868876517582
0,0.4653015835874361
1,0.6737865312193744
0,0.3252379534941421
1,0.5898240099079086
0,0.43452032085709785
0,0.47198665443648696
0,0.2838446322977593
0,0.33381713500888105
0,0.27805940119512995
1,0.5042751984955269
1,0.6484642407044462
0,0.497073598513622
0,0.36114720548417634
0,0.37540314316804224
1,0.5021446500219869
1,0.5486452880380595
1,0.5635691400072027
0,0.3493006478898101
0,0.3859947237914321
1,0.5703480191206427
0,0.09648454867204427
0,0.392195198482394
0,0.32126565704428034
0,0.42957287711344244
0,0.47171312473366833
0,0.40834752051305057
0,0.48305142198959816
0,0.48247184424926953
0,0.3216419952674214
0,0.40001954028199355
1,0.6744932646283583
1,0.7874690422606186
0,0.40109930768732616
0,0.3951375705749755
0,0.4258927413163221
0,0.25665956715160176
1,0.572597856481614
1,0.6106751143276633
1,0.6820762159950755
1,0.8399708488928257
0,0.32458361504312305
1,0.5188421065772505
0,0.294593033669159
1,0.7086409324039008
0,0.309631244675389
0,0.37944832479032364
1,0.8035179592003474
0,0.3444359112557822
0,0.21468670496489578
1,0.6078410311212695
0,0.38874574734526685
1,0.5943286906079289
0,0.39993833848658045
1,0.5824910820653733
1,0.7687424880957285
0,0.36127717885760396
0,0.3203390906439348
0,0.16764274657254466
1,0.5100745778909832
0,0.4560907582759474
0,0.37927284831831876
1,0.5294926359339679
0,0.45542284065154104
0,0.4979671429431101
0,0.432597068091987
1,0.6154044167397661
0,0.39323105914341117
1,0.5506967693038178
1,0.5376312003869126
0,0.3301375376293184
1,0.5105001749879776
0,0.10355207366707025
0,0.3266698042378797
1,0.6354637767279164
0,0.24308995452646195
1,0.5299220009708306
1,0.6970690704056738
1,0.5662776970655459
0,0.3349771075346483
0,0.3026033260511056
1,0.7589224482789293
0,0.47993672872079723
0,0.4258397181462217
1,0.6379450749083072
1,0.5751948084111856
0,0.42812181864448023
0,0.2786222064810662
0,0.3760716041552549
1,0.7245893416008623
0,0.44102718021043363
0,0.07974449763327428
0,0.3655916002948327
1,0.5912307313667862
0,0.2526586431261839
0,0.017612646577898204
0,0.3952632834020397
0,0.39419033311085955
0,0.39021954715788637
0,0.3142946582208369
0,0.3053972986189817
0,0.4160358371129875
1,0.5757386287606946
1,0.7481109966510047
0,0.3679320004015294
0,0.21930792221013293
1,0.5721296603108277
1,0.5465824837518366
0,0.3767100651220436
0,0.47244119596515827
0,0.4951616259158998
0,0.30943943991691697
0,0.3065132617934146
0,0.3381617778433677
0,0.47427180002530905
1,0.5927129753782545
1,0.6392245369408899
0,0.44398040286990664
1,0.839087684604668
1,0.7966853440667466
1,0.670769160959097
0,0.4297060312744033
0,0.45720793008523963
0,0.3512367965429959
0,0.2987773863193991
1,0.7232482477108634
0,0.32405917283713165
1,0.5833310114982143
0,0.21392730025034587
0,0.3490596451535413
1,0.6299663579952418
0,0.3259995083928159
1,0.6440945841930025
0,0.4519627810602404
1,0.5162287686624429
0,0.302261426360476
1,0.7094701872499883
0,0.1323586554371391
1,0.603690998140462
1,0.5416074362872502
0,0.36959550507712546
0,0.07628489981770764
0,0.43893068971542154
0,0.30053817338445904
0,0.3780991715131735
0,0.4721090734699666
1,0.514526129175608
1,0.5873539243045235
0,0.3679770559362288
0,0.4214944677596117
1,0.6182633780640028
0,0.3875435616232907
1,0.5074608773761711
0,0.43840644619537217
1,0.5378096792633217
0,0.3917839827424875
1,0.5150158185152652
0,0.32474842881662325
0,0.14081797160458623
0,0.30383940310913365
0,0.33679919257248486
0,0.49419205099289276
0,0.44792782769517003
1,0.6005180046896872
0,0.4024210158095563
0,0.35822318324287566
1,0.7610620059267349
1,0.6588196255554993
0,0.3909752299647783
0,0.30966091500015686
0,0.4760065705915015
0,0.3120063172895936
0,0.3771709571165259
0,0.4477468651427389
1,0.6750792634760308
0,0.2843597677968643
0,0.48441516116115535
0,0.32535338784061046
1,0.6792357040312197
1,0.5601871989095569
0,0.4132593841478868
0,0.1325359831955252
0,0.435455351029721
0,0.29301981634945684
0,0.2715857275890052
1,0.5952786919231005
1,0.6480204671867205
1,0.7662881867578176
0,0.17858291869202908
0,0.3928203400851084
0,0.4008326840527357
0,0.2519342164712986
1,0.5320913131184241
0,0.3507900353914489
0,0.3972309792750373
1,0.7672917849863686
1,0.5716016010377841
0,0.1179068967224424
0,0.3575732406732526
1,0.771412325662022
0,0.4973785764936626
0,0.3398877653821047
0,0.4148949510314369
0,0.05753498442223021
0,0.4471124259988778
1,0.584112433764526
0,0.276931022972357
1,0.573474877414737
0,0.29256525643104936
0,0.4562102411159606
1,0.877137317923605
0,0.3807101148876804
0,0.36520547459235536
0,0.40676007326205643
1,0.6148694267472843
0,0.4729874092472179
0,0.3619217425319372
1,0.6010748458703514
0,0.4667860783274708
0,0.3777338635929531
1,0.536772548849764
0,0.49335339049190147
0,0.406646939040667
1,0.5866859601327934
1,0.5458332045222843
1,0.5012633924198774
1,0.5169153284982926
0,0.24222633309075575
1,0.512996057494034
0,0.22059692364216804
0,0.38215589247348847
0,0.33833853986412693
0,0.08710568389719074
0,0.46747054360956203
0,0.29996484671145207
1,0.6764532840511006
0,0.3207526225054111
1,0.6025911811344464
0,0.37230645929119693
0,0.3238384367128666
0,0.2610137014793077
0,0.11039251275915106
0,0.4988321129412076
0,0.2773141343856965
0,0.45135875718140667
0,0.49431619893860085
0,0.4158838132765641
0,0.2810839956800176
0,0.29673911516397034
1,0.6809357242120926
0,0.4775602406248025
1,0.6563814022938002
1,0.5321324150384545
1,0.5962384959322783
1,0.6886771644568718
1,0.5229316175497879
0,0.34367343442053905
0,0.4975628146434057
0,0.27643474681606583
1,0.587143872131807
0,0.1864391176227922
0,0.3862214226325775
0,0.4969852811530645
0,0.3591259397612218
1,0.6417497805438407
0,0.489804425178356
0,0.20759727184337
0,0.22442513106770118
0,0.40745390943660137
0,0.1754126254442316
0,0.2595824186156439
0,0.38238759338303646
0,0.42458064155199493
0,0.38307092101936147
0,0.3188391660527736
0,0.28206611093469025
1,0.5001252686816553
0,0.4147421951173678
1,0.7083162420614851
0,0.4458987251174067
1,0.8629168398749675
1,0.5996412027337209
1,0.5186963193868728
0,0.4820362775784283
0,0.3328867676442006
1,0.5901806304340814
0,0.30429420517308503
1,0.5849718837679958
0,0.2419565710840025
0,0.38725877972065936
0,0.2644550393867036
0,0.3391869242755768
1,0.5850835657343083
1,0.825523929410039
0,0.4353690591163811
0,0.41257687208872657
0,0.37487425596738816
1,0.7214599051473912
1,0.5996418868059371
0,0.3157740585099684
0,0.1453426693652811
0,0.44713735151613176
0,0.4477596019224533
1,0.6986130612778683
1,0.7200266609714713
0,0.3212981588660956
1,0.6996049128488431
1,0.6723972922978865
0,0.17461982125762343
0,0.4508549939975799
1,0.5600318473330027
0,0.2376607666821434
1,0.6846602047535734
0,0.39741862704755926
0,0.42485600847796
1,0.5600672448100353
1,0.5090591283496216
0,0.45759821999001304
0,0.4978313557244399
0,0.4917316127747185
0,0.318801140025624
0,0.383256341320186
0,0.4315206778471753
0,0.1358103031808387
0,0.2859498306753973
0,0.4276204219437589
1,0.5043868370420723
0,0.414489156011299
1,0.6154496562071036
1,0.6592664044438763
0,0.3532597114540132
0,0.44708218729367566
1,0.682131786880216
1,0.5213933208872031
1,0.5359514899472626
1,0.5848389639728253
0,0.2773889493389121
1,0.5446683582591701
0,0.14610208003663766
0,0.3287711458225067
0,0.37805163637491834
1,0.8749639981174959
0,0.20529115941723933
0,0.4687951076516641
0,0.25478122958402155
1,0.5522922975026572
0,0.23605433726575037
0,0.43573513225085236
0,0.3561558555069475
1,0.5081037962227275
0,0.29344906674735083
0,0.282631320982589
0,0.46291312076132085
0,0.32661310942456234
0,0.4450758166750479
0,0.4700411104195615
0,0.24325441751073273
1,0.5506026889186805
0,0.4810496679130289
1,0.5350822915613939
0,0.42599438867641687
0,0.4073016141188324
1,0.5016819740747028
0,0.4251354716492159
0,0.3283471323336323
1,0.5213120816010345
0,0.37623822647947286
0,0.4549870467605967
0,0.38750807402730486
0,0.22877551604293891
0,0.4712885792987857
0,0.3805328402109671
1,0.5053074868505171
1,0.752056824049494
0,0.46204541769405294
0,0.325234122017691
0,0.47446020307516246
0,0.3344143254383066
1,0.6869837905638153
0,0.04687927064930003
1,0.6696222885880053
1,0.5092617865094026
1,0.6878147538754267
0,0.28432503700407463
1,0.568743530972388
0,0.45491117869861075
0,0.479176806031152
0,0.4761719811181098
1,0.7046075436187995
0,0.36077844363443856
0,0.4510930038262368
1,0.5860304878419947
1,0.6445703018072358
1,0.6668299442528873
1,0.5990295682061547
0,0.2962336032320439
1,0.503664810122522
0,0.4482252115658394
1,0.6100682868836402
1,0.5076850926843818
1,0.5695786439123025
0,0.3552561072113401
0,0.401754132367671
0,0.47411431701314877
0,0.38273867662421285
1,0.623003737324101
0,0.1879507009864084
0,0.40442954315218277
1,0.6017175366015055
0,0.33515052202473417
0,0.34999419944220095
1,0.5995634806899919
0,0.3618568816827121
0,0.3254273282722974
0,0.364876251049614
0,0.3088487173463518
0,0.3350396157762784
0,0.42361852147631895
1,0.6998534480858819
0,0.452944108650584
0,0.2786051279977611
1,0.722638142089501
1,0.526232973263002
1,0.7206668540994192
0,0.3498944926321754
1,0.7075729163655898
1,0.5196644687348587
0,0.2779695777055145
1,0.5007416995670568
1,0.6537172764687474
0,0.17844248112659514
0,0.34187981128202066
0,0.3998326660398822
0,0.39767008072886106
0,0.410993719110305
1,0.5814160542175802
0,0.43661125797028044
1,0.5416449331919746
0,0.4974954492142195
1,0.779021036966077
0,0.3366524984887859
1,0.5830061464944997
0,0.28064394006251625
0,0.43466337207219263
0,0.45208939908355084
0,0.4083646285828513
0,0.4223703076704471
0,0.30792703489787326
0,0.26508216272968765
1,0.694937609088287
0,0.4804254143077298
1,0.5567595780474426
0,0.45514533002463
1,0.8951982391172133
1,0.6290439164874057
0,0.38266854160347336
1,0.675734829113243
1,0.5786552089022731
0,0.3287821887588181
1,0.6273650873074522
0,0.39139330572661457
0,0.33896842886769146
0,0.2930307480066081
1,0.7162634621950653
0,0.3304781072102937
0,0.44659075351274424
0,0.2648941063018365
0,0.41520988340481707
0,0.4392207368022942
0,0.4460193034101348
0,0.45879883463754867
0,0.3884643797486099
1,0.5966853517133576
0,0.3810503650571804
0,0.45280167525089954
1,0.5996786676577843
0,0.3206618683734552
0,0.2677743369685018
1,0.5720586737088108
1,0.594712003800096
0,0.4237589009579548
0,0.420043245336044
1,0.7226694004273905
0,0.2834696833471777
0,0.15209972876777283
0,0.19754588974190032
1,0.5366680444347014
0,0.3079385513806314
0,0.3837189582392845
1,0.5293214007829639
0,0.406614311031381
0,0.3704299929561796
0,0.30669083653883866
1,0.5049976345023292
0,0.3696610036614707
1,0.5023627960107531
1,0.5464654566590071
1,0.5883193688914891
0,0.4994301716236301
0,0.3770464498795553
0,0.41901700171739464
1,0.562303244461287
0,0.49206789974167636
0,0.40348001685759394
1,0.6224046289720855
1,0.5287007270586553
1,0.5150713383625343
0,0.31179027906236106
0,0.4555466730773184
0,0.4062511252865771
1,0.6064055437240501
0,0.46607343312665417
0,0.37684767181488676
0,0.37193353356778275
0,0.24902156531186756
0,0.49333977363918285
1,0.5060079938775703
1,0.6069808359676542
0,0.3123841295458159
0,0.3824436580274388
1,0.5888269565162862
1,0.6228233364160205
1,0.5234821325667364
0,0.3195315125819742
1,0.7000247696192544
1,0.7629640245295513
1,0.5654622222745473
0,0.44128398822538717
1,0.5614405178288663
1,0.5501511517725057
1,0.7186630676979134
0,0.39214952946229686
1,0.6534622462356083
1,0.67091004559736
1,0.6749498008037769
1,0.6527353143294596
1,0.5178131633718864
1,0.5522507570157763
1,0.5008279303737765
0,0.33060278724899994
0,0.4496485655184792
0,0.44075772674698727
1,0.5277067868892424
1,0.5180425350519662
0,0.45466095967435005
0,0.28932902453421916
1,0.7926776049332975
1,0.5443614806516124
1,0.5122220234715059
0,0.3169178214323822
0,0.429608864773662
1,0.5197399844761987
0,0.2167780851025234
1,0.7010045189440401
1,0.8326162792360954
0,0.3541140689518892
0,0.4810872377563179
0,0.4033553745244323
1,0.6895586617558521
0,0.46887131145690913
1,0.5047681853539209
1,0.6599240936480808
1,0.6057839355303103
0,0.3888124404266225
0,0.4271991746775158
0,0.48888564254964095
1,0.6934216815402402
0,0.2680502543807255
1,0.5908917462052221
0,0.46179766945319456
1,0.7299760463131604
1,0.540652804556775
0,0.2888784583751458
0,0.4871308316914335
0,0.3716220708247412
0,0.27724682447090665
0,0.22090991601229476
0,0.393402364415002
1,0.7036965441982368
0,0.15018381985272358
0,0.4423293470462111
0,0.48188661046608183
1,0.6109904101366707
1,0.7436536369990308
0,0.3261894535586694
1,0.7625795155165599
1,0.8094961879232846
1,0.5319039593858094
0,0.3935389029323305
1,0.5122253527511894
0,0.28066472641564433
0,0.41222423386357354
0,0.487182685098057
0,0.4533575569830251
1,0.5613326141252948
0,0.32528416104744756
1,0.73758516520235
0,0.16378207959197374
1,0.5233034974445178
0,0.31487454680576143
1,0.626775575352339
0,0.4123047266709403
0,0.4453444658438431
0,0.1463234529729344
0,0.3125528159811189
0,0.4158142159482606
0,0.4867958729487294
0,0.4038683777430884
1,0.5973191808889388
0,0.3910905695141976
1,0.525077959574733
0,0.4104313089633403
1,0.5542440975659582
0,0.4005081574376372
1,0.7541322863933017
1,0.5146170094495568
1,0.5148971589493454
0,0.4445879257890613
0,0.4152456515754254
0,0.34547566248799116
0,0.36368423951101436
0,0.095141684548561
1,0.7166273109828278
0,0.32098754093080745
1,0.5398013533771813
0,0.4936985521260264
0,0.3692865486848299
1,0.6364087302123669
1,0.6000975475617866
1,0.7407303392464523
0,0.4836218032101512
1,0.6056896395954917
0,0.45028888517526616
0,0.48123456756586674
1,0.6023535713491133
1,0.5784734157829011
0,0.45532778065954443
0,0.4458153292697131
0,0.41242507039974613
0,0.4126627076270698
0,0.2875207681821657
0,0.17331065779694882
0,0.04658784866885915
0,0.21869650194958404
0,0.45904440507914634
1,0.6180861056684746
0,0.34526464157268966
0,0.4755169929323561
0,0.3994133294491967
1,0.6878361181087559
1,0.7479359394411677
0,0.48174419082588643
0,0.23370571315871919
1,0.6145873163060808
0,0.4015612473288348
0,0.4209100597268037
0,0.26611909740932377
0,0.24453271495176115
1,0.6666507087158575
1,0.6713291063599147
0,0.4532179357869476
1,0.6853665445967075
0,0.4569367214558852
0,0.4034439216730583
0,0.2578451945652047
0,0.38850166615776105
0,0.4999836885491469
0,0.4566662026797501
1,0.7638057680412381
0,0.25261865633647385
1,0.5404745420026467
0,0.4105649184526179
1,0.6131339829323703
1,0.5640457370442599
0,0.3256235799208333
0,0.356958980330389
0,0.47258411613021767
0,0.35503950566216985
1,0.5001287329105734
0,0.37124457867128385
0,0.4073747849291023
0,0.29499620128350745
0,0.3263512788672163
0,0.45375870254635137
0,0.05438312005217321
0,0.4945111400189076
1,0.5414881826504031
0,0.17134641137168186
0,0.3794287670071822
0,0.2749517930036726
1,0.5430835161151376
1,0.7852223533351123
0,0.33510848114753355
1,0.6601311129750468
0,0.4663380001097298
0,0.46488540402308154
1,0.7697834264391971
1,0.6859427475109198
0,0.49627375941547014
1,0.5027699110545502
0,0.39058389634089874
0,0.3637317727371496
1,0.5249980229555631
1,0.6425662247344168
0,0.23880809482102763
0,0.13345949193928558
1,0.6144178288207173
1,0.61141046432153
1,0.5310958946269099
0,0.2503545896444432
0,0.3991040422324668
1,0.5831031058109389
1,0.7788710120544637
0,0.35700619689692664
0,0.4117268013418555
0,0.47917450734847394
0,0.3347819104098263
1,0.6858619071764755
1,0.5224994647997228
0,0.28943941732587436
1,0.7205259495554917
1,0.5328612575893396
0,0.36264211758842335
0,0.41524065020249123
1,0.5238110687415999
0,0.26661081675206055
1,0.5176574092494408
1,0.6818570653160282
0,0.18475279275147016
1,0.5547706125829365
1,0.6577031927470487
0,0.2832581065024964
1,0.6235306783758348
1,0.7813479553619331
0,0.09446358757887424
1,0.6656371057063215
0,0.38851312052389697
0,0.42537434432395405
0,0.4700713225494067
0,0.12004323863624353
0,0.4862450121745672
0,0.20387371663627235
0,0.43621698741717907
1,0.5609729275079859
0,0.1996512659158759
0,0.349290760553378
1,0.5692127167862582
1,0.6346470718851615
1,0.5819525543359243
0,0.30545021392766336
0,0.23573927925444998
1,0.5544196285445876
1,0.504342810252524
0,0.41830283449526795
0,0.37983132781527595
1,0.6176631779762015
0,0.4254279450265073
0,0.3111315875351148
1,0.708678112374423
0,0.4894466920029159
0,0.2928505474728114
0,0.43314540873440327
0,0.41568276774009133
0,0.3275928557854396
0,0.23673958600313647
0,0.27901592826118676
0,0.4340056214667428
0,0.38679664373706885
0,0.25395678711353353
0,0.2478196307689003
1,0.579235635482127
1,0.5036741125506292
1,0.6731783953099354
0,0.42571344900729713
0,0.27609436424183115
1,0.62455092461543
1,0.6040294657948138
0,0.40430961523838743
0,0.4064278798934696
0,0.30503153658958215
0,0.2108750597121137
1,0.6897933711259635
1,0.630475259925528
0,0.42113428441818024
0,0.40823198277911804
0,0.24352247577841457
1,0.6042129572833903
0,0.3369783463607887
1,0.5367683479167448
0,0.41331713008014176
1,0.5444458358997167
0,0.29982479183313704
0,0.42069080250203583
0,0.4739194602471474
0,0.446025231350133
1,0.5267832931661985
0,0.3597420355942259
0,0.46474718785277486
0,0.3802179330267611
1,0.5040406569556086
1,0.5740568017109727
0,0.4919675342075748
0,0.27067763374776793
0,0.42591187645332046
1,0.6606718471642018
1,0.6894353406069784
1,0.6899694810703731
1,0.8842384820281689
0,0.10858882087872022
1,0.550726277031682
0,0.042148528835458526
1,0.7021058870693203
0,0.24826169734797654
0,0.4897610609054575
0,0.49761583583235663
1,0.5967197045269771
1,0.7524397185479302
0,0.4328148924131659
0,0.47951338131165716
0,0.47283526083031535
0,0.2923948816707644
0,0.40603571937869115
1,0.6022012804064112
0,0.4948038924375271
1,0.513922896106518
0,0.3990014341592067
0,0.2633294992203352
0,0.19413910973487236
0,0.25335597939890236
0,0.1469849103582686
0,0.35237257974088615
0,0.2848292846202056
0,0.30030917170351357
0,0.414976049710701
0,0.3645745331602464
0,0.391440999270521
1,0.5777763289551322
1,0.5370465811130641
0,0.3712577508256435
1,0.8012984482555606
1,0.6719228343424419
0,0.3053056616175545
0,0.46791289733372204
0,0.3238438569778974
1,0.5890694586732969
0,0.39103083271493655
1,0.5022877704123552
0,0.4933111105148581
0,0.39633924408592647
0,0.17855880801761112
1,0.5383578046857869
0,0.359116620927592
1,0.6049576174799652
0,0.38782941094140844
1,0.6169658183597733
1,0.5024059548808529
1,0.6989113938567316
1,0.6112501662175486
0,0.21814515595879522
0,0.3145470875521278
0,0.34308862709566956
1,0.5326299003358056
0,0.3567340641269313
1,0.5684320712834148
0,0.4572796328644922
0,0.45594434457717087
0,0.44181562356515525
1,0.5562291405634968
1,0.6380654118467156
1,0.5952236341305833
0,0.49193285273962056
0,0.35973757392358696
1,0.5794387998845023
0,0.3777895742079864
0,0.4261493626816344
1,0.7287485842031608
0,0.3227724396119364
1,0.7440129378246867
0,0.048030156780167386
1,0.556141682864997
1,0.5386291236009135
0,0.4174344942170529
0,0.36153648688186024
0,0.3583456890598098
0,0.44209559891116845
1,0.8140925137792778
1,0.6376933255484183
0,0.34669771419782713
0,0.38368543688180484
0,0.29544293382195735
0,0.22009177945805222
0,0.4033030770343466
0,0.4374576994620664
0,0.4802054835408514
0,0.3649502834597981
0,0.44641950925400603
1,0.8032510953136105
0,0.41032277125104166
1,0.597726437887697
1,0.6966726214644112
1,0.5674872263376235
0,0.42248341269059836
0,0.369493037326855
1,0.7213629177397617
0,0.41843477532845547
0,0.4506729242747372
0,0.45764193371651996
1,0.6519286078477302
1,0.5988184043344753
0,0.3915600523316769
0,0.3714074769548353
1,0.5560872591226943
0,0.34345234061528734
0,0.3386356093127104
1,0.6439532758394169
0,0.4644235132483067
1,0.6754302631225126
0,0.22266489319438101
0,0.3894115056101452
0,0.34552094392286153
0,0.45678014024173724
0,0.43206133440433736
0,0.4487605763856034
0,0.41934751010942534
1,0.5211406763910782
1,0.6303763503155124
1,0.6079699591518357
1,0.9344087182186384
0,0.30996045791181254
0,0.4145643325932028
0,0.4735083261014404
0,0.38949638785357465
1,0.577534336854987
0,0.4451104112058896
1,0.7003980364802884
1,0.5359852397539685
1,0.6100609120285339
1,0.5560590891903855
0,0.3956484036871008
0,0.30687380960249616
0,0.3236950521597028
0,0.4883169219412754
0,0.41084563435413335
0,0.491991897035476
0,0.352973542935435
0,0.3842157818253175
0,0.33178229782613433
0,0.26540611324514446
0,0.4447189716086395
0,0.38165569055644954
0,0.3396163213866084
0,0.4235409720147562
1,0.7226709067438126
0,0.36402548330205664
1,0.5549136126990621
0,0.3870382978166597
0,0.1551106374675017
0,0.43052738177912586
0,0.45387496657392096
0,0.36370631573389206
0,0.22228742799877804
0,0.3728920746174575
0,0.44596993608953367
0,0.4577678202270972
0,0.36533653020214335
0,0.4891053774297992
0,0.3687773697238892
0,0.43373890685195726
0,0.3570422816066376
0,0.14507453633694922
0,0.4170127234113111
0,0.39388467053447895
0,0.27858126050419246
0,0.47763088493586836
0,0.48067199148230405
0,0.2792501775846194
0,0.28405200601922387
1,0.5529084632071407
1,0.5041864681037301
1,0.5679898265337125
0,0.22250149497780927
1,0.6654458893184034
0,0.3178944861698116
1,0.6366953938552447
0,0.4764215892559884
0,0.45655194360874213
0,0.4710872848839834
1,0.532196034466876
0,0.4704564720807266
0,0.2896239387363479
0,0.05615271812159016
1,0.5473371135241476
0,0.42115611010365306
1,0.8449560260083144
1,0.5331307514007212
1,0.8346636484605667
1,0.8479379912230222
0,0.49204948747926175
1,0.5061241699081633
1,0.5609279632664577
0,0.3814480335030521
0,0.45069814513933126
1,0.515303412024008
0,0.1340783402296051
0,0.47083317112077955
0,0.349287806100677
0,0.4828295034585675
1,0.6266426352651072
0,0.3886737366181152
1,0.522952215517629
0,0.45628914193632364
0,0.24362632372688298
1,0.507698753931143
0,0.22437394206005581
1,0.5004208068794007
0,0.35697174426407474
0,0.41651732503234773
1,0.5351033410855852
0,0.13371692338435023
0,0.4349233970682264
1,0.6472078517387942
0,0.4042555769999073
0,0.45355947469386826
0,0.49440034117401666
1,0.595669841260116
0,0.4969584980709955
0,0.3353638271926225
1,0.7629146018137175
1,0.8154527735015535
0,0.32058230552919165
1,0.7661793500085151
0,0.4051842045712833
0,0.499844006560059
1,0.5607178392365686
0,0.39018510048917976
0,0.4288838846496683
0,0.0494284445586942
0,0.45071073224768626
0,0.28916995594293066
0,0.2737538993529975
0,0.1684886520499133
0,0.3070330874525911
0,0.1347392358074654
0,0.4993699095879074
0,0.44982046946673504
0,0.496066609717194
0,0.20593238376972678
1,0.5971479507702443
0,0.21305363092947385
0,0.48829859592148894
0,0.43235509008133777
1,0.5972240826701923
1,0.5929044056438989
1,0.6513295439506568
1,0.5756114811698977
0,0.47779726064121514
0,0.46362079074088197
0,0.3011106489455633
1,0.5151963306069308
1,0.5672225041469326
0,0.34824905121958877
0,0.3394763190702146
0,0.3824844846921682
0,0.47571548655493523
1,0.6040462679715267
1,0.5901595216208717
0,0.3873753973508744
0,0.40267829123293536
0,0.24838637373832337
0,0.420383019113621
1,0.7100295257181759
0,0.38158479651453986
1,0.6320455211127877
1,0.5315662065567984
0,0.26575645189547803
0,0.3169434857583992
1,0.5544487354702686
1,0.5189832988286986
1,0.5617208077265012
0,0.40728648772105397
0,0.22020669323323472
0,0.4430685552083669
1,0.5368863460204066
0,0.12825125865536663
0,0.2542857335680839
0,0.3006898604613218
0,0.34316066089850555
1,0.5010267403461898
0,0.2775803708634126
0,0.46812516112231617
0,0.3808819027868886
1,0.5136019095745948
0,0.42906972972257745
1,0.5817893899784834
0,0.22871700851794988
1,0.5151730418655032
0,0.4090192135768364
0,0.30669352035625824
1,0.5300155398661707
1,0.5319879319916203
0,0.40703937958768965
0,0.3929096305922214
1,0.8314822710614111
0,0.4664210008567792
1,0.5883268807456709
0,0.4408138569064866
1,0.5044377797973383
0,0.33466814475723144
0,0.04438734706641144
0,0.4725693971628097
1,0.6626310170218026
1,0.533554496783701
0,0.4160204376012141
0,0.2513309069296245
0,0.3894231425903523
0,0.4188637506038609
0,0.4633607625629259
1,0.6493964096451805
0,0.28537768831089444
0,0.3683737474748424
1,0.508254330920476
1,0.6451760007550342
1,0.7230315949141838
0,0.4768627845370639
0,0.3994457039207173
0,0.020451555396222905
1,0.5414384226561278
0,0.4853000575222627
1,0.6370817159298974
0,0.22560440527068806
1,0.571002857672134
1,0.5289311118886586
1,0.508614521165878
1,0.6090647817226703
0,0.30886841354431605
0,0.34798941837005715
0,0.3484969827152119
0,0.48891155630849376
1,0.7301368960570139
0,0.2863496123430421
1,0.793408035912992
1,0.5167242236244396
1,0.6196248243102688
1,0.5908547894423946
1,0.5163114456906936
0,0.369541411011612
0,0.4633199049072542
0,0.4993163224347089
0,0.34250108188420253
0,0.3461515334616711
1,0.6561343876714909
0,0.2652662234685725
1,0.5970317724961358
0,0.3338465163085537
1,0.5481285426968472
1,0.5282920719337583
1,0.534383986242418
1,0.5275830272627465
0,0.4349579672507182
1,0.7676652818508073
0,0.4346402536769816
0,0.4949772300005483
1,0.571829784255517
1,0.5905174725084213
0,0.040826372346910486
1,0.8427652673071259
0,0.2801590355781125
0,0.3506064911343473
0,0.39082376588684825
0,0.1967352187709821
1,0.6109093190124089
0,0.4357455381699758
0,0.27864302721977285
1,0.5040359332298258
1,0.6109310013026883
0,0.0893737348190415
0,0.23998727933723965
0,0.1683985854714398
0,0.39763157253954606
0,0.49508434618056874
1,0.713638687741288
1,0.7268737115801839
0,0.28909223951580293
0,0.3006170088296518
0,0.36089774847881845
0,0.2939103222242691
0,0.2743438896608982
1,0.5432666046620769
0,0.4350972465617521
0,0.11040794266822845
0,0.414745150823284
0,0.4080499902108098
1,0.6696073459776175
1,0.8070821007151529
0,0.4712350024353092
0,0.3990690921402003
0,0.4305065789548447
1,0.5440430801278618
1,0.5407009814588697
0,0.3980742396243187
0,0.42978782495955203
0,0.3665020622120661
1,0.6730009605284996
1,0.6275785668694249
0,0.43952139698164444
0,0.4141297886541415
0,0.28597820395423
0,0.4597668819992138
0,0.3500655645487139
0,0.4786829603040701
0,0.4597869641075457
0,0.19110294816432563
1,0.5144121996649768
0,0.2885170224449829
0,0.43166736569923625
0,0.43645455011848255
0,0.2728047931353777
1,0.6448144451269733
0,0.40920170986508614
1,0.5476866551756092
0,0.4104070284990643
1,0.6260036994606029
0,0.29138956184682446
0,0.37733014142751486
0,0.4932269002898554
0,0.20871979017279294
0,0.3668818821794302
0,0.3708409725471126
0,0.310681643301526
1,0.841760625856669
0,0.021491545818075847
0,0.3295117174538604
0,0.29675691523590025
1,0.5696973000782638
0,0.4920233616976099
0,0.17337338464612215
0,0.4274027624181261
0,0.23320561433514944
0,0.3896905189033515
0,0.3345548822050325
1,0.6281600437484333
0,0.3018078293376578
0,0.32738036326953
0,0.2762470938512934
1,0.9268977241557954
0,0.4845451579165316
1,0.6061193676500609
0,0.3876261890481115
0,0.3384340002072948
0,0.19893891618916137
0,0.3135373243042377
0,0.3359582494113779
0,0.22721163295456254
0,0.46687698391293453
0,0.44126660341089885
1,0.6024740475483714
0,0.3120841131482985
0,0.0825203477397317
0,0.07576500527011412
1,0.6841184084832101
1,0.8744652073247752
0,0.4009119672158101
1,0.5148714926966306
0,0.4522951515277052
0,0.2095901165794993
0,0.3346586647531887
0,0.36795044871538163
0,0.4567318783676322
1,0.5140891746324973
1,0.5894061196237721
0,0.3021272144634339
1,0.6405220639603909
1,0.5212639281568342
0,0.05999490055247681
1,0.6255065404494237
0,0.48104715275536214
0,0.3319761487832131
0,0.31198016208631685
0,0.3008583138265025
0,0.4217244690611669
0,0.22757180297250706
0,0.10040314507211791
0,0.4677393190624435
0,0.23993398035231273
1,0.5193781337806075
0,0.057626378823443125
1,0.6421338889845151
0,0.46056979268767534
0,0.25392562993416207
1,0.5640270693236582
0,0.4059014620246951
1,0.5280559600704211
1,0.6096777982521357
0,0.4649660452881042
0,0.11484561801617164
0,0.4850011313640894
1,0.61189140776105
0,0.3525784950770952
0,0.04385268519381742
0,0.4789321821320047
1,0.6869570922107447
1,0.5477475896166443
0,0.3251067025029157
0,0.30687320812113217
0,0.3891522312274667
1,0.570065735896793
1,0.5579512978960451
1,0.5314563197824242
1,0.5619617852772404
0,0.30961879532171366
0,0.28863288757930355
1,0.7524004979166082
0,0.40483546590162406
0,0.3046582995944063
0,0.24835243339619265
0,0.4207209558324631
1,0.5738381236520639
0,0.39307783415330483
0,0.08890402680907798
1,0.6669651599977544
1,0.7494083229496737
1,0.6247004968889579
0,0.4616130983850514
0,0.46495026752553176
1,0.6144173309139982
1,0.7244739490111736
1,0.5128560371666553
0,0.47474213836643686
0,0.3983601321646454
0,0.4018062641379181
0,0.49723699288609485
1,0.5604218135527576
1,0.5490769540060193
1,0.8364503909464657
1,0.6095540867895393
0,0.2521206554634786
1,0.5295990348227367
1,0.7064669948755808
0,0.3262098566405004
0,0.3462837118298727
1,0.5604615195378231
0,0.4035486193048036
1,0.5405554203178647
1,0.6400307021038434
1,0.5147908273574198
1,0.5769096874126647
0,0.28506562289914644
1,0.5726600174804599
0,0.43473804885055306
0,0.3425716216780182
0,0.3326415325452309
0,0.4536629629075725
1,0.5767421982731646
1,0.5991010707985105
1,0.5156465528732905
0,0.37097268443144155
0,0.4480782736223757
0,0.4264144502319694
0,0.3748095825917727
0,0.4386261930745407
0,0.3233734026010304
1,0.5378231509774584
1,0.5024364618961045
0,0.251375865496637
0,0.39690567698035023
0,0.26512984553347013
0,0.47050464498805816
0,0.4853210672426667
1,0.5458242268320043
0,0.3738234042649984
0,0.46058472408814155
0,0.22205144996048856
0,0.28493431650552276
0,0.27817600619176913
0,0.46859755608013487
0,0.47082290673926586
1,0.5132468912841422
1,0.7337119195962057
0,0.41564168015162223
1,0.6838081745860507
0,0.0424148150471534
0,0.3739970726961329
0,0.24792501674701486
1,0.7981626405517727
0,0.33292381352020944
1,0.6634640908985207
1,0.6293541237979099
1,0.5514243267354089
1,0.5542861194000703
1,0.5383147198008048
1,0.6514294412172692
0,0.34367718852376206
1,0.6107476121968209
0,0.43898217497257336
0,0.09294602583156211
0,0.4748373351978918
0,0.49170123589228093
1,0.6081053082664275
1,0.750350322906607
0,0.4253486351555376
0,0.4168892525380149
0,0.34212489413099484
1,0.5249795347433431
0,0.2360044663127837
0,0.22574426454281443
0,0.34471624214537944
0,0.31113185851870834
0,0.39719714517614496
0,0.45943072169638255
1,0.5143296691730986
0,0.3850681167470651
0,0.42763662514820994
0,0.4887901802656485
1,0.6314542690136541
0,0.4650973934554589
0,0.0453909319778731
0,0.47508413835243196
0,0.2769076053021315
1,0.5089910739226412
0,0.4355660951623664
0,0.36151322304141426
0,0.4062352191355176
1,0.6883311804450762
1,0.7635314567592655
0,0.40423526777287944
0,0.12916417737408115
0,0.48251869325358343
1,0.5410983635234501
0,0.3362888576390642
0,0.3993137366574952
0,0.3719297805500794
0,0.35474739940851313
0,0.41784141714232875
1,0.7184954557592167
0,0.28586182081337086
0,0.4223388917223127
1,0.5126140573879382
0,0.40793244254127836
0,0.3600874805186169
1,0.7160836451753649
1,0.572888452349785
1,0.5382196844263768
1,0.58908008962925
1,0.5406734620205935
0,0.48605437351935055
0,0.4168908429102582
0,0.40391487211731
1,0.7779274239732833
1,0.7626366484789976
0,0.47453735893445886
0,0.28879301801346824
0,0.47111873105608953
1,0.5157442507950807
0,0.4245608392017489
0,0.4501675025168527
0,0.46196097528674795
1,0.6025019199516224
0,0.4828941007208744
1,0.601514426369763
0,0.42354424668729435
0,0.3353238245400365
1,0.5203559074182891
0,0.4749594435243917
1,0.6400156863345019
1,0.6502154593429772
0,0.3794699273422939
0,0.3395312096314991
0,0.42419204440413005
0,0.43016007773715265
0,0.44487685841836233
0,0.3229450917605368
0,0.31702732860164
1,0.5647924243766171
1,0.6182292159917891
1,0.5156404613349901
1,0.6679793786496114
0,0.41438711754210095
0,0.3638109699091968
0,0.2825544567399387
0,0.40362965131104656
1,0.5706333078314497
0,0.46533171964409775
1,0.5856083077978883
0,0.3059139709098487
0,0.35538643209230675
1,0.5931959105013531
1,0.5236619352634728
0,0.29498465027440296
0,0.33977818827793005
1,0.6882293889281083
1,0.5228750195451213
1,0.5656729742313883
0,0.11408338579315039
1,0.629716335545022
0,0.39537330397250425
0,0.06269738901048713
0,0.35165436534145783
1,0.5834537156613167
1,0.6059148596513285
1,0.558638655669547
1,0.6012882791113461
0,0.3471001423597845
0,0.17515060231649274
0,0.3783151037888912
0,0.45125815969334276
1,0.5835197352019438
1,0.5515695750014202
0,0.414582150433389
0,0.466372411984165
0,0.34448115628694703
0,0.34697994268380244
1,0.856404046500869
0,0.4695343293727722
1,0.6597616533020192
1,0.5782091476396118
0,0.39885965073160506
0,0.300846595877506
0,0.2240678582806977
0,0.3042209518483471
0,0.37024686812773294
0,0.3679322873802976
1,0.8223333713432166
0,0.23534222342169578
0,0.3787596569734737
0,0.4650792267412335
0,0.4528972025179466
1,0.8640069623484107
0,0.4489255575252429
1,0.5768989896532505
1,0.7556421055494218
1,0.5258400027880781
0,0.33286635050558244
0,0.47335205148812864
1,0.5474616556003151
0,0.2627438723618522
0,0.44787847248346024
1,0.7857003276990656
0,0.3717432240054533
0,0.49553634884151054
1,0.5096488912654851
0,0.3753134767673816
1,0.5715964930730295
0,0.1080943656867653
1,0.8556849390400567
0,0.3920179315690153
0,0.3227600552511655
0,0.44234086698749514
0,0.498247896279029
1,0.6902551141365845
0,0.3066724271791331
0,0.38835254262733504
1,0.5231522237404066
0,0.43833543251142004
1,0.6550479841643816
1,0.5459608772636009
1,0.5494955810235203
0,0.45317904123078784
0,0.31940612202694757
1,0.5709449631781649
1,0.7611238742063756
0,0.489312574563724
1,0.6265266484601919
0,0.46023599659697834
0,0.39830783979799533
0,0.4317171117737142
0,0.3800556445885537
0,0.40026132564752714
0,0.3036929508545899
1,0.5228569153285906
0,0.3660635014419003
0,0.29890674128193867
0,0.4641309279954975
0,0.41582277271788926
1,0.5494017576112035
0,0.38212278125188204
0,0.27236831623706614
0,0.2632041717707863
1,0.592291780545941
1,0.5501297720403956
0,0.35755498421066656
0,0.26735995617259417
1,0.7919159051173563
0,0.3261964715145863
1,0.8115796097674082
1,0.6907806063192685
0,0.49729068742104987
0,0.3100201335474004
1,0.6680510343084995
0,0.418481142341776
1,0.7657922700649116
0,0.37679274809378627
0,0.34089015344783014
0,0.35407047607952047
0,0.48129014974326095
0,0.43486792693191617
0,0.3367800182685389
1,0.9160805363098828
1,0.7324503405466921
1,0.5041147185304531
1,0.5563360419981658
1,0.6401859236806599
0,0.3618704948932457
1,0.6127242494811314
1,0.8165042691996307
0,0.3384489204732808
0,0.41834423030972984
1,0.5764882764320912
1,0.6071185015945489
1,0.6527303538955684
1,0.6297392416234067
0,0.3684996385003656
0,0.48005709330316393
1,0.537060887800137
1,0.5402726621333162
1,0.7741468522342098
0,0.1035064812291295
0,0.20441541930420765
0,0.2509200566106499
0,0.45745906187395424
1,0.6021602742724329
0,0.2932536296383978
1,0.5083439918163588
0,0.3887307752291079
1,0.6439154690002667
0,0.48408438735158893
0,0.250762636987152
1,0.9427430556874558
0,0.16584020763898202
1,0.517368345319362
1,0.5364633604294452
0,0.38972033935697703
1,0.5395230674148941
0,0.4188395165612226
0,0.38038946271873025
1,0.5275197107780175
1,0.6530848635084688
0,0.43895279543772786
1,0.5055267253231844
0,0.29364441708124894
0,0.41923486429074824
1,0.5285439497291703
1,0.6702745343221491
1,0.7186244648756112
0,0.40415520260681964
0,0.23657605647192342
0,0.3451222100986637
0,0.4277707955479409
0,0.4388782824744993
0,0.45044052968254794
1,0.7416970847031338
0,0.41608629538425224
0,0.42790192020261636
0,0.46779159357831335
0,0.46490025669374924
1,0.5506421115218164
0,0.22685917081289145
1,0.5364395458012026
0,0.32830280482961993
0,0.2545723142487246
0,0.046702055869797796
1,0.8466346878500398
0,0.4153400082188986
1,0.8327303350202566
0,0.2552530123820047
0,0.28173251383030423
1,0.5072497532254853
1,0.6436554570780794
1,0.6747503731823797
0,0.42168612104940306
1,0.5052079045150489
0,0.36976112354134627
0,0.22062238556304103
0,0.33736815093566835
1,0.7666297941795517
1,0.7327213574839133
1,0.57626713413492
1,0.6713518447124769
0,0.29220507308848664
1,0.9393040253825674
0,0.47419340611568334
0,0.4398091191309562
1,0.520391562026702
1,0.5144512125233583
0,0.3409951009724395
1,0.5115759945230247
0,0.37455069348945
0,0.34112710853256406
0,0.42375366305462225
0,0.26073702591226394
0,0.31754518230188167
0,0.41518052446905945
0,0.4281241396746621
0,0.4528029813828256
0,0.27920131853313307
1,0.6291349524467733
0,0.47983322734573763
1,0.5368634910961185
1,0.6846407409340863
1,0.5725425996382019
0,0.2866497152461803
1,0.5552309209954891
0,0.4318072604806897
0,0.03955040730938485
0,0.3752748241052235
0,0.3742116563142162
0,0.2800841815463213
0,0.14794888872089024
1,0.6392652672694263
1,0.536055351234665
1,0.7092330617271242
0,0.32293529086259665
1,0.6890496877365325
0,0.45320528929162096
0,0.43774975604901567
1,0.5482576696084859
1,0.6910736470472931
0,0.43805271608123475
0,0.16262899040770454
0,0.3048215444631369
0,0.28246743933361385
1,0.5104190087565539
1,0.5050367054532339
1,0.5173572564682728
0,0.37412489734752186
0,0.46199836856917603
0,0.39701630418416084
1,0.518027627756596
0,0.448570719779578
0,0.4913503081413976
0,0.029978790420295654
0,0.45751855753607384
0,0.4663435902052543
1,0.501479200419952
0,0.3587773198841087
0,0.49272640499084547
0,0.30403751378476057
1,0.5912134442208825
1,0.6414711021124414
1,0.5348136058135342
0,0.3350881792969557
0,0.23498729572200017
0,0.424753049499729
0,0.38764932913282824
1,0.5312166154346908
0,0.30327065747937465
0,0.49780956094385426
0,0.24561757802824635
1,0.5401561096219257
1,0.5305554185018473
0,0.2727237936386527
0,0.15145214070418947
0,0.44132541906657435
1,0.5086866498666921
1,0.6656896847591198
1,0.6495824201760779
1,0.6074231748650142
0,0.32326714705211895
0,0.39061759084979963
0,0.39066121904901524
0,0.4552889236681391
1,0.5178629163152395
1,0.6212907692753846
0,0.4557998081746323
0,0.372213052053307
0,0.1091367332543979
1,0.5851273196146385
0,0.2735388998002349
0,0.41808803434839387
0,0.29095318224962935
0,0.1899564399383745
0,0.2692293022415953
0,0.1767887570911833
0,0.44128547263066104
1,0.9209037441723579
1,0.6201572653255397
0,0.40818843482759865
0,0.241967677885042
0,0.14659177492212272
1,0.6406103131618034
1,0.526555792203579
0,0.2856874246036914
0,0.15477319796715994
0,0.2139188750543851
0,0.2966458696544003
1,0.5590269330184378
1,0.9402330785162154
0,0.32085371302965787
0,0.4100174649624794
1,0.7972986399928323
1,0.6101140063353199
0,0.4740354453169515
1,0.9148454673896856
0,0.2727195609352084
0,0.4896634496764363
1,0.5512548922004314
0,0.44705594383441916
0,0.4992585094866008
0,0.3999006290139777
1,0.5042154244111718
0,0.31214653943598003
0,0.4693073193613973
0,0.44724320172257503
1,0.547460157701956
0,0.42716691561020703
0,0.4180133276057615
0,0.47822661228046537
0,0.47017991930861835
0,0.42603246668296635
1,0.593439065399236
0,0.42299052510652274
1,0.5677596341676086
1,0.5417579655574004
0,0.49284839652703005
0,0.44515547633828195
0,0.36543654233478284
0,0.3714523960318537
1,0.5084497886077177
1,0.5488961397326392
0,0.3274943586785715
1,0.5174193516129568
0,0.45330289711864985
0,0.3947844213624353
0,0.390651028832403
0,0.2674692216454427
0,0.1874538174971822
0,0.44843284851607546
1,0.5422512565121546
0,0.2415961585601318
0,0.48468379634627645
0,0.3869598747885129
0,0.3126663837288556
0,0.4524216226519229
0,0.4300082709110409
0,0.2417081550281238
1,0.6692058450126525
1,0.5618687309221433
1,0.6146004918158716
0,0.08597744903500334
0,0.30744526739271943
0,0.43831412920803187
0,0.4531591892725101
0,0.4920146232999441
0,0.2476457856357972
1,0.5855002499585719
1,0.6390413881044139
1,0.6528027853057176
1,0.513503552524232
0,0.3816342253706827
0,0.04093648837447188
1,0.5147156737334817
1,0.5379170621849948
0,0.3618615942180853
1,0.5782602497371856
0,0.3886186356370624
1,0.6405201669427429
0,0.45458345036025877
1,0.5013142297210715
1,0.5007607143379169
0,0.2828651599909984
0,0.2321906367099648
0,0.26520258779538836
0,0.47392898182463905
1,0.5803459530308266
0,0.14870356284830027
0,0.31000108488769823
1,0.5143759041722195
0,0.4651905320373236
0,0.4130003148853435
0,0.38124222855499457
0,0.16257469804583274
0,0.2873352369032046
1,0.5043081585927135
0,0.32718667285798136
0,0.11297692311154957
0,0.44947702816301416
1,0.6108826647466157
1,0.5469960740017477
1,0.6147226800608341
1,0.5504409899710855
0,0.4688748880605514
0,0.47753129203538425
1,0.5523133079565291
1,0.6645066333831905
1,0.6740310763658143
0,0.22640438506141558
0,0.3473099718896727
0,0.11881583475580257
0,0.3529885403056763
0,0.31783223326106225
0,0.4677059343885305
1,0.502638664560578
1,0.6988531566289291
1,0.5305788009632582
1,0.6450478417271307
0,0.38657391904850785
1,0.899568250046755
0,0.3166325704917294
1,0.8048218702089331
0,0.08147911520686694
0,0.3457149221014021
0,0.20350704921838098
0,0.38664228201999834
1,0.634734964885972
0,0.4875591384154672
0,0.4412039114818439
0,0.3764931241651292
0,0.2509859633840137
1,0.5256325824276803
0,0.30320947728968367
1,0.5969388460662058
1,0.8264008859377187
0,0.41078801750690297
1,0.6291336063983998
0,0.41047114150908837
1,0.6066028616483344
0,0.4260041879454128
0,0.4170957714549191
0,0.34763088742827425
0,0.32715642967235775
0,0.25261765436068384
0,0.35450455501420697
1,0.5322092772585101
0,0.3731968380462598
0,0.3505024160411127
0,0.23054865202764988
0,0.39959955239093503
1,0.5866062735621902
1,0.6102462623909564
1,0.5330825554575385
1,0.6936412704461525
0,0.37539313080129794
0,0.4773332903982682
1,0.6460083603281646
0,0.1536721678187357
0,0.40534497813249704
0,0.45893625314849645
0,0.28725091580054946
0,0.4638452941786237
1,0.6984110156953091
0,0.42244575318542005
1,0.7199126526529374
1,0.6703962387047704
1,0.5555552317943774
1,0.5298320454516716
0,0.3754491640096191
0,0.3947067070793526
0,0.49622174777108735
1,0.7138720527548708
0,0.4004065456715901
0,0.3472574097914852
1,0.6608047467123721
0,0.3955502375632238
1,0.5474237920986149
0,0.4274096231263384
1,0.7603855725486153
0,0.4520086367401786
1,0.5734666009260958
1,0.5355785156503582
1,0.5723895307824396
1,0.6051002244315529
0,0.14232148189901
1,0.5283186539479003
1,0.579620029601727
1,0.6033693960198463
1,0.5644983573479911
1,0.629479316994989
0,0.30376686319325663
1,0.5280850610975193
0,0.30324192553733653
0,0.2550054642633123
0,0.35029805248136237
1,0.6729365729016301
0,0.4131173427396779
0,0.449492330996051
1,0.6461638340189686
1,0.6606352575035633
1,0.528083121213078
0,0.49547300831767405
1,0.6964818189479831
1,0.5750462949189914
1,0.5873526980912775
0,0.32710508176496356
1,0.5829284208907953
1,0.7392192246885285
1,0.7159389713095603
0,0.27736209669785816
0,0.3693910644975391
0,0.18346915390194649
0,0.362695950409322
0,0.37948694977790826
1,0.703310039205722
0,0.2835669653560821
1,0.508035022169425
0,0.39209647814055304
0,0.2771255892872035
1,0.5132432594132995
1,0.5583971922710773
0,0.22607231976982808
1,0.552103229581451
0,0.3037837457725693
0,0.4417865892191952
0,0.28579550887056787
0,0.3576355078631303
0,0.10259512058771383
0,0.4558569041783434
0,0.29701603602866555
0,0.389246921908812
1,0.5617490976716139
1,0.5702401857273542
0,0.45300811405925373
1,0.5101371746092369
1,0.5287395737837123
0,0.34754523853775743
0,0.34447628926480856
0,0.2709186561551416
0,0.30152573978996183
0,0.4127893950149557
1,0.5914661819410452
0,0.37684844455762967
0,0.4846742369619592
1,0.6449944883931568
1,0.5112113215296757
0,0.47199985671589306
0,0.28808525109169114
1,0.5780787119902268
1,0.666360416434002
1,0.6141705392163644
0,0.21949708957368116
0,0.3987206318776305
1,0.5367369893345422
0,0.3284902864350475
0,0.281717634730997
1,0.5860400816298282
1,0.6091127249437579
0,0.30418475246008725
0,0.3322607874138153
1,0.6554362403728949
0,0.33288532731664794
0,0.29282039305819557
0,0.37246178515185285
1,0.609487199622354
0,0.49988922013653814
0,0.49254758137302845
1,0.5273245730478702
1,0.6616759815975662
0,0.47097526551361074
1,0.5630201592741404
0,0.35830936690032
0,0.4424898079421022
0,0.33073642442329965
0,0.351929096585276
0,0.4039548573076882
0,0.301096129731408
0,0.1985381276450634
1,0.5316340440850782
0,0.3418661111580722
1,0.515626140665569
1,0.6255230821704122
1,0.570419309281372
0,0.2041945444052703
0,0.45311005016357264
1,0.6660965586039468
0,0.31724809705577156
0,0.4938255749407428
1,0.5276852579358771
0,0.4254021949086133
0,0.46706499090006565
0,0.39315830606733887
0,0.4910779565139994
0,0.13565560030834195
0,0.39338204331848875
0,0.37769612108175693
0,0.09976721191786707
1,0.5988405107458117
1,0.516178848611099
1,0.5588155355595723
1,0.568838068486474
0,0.3374737923734188
0,0.28551258131575596
0,0.2750344171980864
1,0.5159269641669796
1,0.6555942027750118
1,0.8511749199818153
1,0.6279858306898288
0,0.4858217132646274
0,0.44081195891769775
0,0.4511959271568319
0,0.47746714299548876
1,0.5184634407262437
1,0.627163780663032
1,0.878222295619649
1,0.6884498456862329
1,0.6495191304708154
0,0.4863029815744355
0,0.27393999264118857
0,0.4251527053485169
1,0.6450634046282093
0,0.34322842947619886
1,0.592766979021794
1,0.5000075214859978
1,0.5356599223616038
0,0.2357055016079689
0,0.3702378950732447
0,0.3116982478194228
0,0.34533119675410867
0,0.44335788927393716
1,0.5847467185261962
1,0.6417176125974456
0,0.3821724107355339
0,0.36169134584711526
1,0.7395894042780875
0,0.3941025645940745
0,0.3980865161980714
0,0.3894246338938149
0,0.20091536652799863
0,0.28442173419796524
0,0.37914143488768337
1,0.5010502161081627
0,0.3509600113741427
0,0.45476660694788895
0,0.2908939069686055
0,0.35604337098196964
0,0.25619503299453295
0,0.4776363650945989
0,0.43449982781537067
0,0.3706893612091658
0,0.40745426122100226
1,0.5526060437931644
0,0.48119758907682
0,0.27947317873335636
0,0.45411680039639246
0,0.2845704033899805
1,0.6802770762904221
0,0.17962948689332742
1,0.5639526041502557
0,0.4040225931718689
1,0.6356315684049619
0,0.4377018322174551
1,0.559570383116103
1,0.5316446328038331
0,0.375757554449146
1,0.5348032663968761
1,0.7100414426325695
0,0.39291067610624075
0,0.1204728515040855
0,0.48312536055675287
1,0.7089585559570324
0,0.2976306978054169
0,0.29561849884629715
1,0.5169851811890456
1,0.83529323856317
0,0.28591618642893807
0,0.24590939723172134
0,0.25323783423568075
0,0.3898208488457626
1,0.5967790893983672
0,0.4930248751104792
0,0.4791223329833456
1,0.8220798419710877
1,0.7437366655613301
0,0.40101517715580043
0,0.2360197796118571
0,0.4702289447159484
1,0.6152166003111031
1,0.5198645871233113
0,0.41739132396138384
1,0.5107321864796054
1,0.6206915971707828
0,0.43934420498671545
1,0.5326279476087299
1,0.5975640079859991
0,0.34001904238808833
0,0.40610181980844223
0,0.4308107323763314
0,0.19991429961314341
1,0.5489799055773706
0,0.4652544498104847
0,0.19670917501413943
1,0.5704890669941748
0,0.4507533116198451
1,0.6644366885361968
1,0.5228234125065764
0,0.4288058210041669
0,0.10020311664875552
0,0.28461986507879333
0,0.43457102307820167
0,0.37884680648227714
1,0.7150380467808352
1,0.6502714399215892
0,0.31537075647143953
0,0.4292329794734879
0,0.2689545144688456
0,0.3155329679648992
0,0.4935309451626586
1,0.5472191147969667
0,0.37571142234114113
0,0.3859320758356282
0,0.25429514449628393
0,0.33901487639155153
0,0.3286805865121551
0,0.04051179399988789
0,0.35271134582999036
1,0.6821997087431816
0,0.4046363561806642
0,0.4406469611619666
0,0.3344527604735999
0,0.4491025123352927
0,0.4986031103378687
0,0.36928796740661857
0,0.3903582746351251
0,0.40612239263376165
0,0.40894679602996387
0,0.468717197812254
0,0.34723619651876514
0,0.36323179130169353
1,0.6342483779032639
0,0.4960634306636353
1,0.5136169354531369
1,0.6314834518114427
0,0.4815904182178331
0,0.4333391805798449
0,0.31748134648424003
0,0.40125424492616824
0,0.397522715476385
0,0.3318549114432316
0,0.22598429511901882
1,0.5884863391783512
0,0.44515597084215264
0,0.3981062334787071
0,0.4606037928151967
1,0.5502641856554152
0,0.3109740706656489
0,0.43133953507878026
0,0.46478142473033046
1,0.6065294252856192
1,0.5848237776624102
1,0.5620482894120642
0,0.42362913498217064
1,0.6748097280709036
1,0.5761961405512329
1,0.8047267686842453
0,0.35445860060679774
0,0.4854650322329658
0,0.37876644087611777
1,0.6331246022814945
0,0.3308441965633078
1,0.5514183571618743
1,0.5559735017174068
1,0.5557134982268391
1,0.6970012912265448
0,0.47744357732235443
1,0.6765782605986647
1,0.591373897520041
1,0.5223376901519675
1,0.5485255104138728
1,0.8904548285876136
1,0.5885992803411484
0,0.3064369083834261
0,0.43298786282638285
1,0.7058695561911058
0,0.4711543258675319
1,0.5213159730556584
0,0.33773799181273073
1,0.564474505468369
0,0.0419266268190811
0,0.2458267232909979
0,0.20516144971376477
0,0.4237317069329712
0,0.43980521842471504
0,0.3379751892510996
1,0.7177397179628562
1,0.5495424257069708
0,0.4860258091515724
0,0.3627261378679864
0,0.36268068267041054
1,0.6335201964227526
0,0.3929942389505627
0,0.1772133485715244
1,0.7420235492914008
1,0.673115369172156
1,0.8030280190084852
1,0.520247917327308
1,0.5238557954890566
1,0.5468936217168965
0,0.43907370675831103
1,0.686578746150203
0,0.46422554216637424
1,0.6092539831575563
1,0.5042838812265367
1,0.5148288769507471
1,0.5758693010561401
1,0.5488657060977502
0,0.41758023407752365
0,0.45411956325336894
0,0.39219663815238964
1,0.5768460815692259
0,0.17941328613079371
0,0.41248757705209593
1,0.6078292393183913
1,0.5528754704352195
1,0.572015592792391
1,0.7097632373452056
0,0.497658075051016
1,0.5157429466768343
0,0.410069761963755
0,0.3592539487233616
0,0.3109857694411336
0,0.42036194738974597
1,0.5784353561406997
0,0.3490218879539961
0,0.24536482947112248
0,0.4054816034337671
0,0.34889648157495373
1,0.5628771939549073
1,0.5365258052972005
1,0.6043231684819308
0,0.4275647952971026
1,0.761591082514773
1,0.627923245611592
0,0.3992079350271246
1,0.6532231249415383
1,0.5625477091847242
1,0.706166633080263
0,0.3584186601787604
0,0.4294433669152773
1,0.5461263963699233
1,0.7128618189587432
1,0.7505777830757562
0,0.46847500652120716
1,0.7048626406396036
0,0.21365165661436836
0,0.14729653822006583
0,0.49731304471084553
0,0.4073790828883776
0,0.427120254253229
1,0.7196379778954947
0,0.18379636168506833
0,0.22127184514621795
1,0.6235986678312806
1,0.9150633319942838
1,0.5472290853276169
0,0.41829647259743347
0,0.4528032404033649
0,0.4845804373602693
1,0.6868431572197141
0,0.36242632318836315
0,0.4646797304560638
0,0.3678432393400336
0,0.42504628161082186
0,0.2857609419319873
1,0.5217837002093881
0,0.3677656831139201
1,0.6280285399044349
0,0.06928656814030912
0,0.40459653505916493
0,0.4337231815005901
0,0.3283687469805176
1,0.5698135205165707
1,0.7380983610548458
0,0.352200183921895
1,0.6012276760899955
0,0.11137684098187667
1,0.5243250125225533
1,0.515572281490904
1,0.5345163150215374
0,0.2521473349872914
0,0.4379334691117297
0,0.3392627294781965
0,0.4585119413179324
0,0.3093756771080051
1,0.6243756868325787
1,0.5128463259556684
1,0.5080284884780993
0,0.21712579546242297
0,0.4219373231508212
0,0.4041146316704016
0,0.2724734789610151
0,0.1405338226803099
0,0.25953693019272944
0,0.3473156512601518
0,0.18375814254878733
0,0.25571383743460496
1,0.54289097148043
0,0.3943763392097448
0,0.44781969550341294
1,0.6104712661279094
0,0.3426527243196629
1,0.556787776101947
0,0.29880759573245613
0,0.09890915326127891
0,0.1950744668411208
1,0.5126649885432438
0,0.3784954481126205
0,0.4746715459185993
0,0.4701435280546971
1,0.5864312179697969
0,0.3207788477699633
0,0.29191587537023833
1,0.9088753742918037
1,0.5516980283859243
1,0.6196649906883623
0,0.4498648210436046
0,0.17833275427121786
1,0.5223552697401802
1,0.6666748039848135
0,0.26441066984664124
0,0.2818644084514989
0,0.27731205041522644
0,0.34658488850043856
0,0.278862882482134
1,0.5437447121636513
0,0.07554082256827024
0,0.4197212066051954
0,0.18129767124937962
0,0.28152264824885714
0,0.4642255103065133
0,0.45282243321799026
0,0.2399448782071417
1,0.8924370112427797
1,0.5700713112932781
0,0.42718522320967156
0,0.4559302279510938
0,0.39732217184030283
0,0.1379080097089047
1,0.5808780643898876
1,0.5139341030354305
0,0.42649132826349895
1,0.7260086516551184
0,0.28970615728027915
1,0.5548626352201235
0,0.27743467501689195
0,0.44065401008650207
1,0.5666682614379313
1,0.7425978790597548
0,0.34087755039378
0,0.22893901852635573
0,0.08458765144899559
1,0.738690835072856
0,0.4489969476832905
0,0.44234513327693653
1,0.5415625609891951
0,0.3530337944924899
1,0.6144372599627695
1,0.6333790321113524
0,0.45737387803783025
0,0.29731099309397685
0,0.42648951377947925
0,0.2754394787478886
0,0.44524339684144015
0,0.1438160685946051
1,0.7301134735040894
1,0.6595606071715481
0,0.4182781967928895
1,0.5528523714856366
1,0.9103707142399443
0,0.45483842413834913
1,0.5077373992605693
1,0.5466299820046514
1,0.7317433030382848
0,0.4244516632604119
0,0.4313743148590314
1,0.6342974502939338
1,0.8154750821385349
0,0.33591756637334735
0,0.38996895391653613
1,0.5681879948795054
1,0.7177788630834078
0,0.3848059947354206
1,0.5368423664446413
0,0.38498228491730824
1,0.5718389630545899
1,0.5636623447441299
1,0.6198195780580937
0,0.3931670861460817
1,0.5188154639160777
1,0.5636362243791602
0,0.29778842255049603
1,0.669845893376004
1,0.580276629279607
1,0.5151115321884733
1,0.5681242895453535
1,0.6228092405182101
1,0.5231819115948082
0,0.3354419306293339
1,0.586682951161324
0,0.24591114677482356
0,0.10465954898177543
0,0.42521153621344604
0,0.446372707798645
0,0.4169398501920985
0,0.4440092162357693
1,0.5522054963689031
1,0.568563751476461
0,0.36721730791059926
0,0.19027778672972082
0,0.44762986664618654
0,0.4583401669879848
1,0.6034112768723978
0,0.4859490756875064
0,0.35143634314705885
1,0.7633623726666519
0,0.38991486359247884
1,0.7020534710633025
0,0.42375605544561507
0,0.44856736535136316
1,0.6837734890826132
0,0.45933691621350264
0,0.39984811657084096
1,0.5410937956156209
0,0.16661017199783143
1,0.5231804655819436
1,0.5162894064725291
1,0.6246239214381353
0,0.40048317070412276
0,0.36804233615044785
1,0.5897857830867206
0,0.40962087789426227
0,0.3877509259398484
1,0.5014699523969113
1,0.7800977815106054
0,0.18831829563670313
0,0.3385154063972881
0,0.32695327226735493
0,0.45316155417740017
1,0.8953526615869892
0,0.35661998455209354
1,0.6938679210060775
0,0.44905499124252074
0,0.3727277935246542
1,0.6096069210059905
1,0.5931112480215858
1,0.5407530727447915
0,0.4607958517022996
1,0.5819199848681302
1,0.5061635818807724
1,0.5400679563184481
0,0.40415669919069597
0,0.3526006627510114
0,0.4059521129429486
0,0.4514651208170801
0,0.4483202209382452
0,0.32419017852223037
0,0.46248923069082964
0,0.3115176804035959
0,0.4496500775255784
0,0.3920911020960038
0,0.39861662039739265
0,0.45902768589255377
0,0.45864000017963935
0,0.34240141565430343
0,0.43826283689557943
0,0.44568730794801
0,0.4592591076787344
1,0.5926373483724275
0,0.36589706746979905
0,0.26394526233883453
0,0.39308701782409167
0,0.326386232125773
0,0.1985843220552621
1,0.663547685586887
0,0.36314593841232956
1,0.7459369211008116
0,0.32605739235829745
0,0.37814931069434665
0,0.42509298505039506
1,0.5884438264880358
0,0.2049425424850469
1,0.6662768003816728
1,0.679799891899928
0,0.3753861061159036
1,0.5936819125618634
1,0.5251461517296449
0,0.1818197990903086
0,0.4643514109749095
0,0.48912685561551406
0,0.22902156622620165
0,0.36290900533079257
0,0.4674106804748428
0,0.4353300515998877
0,0.3968130806204702
0,0.3395774404135571
0,0.4797383324527802
0,0.3688734415451206
0,0.3215442894433189
0,0.0843429405064007
0,0.3637136797727368
1,0.6396423779402599
0,0.4618577221412994
0,0.4250155336963888
0,0.35330835736949023
1,0.5155721448338477
0,0.4948515406573576
0,0.3299671115077565
0,0.3953411709774436
1,0.6054370959895489
0,0.24212031192263359
0,0.2679084096395726
0,0.22812847295309963
1,0.6299730194918446
0,0.3192017808510688
0,0.4008844920133486
0,0.4196326869228627
0,0.3852763427470009
0,0.2817081832705438
0,0.4061061748060128
0,0.4812255790266551
0,0.40063651735203765
1,0.5957939238268957
0,0.25926017111158633
1,0.5527230559870404
1,0.5624503188572818
0,0.32605775755708
0,0.43137762954777487
0,0.1721348444871209
1,0.7686623437991683
0,0.2972270048087532
0,0.39008159299941025
0,0.44956701006530314
1,0.5155790341896027
1,0.5507993524386204
0,0.30488072888784223
1,0.5374697242427718
0,0.3753169622044078
1,0.5073013211701837
0,0.2797912399205412
0,0.4568356926152685
0,0.40987050143544534
0,0.3537987644831443
0,0.4551014253809753
1,0.7076856257770174
0,0.4387677971044885
0,0.43405300947290215
0,0.3035093914592468
1,0.5770919951693637
0,0.48201115266359873
0,0.10734668909769038
0,0.1600891770989946
1,0.6865033026879979
0,0.28656311770363857
0,0.4428525486267998
0,0.29935595511938246
0,0.44499104601855527
0,0.4911719829975588
0,0.4782061727945326
1,0.5491578389235293
1,0.6676046875533329
0,0.44597741488883114
1,0.520669961598113
0,0.3913260968398934
0,0.2582890002421827
0,0.4627193576223267
1,0.6104765803358585
0,0.3840761947056122
0,0.36187252248762275
0,0.359951150376807
0,0.19249571278280303
0,0.283494397122453
1,0.586994834690495
0,0.3277321466307532
0,0.31291417502118
1,0.5408580509457946
0,0.3830375385447687
1,0.6029820885695388
0,0.10447909034746353
0,0.3198936289056336
0,0.41158638465846387
0,0.4664328034538867
1,0.5564082641879399
0,0.37143007943984147
0,0.3427737617460152
1,0.5377360713569099
0,0.2951726969443485
0,0.4928819205456594
0,0.44538338019244966
1,0.683735299619166
1,0.6972739589006243
0,0.44036687404082797
0,0.4335841314352926
1,0.5042739407315502
0,0.2651308063423621
1,0.650280251031754
0,0.3065007893918682
1,0.5857131489137639
0,0.2037402696158944
0,0.43992001107325635
0,0.2946729557301141
0,0.3904846487513309
1,0.5363806124197601
1,0.5311794322019562
1,0.7783039265294838
0,0.43228685355256624
1,0.7397438052899027
1,0.8009815315753032
0,0.4786299903762428
0,0.43339091713255345
0,0.42702557112776096
0,0.1548917639727061
0,0.3116624909597094
0,0.35290908229614354
1,0.563862052822847
1,0.6071289227398954
0,0.3643894667424702
0,0.2904072546320981
1,0.6347211591666885
0,0.3765333026384618
1,0.5173814566073037
0,0.34889382251871864
0,0.20588917336284707
0,0.2882812569248138
0,0.4719732963179982
1,0.7129352508961042
0,0.3970455766571398
0,0.2803084549952827
1,0.9595258495141659
0,0.3986307793492612
1,0.8057194899476504
0,0.36105796214185365
1,0.5895155122217313
1,0.53639423115948
1,0.7804400520012785
0,0.24029919382105944
1,0.6427374124347984
1,0.6017118513064373
0,0.07908668345873021
1,0.7403297411163344
1,0.5338007878233774
1,0.5047749290011697
1,0.5185536391777174
1,0.6971136511317402
0,0.48418565656067997
0,0.422210136665142
1,0.5976185130495806
0,0.31996327196183416
0,0.08432132318900892
1,0.763712394354378
0,0.44768191481919745
1,0.6961995912166543
0,0.40245200364758066
0,0.3881270789146882
1,0.6329013584306443
1,0.6093365815336386
0,0.46900964663178174
0,0.23034196259714157
1,0.5828832163235181
0,0.42569261615737614
0,0.27699013582407533
0,0.38812642140991566
1,0.6789403540339549
1,0.5630462166100292
1,0.9112906143018571
1,0.5339873280584486
1,0.586194846033955
0,0.21335244324081118
0,0.49011872903559944
1,0.6119912212613458
0,0.43392309101197846
1,0.6448940661849626
0,0.3901368721756445
0,0.43885641051673496
1,0.5868831077408128
1,0.5938669497208603
0,0.32200032184004757
1,0.577747509271935
0,0.38642644407388477
1,0.5237942090598434
1,0.5553488033402836
0,0.20879672413266367
1,0.5221630918667911
0,0.34940755948982133
0,0.33141641778928654
0,0.4024186330944353
1,0.5705145432115288
0,0.349564191899773
1,0.5697004412737339
0,0.28438449665919363
0,0.2775123727346681
0,0.3146372714680888
0,0.4285501255693045
1,0.5959043686146528
1,0.6024886080725351
0,0.2541082230388704
0,0.4240717285406619
1,0.9192907748764431
0,0.12320724429979923
0,0.38222615224177703
1,0.5168677271824731
0,0.31677145616244307
0,0.27072787563826095
0,0.4235165645790788
0,0.47945942108446826
1,0.6841677836071578
0,0.38358725946411043
1,0.5234507228798936
1,0.5453969728008247
0,0.48330728421248936
1,0.5230970520765731
0,0.43119983413193286
0,0.4849489961482867
1,0.5669755775669483
0,0.4819463459933112
1,0.6106771573503482
0,0.49553518973431265
0,0.4328184697289741
1,0.7643606737158765
0,0.35824187866354595
1,0.7388763546635532
0,0.2674171838857179
0,0.3801816479478817
0,0.37717168157241737
0,0.405698671846505
0,0.37485353094158813
0,0.14101216718038556
0,0.42948174775579084
0,0.2530424157785657
1,0.546428817457219
0,0.4441172855486531
1,0.5214643475992852
0,0.3410120529323913
0,0.43890916220575177
0,0.32286197945557843
1,0.5913234501488079
0,0.304487515312149
1,0.5339754601588971
1,0.7504621080351414
0,0.3811120958861403
1,0.5890931055298918
1,0.5833407257145913
0,0.22932656715354913
1,0.5242676683562907
0,0.40554075764033093
0,0.37778554842946493
0,0.2610066385905234
0,0.4158094760251616
0,0.3357119435864172
0,0.3065646102795069
1,0.5955978825463035
1,0.5285497061062352
0,0.4928757188835617
0,0.4693984022419856
1,0.6336077034763893
0,0.484200431812801
1,0.5741608151420339
0,0.4281647485240279
1,0.7134205297074492
0,0.4363530717243033
0,0.4176722071615438
1,0.6934656436340538
1,0.583780113361657
0,0.45016288828399886
1,0.6490954519248274
0,0.26881519142619775
0,0.37414900429712167
1,0.5979052687120807
0,0.3481419803072946
1,0.5433844340015463
0,0.37514227484326146
0,0.4481626012604417
0,0.30275725904411355
1,0.7377836817734192
0,0.3659085156078767
0,0.46317835405450763
0,0.19297434961001822
0,0.44235660459319676
0,0.23667344746092053
0,0.4192723608816828
0,0.32575329088671906
0,0.4441392070657678
1,0.5251614705826861
1,0.6105695103715286
0,0.45617995862349286
0,0.39143890538735016
0,0.38268374690637563
0,0.47639409424960755
0,0.48001268867456026
0,0.22258949465958866
0,0.2838847541954487
1,0.6902970277707166
0,0.3549376686603499
1,0.5875520728872647
0,0.1290576353055931
0,0.2218554955081096
0,0.4418230814170953
0,0.34145086257342794
0,0.25527800125792716
0,0.3993072337893318
0,0.3248924094916863
0,0.3645086924592528
1,0.8779921262864474
0,0.37386249335518096
1,0.6888811277739995
0,0.29208316805458195
0,0.3458823736653307
1,0.5659113587204199
0,0.3397006430874098
1,0.5550156269599664
0,0.3180892145767719
0,0.1495245645608278
1,0.6773916153612825
0,0.10940116544193967
0,0.3855065655322485
0,0.46201999228588536
0,0.3367515645215388
0,0.4874445965906372
0,0.4644682343681672
1,0.653467083003118
1,0.8578304464026933
0,0.26244092798056806
0,0.405388347536095
0,0.3940513756650368
0,0.38630343567786096
0,0.49734696014273805
0,0.22027571108598912
1,0.691088965023323
1,0.5341692054198294
0,0.2211807259396856
0,0.3878079498029085
0,0.43679786330348847
0,0.39653901472429415
1,0.5394821546987326
0,0.19249953439844716
0,0.48232920534703677
0,0.34552239370093446
1,0.6142017699539067
0,0.4638504495517318
0,0.19169649881013145
0,0.4436010519681473
0,0.14508788393849
1,0.7129288579361902
0,0.399370082980703
1,0.5849117397453755
0,0.3346167864044335
0,0.3872224835526886
0,0.49283668455836027
1,0.7359838126528122
0,0.2455280936492756
1,0.7160035676994371
0,0.23111606994580292
1,0.5319974238191709
1,0.5731915430471216
0,0.46547562412064225
0,0.3025782070733449
0,0.380931834426898
0,0.051038559682916984
0,0.384070942458017
0,0.4156601549644567
1,0.6436016369607288
0,0.30009546696223854
0,0.408530145870519
0,0.29751524370148136
0,0.33995785662246747
0,0.4683082093657644
1,0.6571836088025234
0,0.3838467703755035
0,0.4166417892886535
0,0.47487132558480427
0,0.4771672324226537
0,0.47704440772014134
1,0.5484416442880351
0,0.3494563480947443
0,0.2296800652373647
0,0.45082389056646827
0,0.4285314251056995
0,0.30891120813281103
0,0.3317851526922951
1,0.5657289177010478
0,0.2972986092351362
0,0.2873722180251783
0,0.4751460310811331
1,0.5387699547485741
1,0.5538562989599799
0,0.3390594107467676
0,0.42790112762801286
0,0.1618778135298589
1,0.6350788133595913
0,0.1443584689629994
0,0.3170381501152896
0,0.4164959150139876
0,0.38783514212929265
0,0.4365725872120429
0,0.2989531739761013
1,0.5539540562097575
0,0.48882970907175727
0,0.4787797049881411
1,0.7794587219597514
0,0.2830954223933924
1,0.5799253709919381
0,0.4587463412012995
0,0.09573068080558902
1,0.6031592807719062
0,0.26631895453285986
1,0.8084231454893374
1,0.5216756547100552
0,0.4315120778620691
0,0.4634026267100949
0,0.4622513581210504
0,0.34361168445247
0,0.3644137347501185
1,0.7410762790585976
0,0.3718319618778428
0,0.3168991014671729
1,0.7063383698075053
0,0.3126462601007684
1,0.5207878907430777
1,0.6005994075368819
0,0.490478920191526
1,0.7225398188503205
0,0.34763410776710213
0,0.433546602870335
0,0.3673317207073303
0,0.46443992353432123
1,0.5648860360987554
0,0.3301819475717953
0,0.4553342795351784
0,0.46070916017129726
0,0.13864459224172776
0,0.47647242055835354
0,0.2449019859070138
0,0.14855622453255787
0,0.30195034793274983
1,0.7603101817098085
1,0.5626129396387558
0,0.3347465838156308
1,0.5223972009789438
0,0.4415188264794005
0,0.4090331487953498
0,0.35842417411844685
0,0.49047920723284494
0,0.3998482924116958
0,0.2452462951652939
0,0.3035866668455569
0,0.49314357907934064
0,0.12520245340368785
0,0.40967780424979494
1,0.5945686602738076
0,0.4353307641581182
0,0.4734342513051585
0,0.4412504159055949
1,0.5584833183314054
0,0.22659324923000437
0,0.33878135139109167
1,0.6610445538379075
1,0.6091927621346401
1,0.6307710501896966
0,0.3448946507439409
0,0.4476682493027003
1,0.8917465773055715
0,0.23654004834141984
1,0.8092132216958059
0,0.4585757821916441
0,0.37366441700640046
0,0.15316478464185163
1,0.6610071147366277
0,0.40304473577506283
0,0.1086625544125057
0,0.4905479270707959
0,0.41406222749701854
1,0.5413734293124176
0,0.48279974693392846
1,0.6532810466440968
1,0.7300587695740935
1,0.5907616550792198
0,0.3156107307895151
1,0.692229498174743
1,0.5808345382029709
0,0.34269986558586685
0,0.1974396784971048
0,0.2928767271921692
0,0.1498839407007907
0,0.4906960159839058
1,0.8712742780249872
0,0.1649433410712942
0,0.44722999790995654
1,0.516016890136853
0,0.3953584517593654
0,0.378502666224351
0,0.43566659008131736
1,0.549768855498208
1,0.5086972093148535
0,0.4535539610036877
0,0.0847765717697356
0,0.2971701049325281
1,0.6322032667667695
1,0.7342151186431775
0,0.3697680142560339
1,0.5423618835372666
0,0.155154340130841
0,0.26926107360280066
0,0.4466059798345352
0,0.4219362413256175
0,0.4461330940998431
0,0.47134470718440186
1,0.7129333482928145
1,0.5876244216190472
0,0.4708173106737546
0,0.4725986053071567
0,0.4649851977308905
1,0.6053435815107115
0,0.4085002236553552
0,0.38157246869866224
0,0.24510347481029693
1,0.5427319524902439
1,0.5373377948729529
0,0.434279043336442
0,0.470629534439388
0,0.47958916725240053
1,0.6244772045075431
0,0.33814272759357317
0,0.33614451557754826
0,0.22214029909423147
0,0.40699326959801746
1,0.5006080198835079
1,0.7029298844773901
0,0.3914761753663584
1,0.5983275694011875
0,0.36325252978285405
0,0.2688046710342391
1,0.5227546348847146
0,0.13391335506218754
0,0.346550733006054
0,0.48635201570180403
0,0.32703513212229396
1,0.5185268645203619
0,0.28638108634151355
0,0.46551408908525616
0,0.3802754255225634
0,0.22182266899070843
1,0.6198962766975419
0,0.4306177218337289
1,0.6276555249836677
0,0.2057419519747707
1,0.501603324476988
0,0.26125743792256056
0,0.34143362324309
1,0.5835625663086838
0,0.12105771798365127
0,0.3439219947152747
1,0.8054221828387005
1,0.5460102110506495
1,0.6432629175563032
0,0.2294358284120119
0,0.3793982191065073
0,0.2091370448666543
1,0.6734760252035684
0,0.18372751448307406
0,0.49093164800280736
0,0.4445991634042306
1,0.5244592252591297
0,0.4986230270055252
1,0.5867682156851552
0,0.4283066238859927
0,0.3521745230205658
0,0.30581510595612105
1,0.7781600887306491
0,0.26573952351371516
1,0.543670486156712
1,0.5987392515653398
0,0.30245446929193087
1,0.7815296458702432
1,0.710801770258167
0,0.18194460989569647
0,0.3571214833295132
0,0.3116099040118969
0,0.22416123901900498
0,0.2683397202642121
0,0.3965406293406776
0,0.4910565871655543
1,0.5657411162705911
0,0.46822663522862806
1,0.6647717408568805
1,0.5226008220112912
0,0.19314299302033194
0,0.47237841222636384
0,0.29674260304912986
1,0.524440430267947
0,0.21066044910316573
1,0.5027576910501227
0,0.491536691136724
1,0.5215381856520845
1,0.5148997722172343
0,0.2784950742027927
0,0.2858542518630086
0,0.4507842056382516
1,0.5661453999329238
0,0.3478045937610618
1,0.5958858148623394
0,0.38665653284677165
1,0.5775534964146456
0,0.4450806948042825
1,0.6934426857757111
0,0.4105633657477962
0,0.4380892001904427
0,0.44194426337232817
0,0.19396754284084627
0,0.20436894736921393
0,0.3042094835720973
0,0.22414471046607654
1,0.5693425535105762
1,0.8177057158620015
0,0.36621961853656404
0,0.3052133426304455
0,0.2723401194124655
0,0.1090889053760388
0,0.1525221602230881
1,0.7827750920810164
1,0.5183155644512158
1,0.5150447275107459
0,0.2798535706094018
0,0.36059737027823857
0,0.3713971541674548
0,0.34418521201923935
0,0.4956892979312179
0,0.3542560492542709
0,0.2940582069469878
0,0.4179954784598838
0,0.32164841406811595
1,0.6236494917343521
0,0.47349958100744777
0,0.1630587273813518
1,0.608742788275197
0,0.3731785215012421
1,0.6409266649225048
0,0.3308891613017705
0,0.42690733874785936
0,0.23474377219522666
0,0.39226518069460964
1,0.6418631904655263
0,0.4167250568902282
1,0.5425819155155842
1,0.561783371354422
0,0.42970904258261894
0,0.25123592359366287
0,0.4349030191432601
0,0.46336566893433256
0,0.4538699308775473
0,0.4844432194060852
0,0.4179948996669209
0,0.29878141638528305
0,0.20033690667203036
0,0.45214807392987133
0,0.33841120270027425
0,0.2475958251922321
1,0.550528936325141
0,0.3767823101312619
1,0.7197822738456159
0,0.4271575581078714
1,0.6435598359560167
1,0.7043510717439055
0,0.23120662535371603
1,0.5566632749959117
1,0.6554383491587638
0,0.3839347072858983
1,0.5396127281997857
0,0.4854399399127464
1,0.5232522473219673
0,0.2797878057657546
0,0.3332577079230321
0,0.28110872882577626
1,0.5422673991461961
0,0.31977572746996025
0,0.4742350858305661
0,0.43324982554953456
1,0.5328117312566457
1,0.5339102107642448
0,0.3923368955628547
1,0.681983594634667
0,0.32987356290920805
1,0.6903011007861379
1,0.5116671180016631
0,0.3158778020329189
1,0.5670326360948957
0,0.3765867351156431
0,0.4804023612655011
0,0.4968576803904798
0,0.34190868096010785
0,0.25560266874833026
1,0.519121949242112
0,0.3481911066790719
0,0.3068434875007025
0,0.33484936632805057
1,0.5689112623969319
0,0.47048752854092585
0,0.20148897951521016
0,0.35537055814972945
0,0.3004256076583088
0,0.4239888814066548
0,0.34691509804956555
0,0.41080584772689804
1,0.6574683357922236
0,0.07435471149968971
1,0.6416835069545581
0,0.40777978074547744
0,0.4623008777863722
0,0.4881546341730138
0,0.3454785910621655
1,0.7071454933193808
0,0.34692919359714425
0,0.33737974994329245
0,0.36991947137008785
0,0.4432627803241814
0,0.42130777164751215
1,0.5313498677909155
1,0.6037177607121658
1,0.606351157531895
0,0.3673286434492168
1,0.6095935709938908
0,0.45394145402437036
1,0.6957786039569765
0,0.36425714194858805
1,0.7572781446464733
0,0.47247128536827737
0,0.38656715439196826
1,0.5092026924668857
1,0.5079551073679007
0,0.27322565260275533
0,0.44776360364114387
0,0.2572512563179114
0,0.26611179808770397
0,0.249713374296634
1,0.6574685857308721
0,0.45662987801046195
1,0.5099252720140185
0,0.2249852232629403
0,0.38690012663489265
1,0.5171109381856352
1,0.5018286601025089
0,0.39679124457859044
1,0.7618296873048714
0,0.39417595286079826
0,0.4134954154437524
0,0.36060238075088086
0,0.39099243360388114
1,0.5155087390527452
0,0.49484053661922944
0,0.4964218327151848
0,0.48809684667108755
0,0.17754001711000678
0,0.36306941549485633
1,0.7242174217497142
0,0.3571934235536725
1,0.5003046137226929
0,0.2854728255677426
1,0.7269208633576019
0,0.4007060194120961
0,0.251712787299433
0,0.4922357939738508
0,0.48557108944167415
0,0.3022492039682655
1,0.6100778066432861
0,0.48200837674883484
1,0.5835539859521426
1,0.5853440977620371
0,0.4105377332886103
0,0.2685520593518289
0,0.47852987921669193
1,0.5126283549112624
0,0.41723818294994797
1,0.5293112710965147
0,0.26633747736648405
1,0.5121627329612838
1,0.5842997404052361
0,0.39534660831576685
0,0.17800017365738316
1,0.5814366582162194
0,0.46043887972580205
1,0.688736258101072
0,0.3322080855620578
0,0.09768343724320044
0,0.2986439964755034
0,0.3377819305619285
0,0.4924011972969732
1,0.6405259140329793
0,0.45493019947544605
0,0.4294506665956951
0,0.46511329807150503
0,0.4331968151483671
0,0.34916377735138215
0,0.3710998133086204
0,0.46788357191592606
0,0.28238070106833735
0,0.3273024829278294
1,0.7588744238468632
0,0.4373018267462429
0,0.3965379191515366
1,0.7758867728036726
1,0.5533287135855155
0,0.21842701549456287
0,0.32539335950633375
1,0.526116493633953
0,0.45261721420318785
0,0.3762816227341213
0,0.37938495428429864
1,0.6149448021286361
0,0.2910067590195977
0,0.3367836937628412
1,0.6341504730300502
1,0.6703824860690512
0,0.4521298008151723
0,0.497029984562306
1,0.552668805472272
0,0.4464463521153478
1,0.5689028891419156
1,0.5231354358306938
0,0.4964741024536034
0,0.3032611906336174
1,0.550219554313596
0,0.36702956373849543
0,0.4255406310044606
1,0.5343211383243951
1,0.5701551145769769
0,0.2931024730981805
0,0.3098601067406502
0,0.4137014635606004
0,0.17108152137526547
1,0.5987884602425969
1,0.661540533414984
0,0.3760435022683643
0,0.3211621578250097
1,0.5592009404663998
1,0.5769094411662626
0,0.3820191487949376
0,0.40212276090925647
1,0.8427305635556707
0,0.4041606349059229
0,0.43943569854124664
1,0.5538863675203972
1,0.5024388791002475
0,0.2502595230296828
1,0.5604163080938965
0,0.18730695333547315
0,0.43617673314316446
0,0.43836080038515896
0,0.40651483602486543
1,0.7940490834249644
1,0.7425254412192825
0,0.3586063719062889
1,0.7150185707900695
0,0.11081979228510251
0,0.46495554848431403
0,0.13217339675472456
0,0.4104617139012717
0,0.3453081163853601
1,0.7714668430320633
1,0.7131846815644418
0,0.2655564251554952
1,0.573746809918242
0,0.16513914137899122
1,0.5395414110941852
0,0.4891183093460919
0,0.4043246324354073
0,0.36050475715344643
1,0.5156754071164845
1,0.7427821835038673
0,0.3882507771758226
1,0.7781277061591114
0,0.394402808508736
0,0.49650809247397765
1,0.8244456921622375
0,0.4913304044820936
1,0.7037303789267155
0,0.45344058618150646
1,0.666193886782736
0,0.3217777937823494
1,0.502328468715619
0,0.27018407361523766
1,0.5606571650973271
0,0.34979353675203906
1,0.6038566703796691
1,0.5074940051350317
0,0.2838759118804287
1,0.5511950011959799
1,0.5416698648197035
0,0.4116513634421381
0,0.2725575075932626
0,0.10390436997049664
1,0.7218905334426508
0,0.372775869350163
0,0.21076965085434046
1,0.6266728461745105
0,0.23433308046000834
1,0.5485385135529287
0,0.4125587314403299
0,0.17909746763886747
0,0.43870047165397785
0,0.48601199176964704
1,0.6248953924435828
1,0.5608225872802237
0,0.2679581987813329
1,0.6867984205738471
0,0.43412725169524036
0,0.4778986630319951
0,0.42207002029976914
1,0.5962756233419892
0,0.49830731385344845
0,0.44313460038036323
1,0.776846259249288
0,0.3189622091967537
0,0.21248814828610404
0,0.28576866218045466
1,0.6409726363544327
1,0.5384369685770287
1,0.5385172362607721
1,0.6321050809592851
1,0.5157798024450296
0,0.20461083711591466
1,0.5286834869154771
0,0.43990583712817327
0,0.3365899071884711
0,0.3231684577124978
1,0.6005985664701198
0,0.4051563236355386
0,0.45410712681915977
1,0.5302311788390555
1,0.9443781339493992
1,0.544868760713804
1,0.6283229139225551
1,0.5549737506061774
0,0.4375226142769794
0,0.46053207763251447
0,0.22062905489072646
1,0.5433591165249023
1,0.771146090154207
1,0.5163353631730279
1,0.5273308830327947
0,0.49625971492322307
0,0.3321667969618832
0,0.3794747744829059
1,0.5584061454280471
0,0.36319271766788463
1,0.5877548534165933
1,0.5138130310119241
0,0.1231553148607947
0,0.4660391688170842
0,0.18069207704106
1,0.7040684116743434
0,0.44713519682751174
1,0.652685356157265
1,0.6604536877077447
1,0.6951228005968209
0,0.2686731718014815
1,0.5736559693009624
0,0.4868900795141936
0,0.4503750008741436
0,0.47910559368588
0,0.23472206987677588
0,0.27872326383914936
0,0.27025845983094293
0,0.482596876567404
0,0.26873246072959955
0,0.4790791697094978
0,0.3339024911532941
0,0.46386424216343863
1,0.574685990073855
0,0.3754522195504776
0,0.4806485477156236
0,0.17814088671141248
1,0.5699006388249399
0,0.153234329055801
0,0.2937644570832089
0,0.188739943426292
0,0.4945523250339666
0,0.35146841230280756
0,0.20182817302703557
0,0.44924175048083903
0,0.4127143572655312
0,0.3205698407498299
1,0.5394591350079573
0,0.3424495314183637
1,0.5423342326677532
1,0.7194027298350049
1,0.5949625052815332
1,0.6018556175306756
1,0.5151217227549155
0,0.46210919263170375
0,0.3452950715418096
0,0.45130267021593695
1,0.5163308025972031
0,0.4721956344962237
0,0.33892516978682774
0,0.35370802752644126
1,0.5972550786499335
0,0.4015794354961676
0,0.4576106744985301
0,0.28693339799227147
0,0.4815602829223934
0,0.3629032356430673
0,0.354840727251624
0,0.473595977872536
0,0.3298056962970408
1,0.5342598502594096
0,0.16344282095708493
0,0.27687061854077244
0,0.40333613355531334
1,0.6895759778094366
1,0.6018243447121886
1,0.5407952146905182
1,0.5876639830353884
1,0.7184608288120384
1,0.5015840255542593
0,0.24294363768173138
0,0.409112135698192
1,0.523830727824919
0,0.4461366609033455
1,0.6653493792576296
0,0.05400665580945001
0,0.3809847835914758
0,0.4610605905082334
1,0.7669119561549192
0,0.4548489438574894
1,0.6649843312339071
0,0.24498091014140613
1,0.6175731409025724
0,0.20116207001704303
1,0.5896416332646358
0,0.30992523558183155
0,0.3982124521148373
1,0.5677241084568355
0,0.407388935103862
1,0.5269515608597072
0,0.49123369228544267
1,0.6269295131207884
0,0.4300880207789703
1,0.6796681020087946
0,0.4710855069653944
0,0.21952521417636883
0,0.4887253041157678
0,0.48588041386023956
0,0.3220032127107229
1,0.6202361151278105
1,0.5523336671008392
0,0.40654216429531603
1,0.8608027885454099
0,0.36039016733352125
1,0.5681859564745348
1,0.5891509070301006
0,0.467218474175875
1,0.528408922187544
1,0.7239765891985551
0,0.315364309000236
1,0.5582580584512092
0,0.25069967308447805
1,0.5013111041714565
1,0.7338518394947078
0,0.28345023707369343
0,0.3611078751538611
0,0.3097391261993955
0,0.2182744507861784
0,0.3368888811819999
1,0.7807244429045083
0,0.4342849886444539
0,0.39114573871656183
0,0.4565363244458546
1,0.8060225882289811
1,0.734124783832645
0,0.48944642092129764
0,0.4640932856054856
1,0.723239906005547
0,0.374609527915855
0,0.08510324438505963
0,0.32579636208216267
1,0.6406441003700638
0,0.2045147918308319
0,0.38015166487812535
0,0.22654694405058287
1,0.5362139944421678
1,0.6152876649913708
1,0.5325173094290326
1,0.6992479132937369
1,0.5620767307973301
0,0.4667707356103668
1,0.6046432542533442
1,0.5992689569085903
0,0.3049643375862699
0,0.4752517575050528
1,0.5644750269873362
0,0.24742527583398857
0,0.2739063345693859
1,0.637525464260419
1,0.5680572801792985
0,0.45858109954779597
0,0.26564642768753866
0,0.4127378739341332
0,0.38971716279159485
1,0.6954054460739115
0,0.4161772509505238
1,0.5279418932198178
0,0.24026525731302414
0,0.3173672016815283
0,0.3292384936644133
0,0.45406981566135435
1,0.5050546747594975
0,0.44135648827908264
0,0.3137926832800171
0,0.3865328855875873
1,0.7735974249262033
1,0.5705332574309814
0,0.46018739211643145
1,0.5781737434377797
0,0.4428793547847033
0,0.1713452916977472
0,0.18953272380081124
0,0.2812986190193087
0,0.34712714398302047
0,0.2564094583981383
0,0.4196051967839268
0,0.4208216429120796
1,0.5007199098348425
1,0.524504210824955
1,0.5110599592877859
0,0.4227181195042438
0,0.2204551120448495
1,0.5007184129699064
0,0.4937470698975234
1,0.5208599236751984
1,0.5886199136844014
1,0.5964877807332226
1,0.615152258903554
0,0.45130016198220163
1,0.5808105070813675
1,0.688220765405581
0,0.24795621894581052
0,0.13054688308715914
0,0.43525614980009836
0,0.4363378169381651
0,0.3029089707622794
1,0.874140206479318
1,0.7774363557243577
0,0.2959153744722124
0,0.36645508341700883
1,0.538799996081603
1,0.5350250675603504
0,0.4432604344152801
1,0.6171179081191255
0,0.49205614153266697
0,0.4174838678442388
0,0.41744658160733406
0,0.35842060887280847
0,0.3916735902264104
0,0.3682793667546319
0,0.2854644703137082
0,0.17896510115683642
0,0.31911788049538964
1,0.5370854464874394
1,0.5508145457480668
0,0.45935046103336663
0,0.46061315685990084
0,0.03074641743085982
0,0.4874485143016424
0,0.4310947041206419
0,0.43286053422591503
0,0.28455846374371413
0,0.3195796177372
1,0.573798006375453
0,0.30497137925205503
1,0.5017901050828569
0,0.37930166826459055
0,0.16037778128401425
1,0.6634071721460433
0,0.30655167914785797
1,0.7256105704227986
0,0.3627271842770192
0,0.41868229937455675
0,0.44797627377469224
1,0.5647638268124342
1,0.690744951093821
0,0.24954250693425906
0,0.37099023742671505
0,0.36125401328153145
0,0.26607299712545585
0,0.4591541088939224
0,0.40546973887249127
1,0.8859392343282729
0,0.47215038634156364
0,0.3757178526002175
0,0.2856952251932952
1,0.7125072209404375
1,0.6444261954505554
0,0.42634302745384617
0,0.31431390514641155
0,0.29470509205701245
0,0.16884860617803332
0,0.2078964625821852
1,0.554589666122227
0,0.4238737285082584
0,0.3292078175207929
1,0.6930726344335177
0,0.46293153108308693
0,0.14650875701537797
1,0.5303213444309478
1,0.5510814630868062
1,0.5140025984488293
0,0.10460908580803793
1,0.5267167216257816
1,0.5156524180609059
1,0.8689700052016036
0,0.3794330010346007
1,0.5764287406928755
0,0.19637705985631168
0,0.13387097343951873
1,0.5711076243813649
1,0.6315489544755184
0,0.46914155437382166
0,0.22442674444579971
0,0.31918902862362936
1,0.5281925666641485
1,0.5360011824707309
1,0.5277691578855398
1,0.5409413064970529
1,0.5209518421734798
1,0.6106032551935888
1,0.5513842309978765
1,0.666362235908341
0,0.2974881743170452
0,0.31960199891943747
0,0.4903969525392053
0,0.3708626148163864
0,0.3993295109737032
0,0.40960551047378296
0,0.1933778464427061
0,0.35465653135611885
1,0.6382366886238655
0,0.288839087455549
0,0.40995331571228194
0,0.35428565153977787
1,0.8312822235585461
0,0.36143016279807844
0,0.45209062272773
1,0.5251429091386406
0,0.45533294569073796
0,0.38345045617350465
0,0.43942091344964324
0,0.47925190097418086
0,0.2633679494789047
0,0.337037543312093
0,0.35702049078708453
0,0.29293535538378673
0,0.49459696277581594
0,0.4900015004444492
0,0.40121266972092207
0,0.304278077547853
1,0.6802569729334579
1,0.5776272893831463
0,0.3028626824204351
0,0.27980266822024774
0,0.38268402008128166
0,0.36562576129890245
0,0.4148718720009531
0,0.3957366368834828
0,0.31557987687165456
0,0.2891505026981033
1,0.5467533042364692
0,0.37577467000380627
0,0.3345585522840074
0,0.4696858268152527
0,0.49094510527643687
0,0.25121026283049996
0,0.25851303028311645
0,0.36634434180228287
1,0.5306576849011665
0,0.40306531446307114
0,0.2818247318460296
0,0.46978712949639834
0,0.38227946478588487
1,0.5163937565921672
1,0.7966908891209039
1,0.9363072427770953
1,0.7351103797409158
0,0.21161714823985647
0,0.297646216467087
1,0.8529277299576546
0,0.43880917364749905
1,0.6703926243627933
0,0.31274640104917495
0,0.14484481420808626
0,0.36304282141846916
1,0.5117439458225153
0,0.35292161554649487
0,0.38553733722697503
1,0.5875721486870981
0,0.3692833927276809
0,0.4306955638979185
0,0.32830781580013596
0,0.22753240671715314
1,0.5572975734439081
1,0.6107119723210421
0,0.29195011009099847
1,0.7176918496713323
0,0.46267544465487664
0,0.45418190225316285
0,0.43086160169380566
0,0.21490520967626903
0,0.42443037729515215
0,0.19547778535123497
0,0.3858810777844244
0,0.4315428118914608
0,0.3780931052858991
1,0.7988611338927918
0,0.4596021304355819
0,0.481161195978476
0,0.19911116493603084
0,0.4838879140554738
0,0.1381707902912401
0,0.30436736470600684
0,0.4347656449950948
1,0.6462716175749602
0,0.4314311290888837
0,0.4862001277306365
1,0.6732472319876608
0,0.14747617597514753
1,0.7732686065857235
1,0.6331085012738307
0,0.3678132626822586
0,0.3365115041763019
0,0.28733380602013825
1,0.5865095079799323
0,0.3163072630074275
0,0.08467149310532225
1,0.5608401214751388
0,0.4784702776116814
0,0.20643582243250178
0,0.4571651368902388
1,0.5126959911520488
0,0.21945635209797487
0,0.49853278396171713
0,0.4866048365333
1,0.8565513407666338
1,0.5476199990230292
1,0.6089977418558148
0,0.49645630520705714
0,0.49982019245017634
1,0.5064812455323578
0,0.31862487837161024
0,0.4850405243199291
0,0.37838622453138815
0,0.3293428336841489
0,0.34582725633495626
0,0.29998133139893474
1,0.5059845822045462
0,0.27309566590948603
1,0.6794013444385912
0,0.20175467382675769
0,0.3377516746380227
0,0.3126849456636465
1,0.5216019914346185
0,0.4139758889650329
1,0.6813178720518884
1,0.6523484306987647
0,0.37951458065233334
0,0.35409423864849127
0,0.43934927292381704
0,0.4080054532751235
0,0.4799271763666325
1,0.9035633496268408
0,0.17540006981538944
1,0.5233205273327538
0,0.41049778427198197
0,0.4399213397450101
0,0.31119900065028894
1,0.506164787742869
0,0.45027320584269703
1,0.7373422854931173
0,0.058907179696779284
0,0.43656936286238357
1,0.6671681609651228
0,0.2649158916681742
1,0.7616813264171585
0,0.3420144162616109
0,0.44080179154556676
1,0.5069538946607816
1,0.5069001832893069
1,0.5041155745293224
0,0.2793395809326338
1,0.5223469399493462
0,0.3998911010887001
1,0.5635661440612081
0,0.40632780948614483
0,0.21198427809008
0,0.45724863873149363
1,0.5550836617431201
0,0.3399959934823899
1,0.522351071637596
1,0.6781972156450887
0,0.38122532764315104
1,0.6190544507109923
0,0.45729705793590525
0,0.3397980650452504
1,0.5164244766875434
1,0.6660799742109721
0,0.39522147835975746
0,0.34001558898860135
0,0.4978012520529975
0,0.27005349317846217
0,0.3231716330259639
0,0.35538941736007884
0,0.43006867958139
1,0.7935340442061709
0,0.4581367673742725
1,0.6618169508985342
0,0.24876261910970884
0,0.40739642721810704
0,0.4118393329853619
0,0.381462625941552
0,0.43271035160688287
0,0.3868957846253201
1,0.5483240643031249
1,0.5823203234893689
0,0.3586146549013206
1,0.5266756341288863
0,0.4304616804298146
0,0.35042108996341675
0,0.16281661812060952
1,0.6871632877445442
0,0.10087190567204395
0,0.3793124888601394
0,0.4329772604084074
0,0.3786605659114633
1,0.6551257557494169
0,0.4257344584694421
0,0.2987051797570426
1,0.5542286723084384
0,0.4019877692431983
1,0.6739667144272692
0,0.43530242967208027
0,0.4624280262469487
1,0.5669153773600957
1,0.8286723312577339
0,0.3988974905311579
0,0.23407661440158528
0,0.37497525101979223
0,0.3918306273298328
1,0.5488842093047136
0,0.26909471081830016
1,0.5251216860778508
0,0.463953098332507
0,0.2917787844642259
1,0.5186827645188964
1,0.6362183583496929
1,0.7359695335064914
0,0.44519118631988636
1,0.7444191933650063
0,0.34179819931702027
0,0.4597763420969729
0,0.45964027437309596
0,0.46701328369049067
0,0.40523241866096077
0,0.3594360550405299
0,0.39808504288087454
1,0.8972735229716624
0,0.46152185421779773
0,0.4668173028455043
1,0.918863372454397
1,0.5155087607774697
0,0.45233677088891533
0,0.42774940545024914
1,0.6423088415280374
1,0.6238192601657757
1,0.6831037180227515
1,0.5659949710606599
0,0.12359320908266813
1,0.7970760689091381
0,0.16340232374667044
0,0.2775873201802081
0,0.4719671797571132
1,0.5955046255452237
0,0.36375718300402815
0,0.3277883241619099
0,0.2635732807039799
0,0.48887035582518756
0,0.4543138835193384
0,0.47384564241412025
1,0.5209763763556208
0,0.42189745972577664
0,0.2881509283666986
0,0.4356173892004128
0,0.28058242762927577
0,0.44028900338021587
0,0.44684558363090987
0,0.49050644925622544
0,0.3926319203602511
1,0.6706629797621109
0,0.3797504828913932
0,0.3706792990647553
0,0.47444886462721003
0,0.4191922297777794
1,0.6871259802331627
0,0.36910668535948
0,0.19837097746279647
0,0.3191693262784289
0,0.4582822869260973
0,0.3151537210003513
0,0.3966282690529421
0,0.3237166348178626
0,0.3580002143150829
1,0.6985182072740753
1,0.5590285350870925
1,0.6762739474439416
0,0.2489297002567632
0,0.2890935018417263
0,0.3308172656427847
0,0.4098138135384774
0,0.21581294725456904
0,0.3906580715030041
1,0.5970433664785346
1,0.5457949894696531
1,0.6304966852266094
1,0.6003591291010599
0,0.49512517699412995
1,0.6312555699247908
0,0.4225209358170891
0,0.47879571740105425
0,0.40060705888448744
0,0.17892976768064994
0,0.2966859576446302
1,0.6781327940343366
0,0.234826324978576
0,0.2714326764296669
0,0.3236713618523293
1,0.7468677004056531
0,0.4945419578604725
0,0.26743462251850914
1,0.8234809546806537
0,0.148041089417252
0,0.2733194319094349
1,0.532663710676225
0,0.38225033409663867
0,0.4666675722465407
1,0.5325640912344605
1,0.5596048307211289
1,0.5253191112874465
0,0.4229144331866603
1,0.594932992918632
0,0.4419862126625127
0,0.4417243342673017
1,0.6474652713555599
0,0.1708097441603214
1,0.5235936854208667
0,0.37175426120599947
1,0.6345548035388855
0,0.11245992330055488
0,0.48683988636861114
0,0.36532689142286107
0,0.2966239461427173
0,0.363669807587081
0,0.24227371989640234
1,0.8899230867462742
1,0.6239488030756578
0,0.49065011839252987
1,0.6457017196398318
1,0.7727965458488091
1,0.5549968821812175
1,0.7199412119044085
1,0.5331316649276934
0,0.3384690300836305
0,0.2704152111845943
1,0.6148371331199617
1,0.5864663913793701
0,0.3211084551112465
1,0.6707644931858064
1,0.5328421981125403
1,0.5606911187745851
0,0.4222625806193798
1,0.6261698354573699
1,0.5129231504317043
1,0.6143250477790951
1,0.5005802770625933
0,0.3702498229149799
0,0.4816319467209303
0,0.4612036819296325
0,0.21209395265623915
0,0.424007319491219
0,0.4623780455073304
0,0.359059123418256
1,0.5444445008731132
0,0.0943037599815208
0,0.26193646917234775
1,0.5631772756120452
1,0.58053765732511
1,0.5543427464801279
0,0.21488732324245588
0,0.3977229939818857
0,0.40642652206917723
1,0.5619424677838658
1,0.6234137105545232
0,0.1259895493703969
0,0.44851160905618104
1,0.5976856306116115
0,0.44348887098158973
0,0.4711533631966085
0,0.3226388628853943
0,0.42123590708686925
0,0.3698800820282538
0,0.3994775222030638
0,0.3938547598230369
1,0.7158314036450875
0,0.4583091000182254
1,0.5265315303473252
0,0.40486110716916246
1,0.5457519549102571
1,0.72123446179946
0,0.3104656619259988
1,0.5490250990658648
0,0.36041290203835646
1,0.6630548923625442
0,0.261463932240186
0,0.43138454980285
1,0.5215690406046962
0,0.2589623876340943
1,0.7159924144301939
0,0.2584996604210333
0,0.4248410760968125
0,0.46196613386047014
0,0.37825469637207115
1,0.7896687191843
0,0.3696965509448169
0,0.4100370799015895
0,0.2827540805898369
1,0.5284519602539093
1,0.6617857107578521
0,0.3743258342648841
0,0.4821041803098567
0,0.45898468594698133
1,0.6695235193448393
0,0.28287532078915245
0,0.433706325047084
1,0.5152535911305842
0,0.24261058965679466
0,0.4363831117001469
1,0.5235787150550175
0,0.3257281262476707
0,0.41619658710411034
1,0.5919071169860295
1,0.7657347538758206
1,0.5810568455371292
0,0.4570878200033936
1,0.5192900075893887
0,0.3773797133095503
1,0.6323856789780924
1,0.7883415486741366
1,0.5680463128185731
1,0.6056495948966669
1,0.6393240254993612
1,0.6635465926039024
1,0.8188803124133509
0,0.3434586961907296
0,0.4399940593261784
0,0.46524409038965114
1,0.6221368719417139
0,0.1215530555778108
0,0.49708314068380904
0,0.468627295369644
0,0.12937438240900176
1,0.8072722905635333
0,0.2503694788563322
1,0.5201025379330358
0,0.3116959814970397
0,0.4689929573617583
0,0.4618755240691464
1,0.513441169918073
1,0.6252535362697916
0,0.2799717835822352
0,0.37945226511619684
1,0.528102375557622
0,0.4657000278666908
0,0.4404849977696564
1,0.6066627343340945
0,0.4143467479508534
0,0.4630544785496207
0,0.3939588325656378
0,0.2892712686642559
0,0.42580866410014984
1,0.501293286080206
1,0.5752181371940611
0,0.19398334156700947
0,0.23549610714514138
0,0.3637904064520274
0,0.46864888336919275
0,0.4779330771610074
0,0.31621212084786926
1,0.5104732529812908
0,0.40882576502329376
0,0.4270250481896578
0,0.29344649486183993
1,0.5106444379136365
0,0.3183943028386776
0,0.24869274831389082
0,0.4812127571207027
1,0.7300338378272792
0,0.4166270158390232
0,0.4775876083569597
0,0.3217590687442744
0,0.3628790794397444
0,0.417183512929694
0,0.2837175492686099
0,0.4435376850407804
0,0.34169763565539607
1,0.7043980115430737
1,0.6011032027189981
1,0.6314856233785939
0,0.4079716362196621
0,0.3133614936912396
0,0.0669963286167513
1,0.5498940221566841
0,0.26195030818306353
0,0.4723985741706426
0,0.34244723397129617
1,0.6515871557509835
0,0.3632853173708051
0,0.33882055020405205
0,0.22832707954095813
0,0.2608504960953133
0,0.2357133325008019
1,0.8377696760496487
0,0.21503264113324835
0,0.3908894064820442
1,0.533196413856303
0,0.37492457746207525
1,0.5519925237006802
0,0.42153572338094475
0,0.1924874593139945
1,0.7309581597011866
1,0.5735306301593126
1,0.5006614559348012
0,0.4605831407649284
1,0.5504654794456812
0,0.4380493946873811
1,0.5115057303932486
0,0.28360751664016437
1,0.5885752404648709
0,0.2928173544698391
1,0.6071425493662744
0,0.3170672401682963
1,0.6127251788008723
1,0.5820762317881863
0,0.418481908454319
1,0.537834137876895
0,0.4228639336762143
1,0.9297050626412016
0,0.403860867314904
0,0.16706732458910215
1,0.517116866829765
1,0.5394206710791591
0,0.3087296001958906
0,0.49048672501321433
0,0.28893324364280115
0,0.21254037673613782
0,0.12968568161142466
0,0.18881554405611553
0,0.4103765087276858
1,0.511579424015689
0,0.46132240167553223
1,0.5550167205869058
0,0.29082647884593177
0,0.337890725252041
0,0.4785984566856837
1,0.5334187805216591
0,0.4494847052342312
1,0.6315494336484283
0,0.4075905733018932
0,0.19335762414799126
0,0.3398067951352593
1,0.5858668138801454
0,0.1796768807407783
0,0.3746612733017564
0,0.26284372640692094
1,0.6703030426811566
0,0.39623369568574807
1,0.5700971705332079
0,0.3701193066324814
1,0.5005953471918616
1,0.5349536503178611
1,0.5333928438856849
0,0.35174331725975144
1,0.5410371238286948
0,0.48097316653872163
1,0.571332821951482
1,0.5306650034760989
1,0.9422176785692513
0,0.38035338656603823
0,0.39488283793961865
1,0.5702341996788395
1,0.5685302848941939
0,0.3966710141896272
0,0.3985154840652329
1,0.5055964187109224
0,0.3945387961942944
1,0.5110643921617846
1,0.6087836557990691
0,0.4900533855626942
0,0.3302694478438406
0,0.41276467267110456
1,0.6569374204300292
0,0.4924589769420576
0,0.3780329993605941
0,0.46064508800529386
0,0.47217985121135236
1,0.6473371585716562
0,0.482407496365933
1,0.5277759258361473
1,0.5019201289191992
0,0.41169682204457103
1,0.6149711834911422
0,0.2824265183233507
0,0.413207999279002
1,0.5639966845918994
0,0.3707370537933032
1,0.7776226031733325
0,0.4255858167308428
0,0.48844539803590575
0,0.28276099584628844
0,0.4592253019610038
1,0.8061218371108495
0,0.38317417146192634
0,0.47013330123134706
1,0.5296227718817832
0,0.2691562304769707
0,0.39362088517125526
0,0.45508530024883515
0,0.4366397431468006
0,0.3204408309581175
0,0.48874362566445095
0,0.2641793353993273
1,0.6810645977836829
1,0.6980737941993714
0,0.3803358955435823
0,0.4896304568083547
1,0.5781516974612935
0,0.3730861166377029
0,0.4991920112332637
0,0.24738997124995615
1,0.6516048088751293
1,0.6071719070880817
0,0.26951712747821777
0,0.32458931154400467
0,0.3455774448624446
0,0.20281592757681782
0,0.4598433221211585
1,0.660558631510142
0,0.48991127089542635
1,0.6040058275648349
0,0.3497534602299674
0,0.33750584129917294
1,0.5842838216958026
0,0.46731934770841865
1,0.5925674024671954
1,0.5487734836976953
0,0.3823608833838883
1,0.7116764138538911
0,0.3805490799290081
1,0.6517750367017326
0,0.461088788998438
0,0.39576186390245144
0,0.0734401032300334
0,0.29552680532464953
1,0.8526059417643485
1,0.6989182711867433
0,0.3979892429049937
1,0.5142917218264366
0,0.4845076519319227
0,0.40243875716647987
0,0.13886258802257465
0,0.4199462937866176
0,0.44071899983967694
1,0.5114730579828783
0,0.36196221745909496
0,0.3826768748139033
0,0.3109749351997831
0,0.2850558967665704
1,0.7548492283470027
1,0.5093998995611633
0,0.22433673113594912
1,0.6542200893752063
1,0.7385950449591094
1,0.5476772956054905
0,0.48897589171565
0,0.33439331632823666
0,0.39292180400098475
0,0.1692222296926824
0,0.21915264312471
0,0.4655801099981972
0,0.37057853235942284
0,0.4185124680331817
1,0.5801784092547113
0,0.24566566778654947
1,0.798135632573898
0,0.34803667610003375
0,0.3712568432044917
0,0.49666834218123634
1,0.5736617601638405
0,0.4914334939914095
1,0.7052615249816055
1,0.5723410208826413
1,0.6002320270198691
0,0.4883850573844645
1,0.6372390672781522
0,0.46991893118196904
1,0.5133374113464998
0,0.14014943184167003
1,0.5081729271064332
1,0.5423379948365074
1,0.8024409259812125
0,0.3892468012547574
0,0.19257691641917557
0,0.2636683422109031
1,0.6726324268899038
1,0.5888797324507951
0,0.31977619216154823
1,0.5232944030609192
1,0.604177410883518
0,0.4448227106875881
1,0.6336880175209862
1,0.6911960468294834
1,0.6283791538043195
1,0.6652887606772061
0,0.4695415333369234
1,0.7227827268834757
0,0.47685425575721213
1,0.5685494546758364
0,0.4647246392181672
0,0.2457423352162134
0,0.4774929172122573
1,0.5420143678937047
0,0.41019092944994057
0,0.321140536391332
1,0.8573264277099979
0,0.3957514007413632
0,0.3311720930280711
1,0.6230000272078038
1,0.506630075174802
0,0.46631708553025175
0,0.233677293199295
1,0.5241621231458661
0,0.10765193760240017
0,0.4081205831556943
1,0.638080834196645
0,0.34747735384264505
0,0.38735216294084546
0,0.2548182486056536
0,0.44204608274811663
0,0.4821134924190759
1,0.6607983896223377
1,0.6071896776453772
1,0.5134040013383122
1,0.5322682013251333
0,0.19431878930320587
0,0.4919135137409235
1,0.6897849926128549
0,0.42970422511180545
0,0.3211423433490683
0,0.3846117168871725
0,0.22498787932704603
1,0.5558897161736607
0,0.16239481385988871
1,0.5625966373645397
0,0.48815977975776664
0,0.40276538618893587
0,0.0981279345408722
0,0.4497474030701697
0,0.22002792866896065
0,0.32371530146262417
1,0.6800842123245714
1,0.5461530829673098
0,0.27307746489585766
1,0.5578907961428125
0,0.44191274424548627
0,0.38401623740665847
1,0.7073122354728141
0,0.45289156720221335
0,0.48008799556915044
0,0.47180954111353257
0,0.2858865099566871
0,0.2935347570277414
1,0.847501252183779
0,0.30487230802164345
0,0.4825415578820551
0,0.3393410161386656
1,0.5380778450908905
1,0.5511887191896353
0,0.35314592634310654
0,0.36946158206698276
0,0.41598981894932485
0,0.46137565015915144
1,0.578446133196263
0,0.4293352713730912
0,0.3148501954750166
1,0.6018404984726642
1,0.5293863195861498
0,0.3331063578827346
1,0.6096468854111762
0,0.26373992846405675
0,0.32449156557662984
0,0.4077599231331191
0,0.36426541983584226
0,0.46732764992635656
0,0.4945651897012073
1,0.6324851647967358
0,0.42405247254869144
0,0.32396408350291855
1,0.5442710530184558
0,0.41536800971184956
0,0.43447279934170563
1,0.5118523571776638
0,0.1954475414633455
0,0.49071097156147675
0,0.41791816461246
0,0.40487788491934973
1,0.5635816264506729
0,0.3817043009298681
0,0.4503668622589299
0,0.4825331257777549
1,0.5865184300767414
1,0.6157273899457759
0,0.3420325140079151
0,0.09335495044929265
0,0.10279164718288636
1,0.6602349812830671
1,0.5514631005755298
1,0.7189602061452148
1,0.5014539055998882
0,0.4838346106092103
0,0.41515766273820676
1,0.6344513904560188
0,0.3974332758339532
0,0.2838607611160392
0,0.40994464038633177
0,0.36664938975385947
0,0.4459027284990339
0,0.4564539074538238
0,0.3064359635253993
0,0.18936557452140723
1,0.5831040815771732
0,0.4040494819960876
0,0.31666511179095364
0,0.42978896863905514
1,0.7994302230585998
0,0.14461070903278175
0,0.4404449086632998
0,0.4409178062584148
0,0.3155191027819784
1,0.5516772223882378
1,0.5681434526351907
0,0.29776115101664435
0,0.030424287353795782
1,0.5036591192812616
0,0.2775749644294597
0,0.2667084062141566
0,0.4709244466478977
0,0.47126165705434236
1,0.5885653594810907
1,0.6700919564824936
0,0.39730959106175057
1,0.5326852940100257
1,0.5652209128949706
1,0.5992970987603721
1,0.6369986621209581
0,0.4350285666838755
1,0.5246893918445266
1,0.5778061285506807
1,0.7883768623967836
0,0.059334669706368616
0,0.4106619058276983
1,0.598076506145137
0,0.44237378810834344
0,0.44325875124038616
0,0.1709301212935389
0,0.2961973472597238
1,0.845242361873349
1,0.6310111417630803
1,0.514174818291827
0,0.16961947043465
1,0.6817936846948873
0,0.40125699966603035
0,0.4157742117735454
1,0.5351240596448879
1,0.5753049527798846
0,0.24059055597784942
1,0.5967010848456648
1,0.629793516783043
0,0.4083673999034992
0,0.4005723150534771
1,0.5922448427462714
0,0.4483876954459813
1,0.7824788265985958
1,0.5876965319323576
0,0.4270352016207737
0,0.45290599217896726
0,0.28960232855801926
1,0.511066676054158
0,0.36041782075884304
0,0.4620232595946274
1,0.618352541006706
0,0.33153691773460375
0,0.37338387570503856
0,0.45104241013697843
0,0.14441708856479818
0,0.4356711626491703
0,0.31533276473762917
1,0.5338197003909688
0,0.47554869581008213
1,0.5110515187857569
1,0.5867673873883218
0,0.4830449851204968
0,0.48901760886818635
1,0.5204345722165389
0,0.02504595420149855
0,0.3618465499298693
1,0.6723374178761491
0,0.18594198861700542
1,0.7723874504625482
1,0.5421235773739969
0,0.3994667683480655
1,0.6786098031672955
1,0.6187692099999769
0,0.2814916090447269
0,0.34746018810060375
0,0.3954354038074018
0,0.45198792385783426
0,0.4033527269241622
1,0.6178883458355037
0,0.49571462947323675
0,0.40896739256495346
0,0.35526793234693893
0,0.19131256261556012
1,0.6691749609668803
1,0.5815577464785969
1,0.8052843320347379
0,0.3467960402462473
1,0.5188195509869667
1,0.895726755534388
0,0.30739748813700657
1,0.7919519298622567
0,0.40075828809076075
1,0.5309561092426726
1,0.5008758096743047
0,0.27564200263777594
0,0.3873724433955647
1,0.5205893808789009
1,0.6481548703999191
0,0.25920216397667734
1,0.7191597383420841
0,0.31528603302989033
0,0.48514218162511163
1,0.8087483663421497
0,0.15443339484357899
1,0.7881040792679795
1,0.8417247773887272
1,0.5855027632930956
0,0.20127505975263194
0,0.3776875472133199
0,0.3780013554202186
1,0.6514055566220357
1,0.7319984656435105
0,0.478372642268268
0,0.4468081422174921
1,0.5116554283314165
1,0.5705446760180967
0,0.3528777103596828
1,0.607154897826777
0,0.3779138211079665
1,0.5127384482651257
0,0.4581745779246666
1,0.5324394846979434
0,0.44627640974831895
0,0.10153773171734776
1,0.7230745679294722
0,0.43798509725230667
0,0.47353568844582616
1,0.7016299468387089
0,0.31316907494721896
1,0.6447287580669953
0,0.4391571032308155
0,0.3921874402092659
0,0.4620486534333769
0,0.45659196136288216
0,0.281613033161141
0,0.2830733951702728
0,0.187884278021715
1,0.50920179823567
1,0.5655908468596944
0,0.420377749982421
0,0.2693213176140537
0,0.4414946643363064
0,0.19605355047970607
0,0.22605100391417118
0,0.33253168023104757
0,0.18736393432349058
0,0.3760962958424349
1,0.7531819104594905
1,0.6869077618222096
0,0.4505673123612498
1,0.5779426422875618
0,0.35438750533765406
0,0.44279487870411194
0,0.22280122614736042
0,0.3798756193446588
0,0.29265342425927565
1,0.760943891350131
0,0.39671431063161333
0,0.35891247387708836
1,0.5369963461059452
1,0.5570215881216343
1,0.6439851951698412
1,0.7164683409544796
0,0.2536894114346553
0,0.3834017596611722
0,0.2981210267713462
0,0.4966139877520471
0,0.4013219528295762
0,0.377092972618093
1,0.5669829635110316
0,0.2544130597553639
1,0.6801810658761801
0,0.49274676560364183
0,0.3868240606397886
0,0.30887980213153815
1,0.6815720747126789
0,0.45098427330943586
0,0.2901489212822495
0,0.47397009140744023
1,0.6931787318303664
0,0.4201287051409354
1,0.6772459385900605
1,0.5670310988224831
1,0.5736754599267739
0,0.2863434019340564
0,0.3515301361437063
1,0.8273232446221871
0,0.1261862634362236
0,0.4801885166506287
0,0.4731459788978443
1,0.8069798363048895
0,0.49873368428637427
0,0.34471099372662006
0,0.27606879395485684
0,0.454148188963598
0,0.28989924830532127
1,0.5120208211397833
0,0.41040823724219955
0,0.4347627162640502
1,0.5678044847792149
0,0.43695910378480596
1,0.8209689277516261
1,0.5989668843533097
0,0.3302671525646482
0,0.08160835983697265
0,0.3559213259985349
0,0.23824851671274183
1,0.5193662508752167
0,0.3811404308990043
0,0.3875776020789679
0,0.48327112604823336
0,0.35570135550551496
0,0.3429525149197441
0,0.4047692068196503
0,0.48298549250587974
1,0.6532163701576347
1,0.6581710467249973
1,0.5043360301029491
1,0.6083562314686709
1,0.6323222653969878
0,0.4200937621672934
0,0.41550037066400386
1,0.5114837416843152
1,0.6512306075683159
0,0.38730315480944394
0,0.20753533081048348
1,0.6415698551746133
0,0.4269052296969028
0,0.3293141291536397
1,0.9404166034089383
0,0.4507975902458769
0,0.32665594373196877
0,0.4295593712063332
1,0.787144738136539
1,0.5033922618705009
1,0.6053037021705868
1,0.7643307892471219
0,0.3967622972814459
1,0.6560376599927851
1,0.7013183206058594
1,0.5728444448387147
0,0.23755725310951895
0,0.1688207050666301
0,0.4880828403375714
1,0.5003822354699861
1,0.6297362146490051
0,0.3683644458989079
1,0.6326169110371385
1,0.7326452801420376
0,0.4344159042299822
0,0.423483096690376
0,0.3930976916076291
1,0.5332541075953925
0,0.3008502649677263
0,0.47112860653903277
0,0.4537274241702205
1,0.5038122098187153
0,0.30858649149653516
0,0.35332546262112613
1,0.7114685978468187
0,0.4093609581735412
0,0.3914089094814907
0,0.41329406441706884
0,0.37003392343056896
0,0.24284312705096245
1,0.8819872733561732
0,0.09379503163099291
1,0.5789054127478681
0,0.37198297421587856
0,0.4569034285688858
0,0.44807833000893105
0,0.23842834953880362
0,0.3317166715578141
0,0.3647473131394062
0,0.331488975590468
0,0.48882387941405037
0,0.40213011867402765
0,0.339370939713633
1,0.5074741546345997
0,0.34547045156265976
0,0.374864615851051
0,0.3501385332233144
1,0.6607243828026408
0,0.45045079331725085
1,0.573195610154709
1,0.5606786130766367
0,0.21117103482397298
0,0.17138706856852876
1,0.5659506081743404
1,0.5475627062649657
0,0.33804259425145416
0,0.38174176734562937
0,0.3430548849165176
0,0.4794124154908894
0,0.4540947108262372
0,0.24631886642382944
0,0.43367255641925423
0,0.3397494464257319
1,0.6310103618403282
0,0.43057165203356007
1,0.518296423834454
1,0.5605188926396868
0,0.4313584209619628
1,0.5425332412035652
1,0.608078211246464
0,0.386832996647475
0,0.33843692851977614
0,0.31050308548538974
0,0.3730880652516097
1,0.6886573155879525
0,0.37492105873965675
0,0.40732127658452844
0,0.29890972678815436
1,0.5917010727552644
0,0.4771220083901059
0,0.3374281251196073
0,0.40697069891606114
0,0.3475316221076896
0,0.4853156392429536
1,0.8363321154319708
1,0.5078070935157132
0,0.3626478347679644
0,0.30257514927681556
0,0.3694906213888987
0,0.1347384880114091
0,0.4027684898311298
0,0.39877714753111865
1,0.505785564763297
1,0.6016340274196991
0,0.34505594637189135
0,0.4658866556981166
0,0.3383740182363963
1,0.7557646395538696
1,0.805416032607849
0,0.4652513930182261
0,0.2437188747946179
0,0.4809323327086382
1,0.5025474990988016
0,0.39917272716176877
0,0.43448251477900685
0,0.35305943763506925
0,0.23735105331251016
0,0.41105661320209813
1,0.5322516727632192
0,0.28898188281217624
0,0.3696008775384389
0,0.36396697088150165
1,0.5807557815752549
0,0.4057524001933124
1,0.5018094528039402
0,0.3699950482540978
0,0.4058878211601969
1,0.591169580628434
0,0.4892406737579973
0,0.19246615067288853
0,0.13087776246969224
0,0.23900705864675587
1,0.520159193474475
1,0.530992207532447
1,0.8495258639012617
0,0.2538015260841374
0,0.08645753861710287
1,0.5705145180272699
0,0.4329891981578043
0,0.4717851138013084
0,0.48051988350130864
0,0.14235285128470082
0,0.46580427534159885
0,0.25189614259011417
0,0.3818501955176475
0,0.4869567408499914
0,0.37368378107716627
0,0.4726524712388537
1,0.5373811862540322
1,0.5651535839940524
1,0.514203781895705
0,0.4621422027278268
0,0.3413991953506427
0,0.41583106567778866
0,0.46282605301577046
1,0.6378393276406202
1,0.5795184231534479
0,0.4407407927722451
0,0.45592027775357685
1,0.5505571936161064
1,0.5225618202057365
1,0.7012930730048247
1,0.6725255778680109
0,0.24665461983305317
1,0.5120251135692295
0,0.4178976658605717
0,0.311860271127141
1,0.6380423129467194
0,0.17591915681366907
0,0.4407270601052476
0,0.43161317488676054
0,0.24479473744461977
1,0.6262315383083296
0,0.4731334092245905
0,0.06437874743813117
0,0.3862901620746577
1,0.7149816200123523
1,0.6314820315446266
1,0.6762037900864962
1,0.5196653477991929
1,0.6914592182047175
0,0.3756594127207146
1,0.6630791235281047
0,0.39740852878959737
1,0.758388001436415
0,0.349546439254969
0,0.47005361128703216
0,0.34306060111329845
0,0.41154962836991954
0,0.44195876833788916
1,0.5393675856840282
0,0.39775613857691644
1,0.6245942139004422
0,0.46436542082355964
1,0.6039250158143339
0,0.4855856040397875
0,0.3062459140529039
0,0.27524336933080473
0,0.28710511123273746
0,0.12971148168184776
0,0.45416203873823774
1,0.8338141440396243
1,0.5838792499070651
1,0.6393445791616541
1,0.6447699409811302
0,0.4991000219923865
1,0.5855755266194331
0,0.40388110658141907
0,0.3511446394656474
0,0.2517641232022469
0,0.4758714128037903
1,0.6005339657162554
0,0.28005485342498415
1,0.5191381087812967
1,0.5807378834295714
0,0.4752781175176319
0,0.31450223209894707
0,0.27363794739877506
0,0.11957192868199565
1,0.5424877247840175
0,0.42612840058138657
0,0.4672617118734512
1,0.5097661592880747
0,0.3335363814184132
0,0.4786747087191799
0,0.31498498913138995
0,0.49024126349284874
1,0.651842087874386
1,0.7351240038777247
0,0.4520848384785892
0,0.2598029138577566
0,0.4547782391659854
0,0.3639879632928688
0,0.35420205356047985
0,0.30721223913733403
0,0.2562730121405804
0,0.4865072118934717
0,0.4780193481577211
0,0.3458963466498368
1,0.599109526099484
0,0.17256603631315168
0,0.2524554110479749
0,0.34967591130832004
1,0.6537295193123713
1,0.7287005597911417
0,0.3139323749115031
1,0.6145003004373925
1,0.7230322790592504
1,0.6596000181717602
0,0.4707431419285154
1,0.5903198757918732
0,0.4085331464195236
0,0.4159338300734736
0,0.3515729021205097
0,0.3273247514108887
0,0.46238723610438154
0,0.3356814261163154
1,0.5320415629801992
1,0.881124547188083
1,0.7514600591562399
0,0.23255969395259152
0,0.35371191439295907
1,0.5719670387745002
0,0.41734673248596216
0,0.30271642003210303
1,0.5506723049149989
1,0.666492171983815
0,0.2566497239704328
0,0.19725215102317634
1,0.6702340653080437
0,0.10252285208339051
0,0.4763317585896422
0,0.3753794179714105
0,0.23689211830712187
0,0.23654354786743068
0,0.49995123612051423
1,0.5926511074475274
1,0.6154988003400086
1,0.6411632119818117
0,0.33234414078193997
0,0.4231166541231457
0,0.47477915390493025
0,0.4069558913922269
0,0.26135677137860935
0,0.38973923103776825
0,0.42502720756736395
0,0.25689054463316585
0,0.39213095747233007
1,0.5424826918074097
0,0.24249472252818247
1,0.7209846860487203
0,0.2772686045283605
1,0.6119128202567249
0,0.3182460239049769
0,0.429404640764447
0,0.1453395243218119
1,0.6027365509213084
1,0.7424053231354136
1,0.5635018422917442
0,0.3059050429594922
1,0.7593627417818335
0,0.4033871298975305
0,0.3860006124582942
0,0.43407338311979315
0,0.47800820351345996
0,0.45902953381689476
1,0.5182524253341049
1,0.6038030271538956
0,0.3649372728319524
1,0.5623805179730925
0,0.3563420434798845
1,0.525003176089673
0,0.37382308767956973
1,0.6131379405676669
0,0.30816965507730976
1,0.672327452590292
1,0.5143300330731849
1,0.8829180047180816
1,0.5955007944824141
1,0.5598293975987988
0,0.1880322036015674
0,0.11061599712836358
0,0.17300749951110841
1,0.6497263505992117
1,0.5948617738543555
0,0.45710726830808096
0,0.16555663418943264
1,0.6558498570681423
0,0.31189289895348127
1,0.6316899867160399
1,0.55965289479486
0,0.19575035404467517
1,0.5145192479727985
0,0.4083368384931013
0,0.32273834181335365
1,0.5250761886413503
0,0.409247600018023
0,0.41522559749184096
0,0.47648325756834914
1,0.5181479135645851
1,0.5583213142687786
0,0.36977187471781103
0,0.3011069807600821
1,0.6735089734266375
0,0.3261657429417823
0,0.1558600156611156
0,0.19310235765937706
1,0.5989305499050593
0,0.337061218966149
0,0.08561588657285506
0,0.4067113913547944
1,0.5022377605214556
0,0.3750951205819629
0,0.3483577624016202
0,0.20342738956184017
0,0.49784319327497195
0,0.45383637752655837
0,0.3408130377498564
0,0.4969118047618375
0,0.44643825078585675
0,0.31012854598093487
1,0.6125294933811612
0,0.2604394705846165
0,0.4462038801902747
1,0.5027319462103723
0,0.12567803778368802
0,0.4834466708960087
0,0.45765219595424755
0,0.14728678158368336
0,0.25151900900609836
0,0.33909309122339837
1,0.5206206827031088
0,0.3648701629373257
1,0.5119311062933287
1,0.6343537329804493
0,0.36194244743259374
1,0.588192989339326
0,0.43162547745357127
1,0.6360969121578581
0,0.43484658876868076
0,0.286507421933295
0,0.26674897426678673
0,0.40783557883361155
1,0.5086734463597429
0,0.27944631232083356
1,0.5417054564391908
0,0.4516078846515643
1,0.5550906167571057
1,0.6609924975750526
1,0.609372261012875
0,0.22613470212686945
1,0.5412486310787001
0,0.29032049603884164
1,0.5089023610899261
1,0.5933431879022906
1,0.8201039708260849
0,0.3769550903670899
1,0.8136840636473744
1,0.712023424811082
0,0.48953892398062643
1,0.5232721508390472
1,0.522130017800918
0,0.4947808793850185
1,0.6916935932118258
0,0.4689832767386902
0,0.48074615469623183
1,0.5028064946723196
0,0.3329892170449002
0,0.12909028110114318
1,0.5098827569300803
0,0.44759729282132465
1,0.5323442977575326
0,0.32544613745991047
1,0.5408378200310814
0,0.3133689462736683
0,0.4332896543571396
0,0.37198656470326374
0,0.3974580189375369
0,0.32918996701712666
1,0.5898873063034558
0,0.4388080210675663
0,0.4874372252174548
1,0.6484294914979485
0,0.4682875895015619
0,0.40400553343283857
1,0.5386287225039175
0,0.332191550169548
1,0.7189606422314392
0,0.33619983214335425
0,0.48878824059247694
0,0.4066653481802365
1,0.6820522901498338
0,0.2259026685674134
0,0.25380308493500686
0,0.25870454999556
1,0.5789400365692183
0,0.4529819942531816
1,0.5537362249231925
0,0.4929879760916386
0,0.3654157140113969
1,0.6446366069152816
0,0.2363086256005922
0,0.22519882286490037
0,0.3743232563728332
1,0.5183679705777042
0,0.403027020807081
0,0.38819157218478856
1,0.5394215396203035
1,0.614799219385109
0,0.4448380245034954
0,0.2296971080229185
1,0.5187237772667223
0,0.3286645151351222
1,0.7215312249659762
0,0.36755537224058066
1,0.5508776023959343
0,0.3238697687981309
1,0.5199414108775456
0,0.4005324961852579
0,0.4888157082624728
0,0.4524766782184342
1,0.5006612787071708
1,0.7389847201044136
0,0.2296808096739335
0,0.4410586605518189
0,0.33469811895393364
0,0.1702400256002809
0,0.3233430284809381
0,0.447973978761153
1,0.7451337125278027
0,0.1721527427466208
0,0.3781645580339304
0,0.3951379179886056
1,0.6937397167363539
0,0.15705569168757375
1,0.5172962493748061
0,0.36735731418746664
0,0.4257133553677847
1,0.7514188975659374
0,0.42966982764439726
1,0.661267020530481
0,0.13865923547123776
0,0.24591312841801757
0,0.27321732502880974
0,0.29023937834831703
1,0.6677800762584458
0,0.39105005910834817
0,0.46826977356567956
0,0.4190094236599045
0,0.4544050113697728
0,0.3861217271336941
1,0.5576838174780406
0,0.45533227752287975
1,0.6397998699296122
0,0.4391352078250846
0,0.17193709275298225
0,0.2561756027284462
0,0.28108589725130495
0,0.4768987572466243
0,0.38338653135876516
1,0.5049612012560092
0,0.2906065352224824
1,0.6463290238900922
0,0.3520535008505028
1,0.6249086514139451
0,0.327527972123633
0,0.4026950955874818
0,0.4748079915329692
1,0.6734163302229916
0,0.4752454886432784
0,0.07127526400019184
0,0.4830022029339245
0,0.43957271942242604
0,0.4275205614129352
0,0.28019181959166267
1,0.6627586074775046
1,0.7289690988770808
1,0.5034369871258716
0,0.37563095362212084
0,0.25532721935565345
0,0.46864829269698105
0,0.4086897485197713
0,0.475122562964621
1,0.5008834722813416
0,0.48686204545030437
0,0.2451570121004406
0,0.46733666373516364
1,0.8408795754879121
1,0.6751708688756186
0,0.0505009397872275
0,0.49425883099687556
0,0.4357688546162751
1,0.6261230153986245
1,0.6330271617027093
1,0.5950068964308642
1,0.6409958385535475
0,0.3656853630064874
1,0.7500352941832837
1,0.6470492328129197
0,0.3954605525178238
0,0.4141776633056728
1,0.5042827304128461
1,0.7105970241195554
0,0.4230990953791615
0,0.2559603886130022
1,0.5004003759288893
1,0.5647194203497801
0,0.4614512125695524
0,0.40648733523692887
1,0.6356583161329765
1,0.564569633822637
1,0.683679296703899
1,0.5169837404957965
0,0.21732884316732015
0,0.4414934828697258
1,0.6973308951025211
1,0.5130025932652473
1,0.5508625975743793
0,0.4076058239641009
0,0.43510958911189546
0,0.4713559889510521
1,0.5343524231491105
1,0.7304594743751983
0,0.31242887840537764
1,0.9460930318734412
0,0.3533391423236418
0,0.30993716582340103
0,0.12014507579915572
0,0.449115471568675
0,0.44869294735939824
1,0.6505697748274227
0,0.31077400427500135
0,0.30106217190739576
1,0.5270760256121062
0,0.38956379194091295
0,0.37127472638674025
0,0.43236261356676187
0,0.13950772568973513
0,0.38890036169469006
1,0.7573287131547052
0,0.3006510710388451
1,0.670072553526345
1,0.8775251518175701
0,0.3364370903479674
0,0.2457981147686213
0,0.24399746185558335
0,0.44232588282676144
1,0.5349337819263956
1,0.5429240622294292
1,0.855700700756294
0,0.4389037146114828
1,0.58853130824018
1,0.5712427928524013
0,0.2911603655091322
1,0.6813763671679034
0,0.2937826657169495
0,0.3340459123999394
1,0.5896738743395804
1,0.6100469084886908
1,0.6037880325040731
0,0.44460982433817015
1,0.5167187222952717
1,0.5631856998153252
1,0.5402152130306929
0,0.1396006698837403
1,0.5128239478532106
1,0.6015662925298431
1,0.5052851344582294
1,0.5747402884832132
0,0.4564574512072272
0,0.10578040406755838
0,0.28585522761028764
0,0.307342181009158
0,0.4480211406817447
0,0.3792220063324327
0,0.42908651116684515
0,0.38237713207360435
0,0.23461752174267816
1,0.6917670781851256
0,0.4749105819092852
0,0.4363139268643213
0,0.19243021961721415
0,0.3426584400298582
1,0.6019258572120968
0,0.2645797286064972
0,0.4876488666537301
0,0.4502728081948023
0,0.4965017034958895
0,0.3012103885149367
1,0.7176801795905078
1,0.7020579235623262
0,0.4373786034809786
1,0.5100066115164175
0,0.36099246022424664
0,0.3315544425493174
0,0.2896400136749113
0,0.2844522578561244
1,0.5116587702852828
0,0.281293507327173
0,0.4423986358467226
1,0.5622820932625289
0,0.3108014182990251
1,0.5305964419530137
0,0.11917590712493072
1,0.5845218226736975
1,0.5881402239396418
1,0.684059219591261
1,0.514263306194325
0,0.43386585669792566
0,0.23163115562347555
0,0.25441144344198174
0,0.383722385426717
1,0.7641554801211976
1,0.5256981459271945
0,0.40869124021712777
0,0.3465042165979486
1,0.5738244085462475
1,0.7263397068183247
1,0.6121948566704832
1,0.5786053066005573
1,0.5934806625216695
0,0.4754835911567169
0,0.2940141090164004
1,0.5446938519333825
0,0.2417478203910161
0,0.4339114439651378
1,0.595145509436488
0,0.3891342759513257
1,0.582068675924697
0,0.41746217888133225
0,0.43592514895806755
1,0.5660605460447917
1,0.5445664110581416
0,0.46922521450247834
0,0.26653493690182467
0,0.3920371594356569
0,0.3901826087240874
1,0.5546158512367942
0,0.40602105795464455
0,0.31822863202491586
0,0.29165490740839545
0,0.4472929411292121
1,0.5063630459802144
0,0.13329137025420457
1,0.8205379091405096
1,0.6148305515441064
1,0.5678518459816186
0,0.3451878231943439
0,0.4782292728257989
0,0.20951002113394457
0,0.3947840807278374
1,0.8040235579693601
0,0.40608911198177444
0,0.31885094589141855
1,0.585482550507952
1,0.5054342963559245
0,0.36040592852808545
0,0.2699702180423143
0,0.1958586765772909
1,0.6688560215299246
0,0.35834939425780765
0,0.48070686818999725
0,0.1850680478407963
0,0.13922798759077826
0,0.36387516841729034
0,0.08684466093085108
0,0.28289149258910007
0,0.4151003066780515
0,0.2407353635763366
0,0.19242226202553225
1,0.6174575282927529
1,0.5447832097993502
1,0.5600488780998616
1,0.5366463396373471
0,0.36724489847052466
0,0.21707258821874548
0,0.407186893914504
0,0.31651908987317
0,0.4312574324521666
0,0.3635152960801767
0,0.3133317965287548
0,0.3832997663566578
0,0.23844850175213508
1,0.8077885864348965
1,0.532581014472636
1,0.5653371319029555
0,0.40687337088018
0,0.4797839507493075
0,0.18866688211546423
1,0.6552245786534387
1,0.5380290078314734
0,0.3715438689809616
0,0.4768196517238103
0,0.3752387002909768
1,0.6574136480349112
1,0.5328401348626678
1,0.5613298272186071
0,0.42559889134866713
0,0.4854949657186153
0,0.34114513192586976
0,0.4918467194201233
1,0.5948063406614693
0,0.32684928293100013
0,0.3630852338827785
0,0.3913644872651165
1,0.5603082237105875
0,0.11478620139922432
1,0.6035010520902154
1,0.581175581417022
1,0.6318788537220078
1,0.5356364476612683
0,0.14774361615132128
1,0.512453646880278
0,0.17652955526873704
1,0.5719342654953337
0,0.3879414423110899
1,0.749627816908077
1,0.5824861848771584
0,0.14706291126871932
1,0.6395139878490896
0,0.0955056280075732
0,0.3405141774995635
1,0.7115022889087657
1,0.668547005655693
0,0.1557105778105297
1,0.5566199318393952
0,0.404237030666999
0,0.3555722043827163
1,0.5418295619819651
1,0.5757441406138912
0,0.25138084448183723
0,0.06943597637194998
0,0.36351425070367915
1,0.8158512078534919
1,0.5389171719714508
0,0.4377367948465512
0,0.3837524823254506
0,0.38198052473005406
0,0.3365389946319571
0,0.4269317502758893
0,0.481002929309905
1,0.5484984690649772
0,0.45425529634584305
1,0.5067805430784305
1,0.5449801254540872
0,0.27120021702716307
1,0.7064520970359989
0,0.20620425447489987
1,0.6680134017631233
0,0.05653397754749509
0,0.4615368011803857
1,0.5499081543724552
0,0.18536104035623643
0,0.3283313486427148
0,0.2672270409538912
1,0.6639139031917395
1,0.505855921883092
0,0.2763396403255214
1,0.5086852847840808
0,0.31895035227901786
0,0.4703508939669682
1,0.6378024025398586
1,0.8175405513429099
0,0.2690781588693969
0,0.3834767823198246
1,0.6560633987788679
1,0.5856522981816525
1,0.5699759628650398
1,0.505928968085027
0,0.3321295831648111
1,0.9868781251138995
0,0.38463376305605346
1,0.6654550137406363
0,0.09239643699262876
0,0.3312986927830589
0,0.41005559100911204
0,0.39470013067357373
0,0.4524645809212519
0,0.3530775415523841
1,0.7222505751394911
0,0.4899742920943304
0,0.27809547648280125
0,0.39529589341305815
0,0.30475545035499113
0,0.43116012093920364
0,0.47028861744292977
1,0.5474661249493135
0,0.4367245123103522
1,0.616098903720376
1,0.5275457505554819
1,0.6850170560749503
0,0.37618765168847085
1,0.6644633816269652
1,0.5437722865769807
0,0.42438837061108325
0,0.4480659515010966
0,0.11137102495766535
0,0.08702365980788024
0,0.2352437123823601
0,0.07465272431826202
1,0.7357621947437141
0,0.3229886885720081
0,0.4096595582307505
1,0.556244231152713
0,0.2686700398934206
1,0.5461864533113718
0,0.40566893327825987
0,0.025838423923106327
0,0.48757957471231755
0,0.4193500746115578
1,0.6982201145495602
0,0.469369241540195
1,0.5270658786281507
1,0.6074601987235104
1,0.5901095430618123
0,0.4358390970637478
1,0.6628175417151212
1,0.5603824326244499
1,0.6900035763284177
1,0.6577483024941645
1,0.5543393107935197
0,0.40332349806018125
0,0.26908152646478595
0,0.2583696005063987
0,0.3139050326099518
0,0.40409290915457946
0,0.2804809583385857
0,0.07275746298906227
1,0.611377217681847
0,0.3689589260132459
1,0.5693009155906953
0,0.3178226736421575
0,0.4453587455582277
0,0.31494575871352015
0,0.3742426145716697
1,0.5698485438520644
1,0.5024219123542362
0,0.4406565866256714
1,0.7130322064881901
0,0.43627952966980765
1,0.7235167052535895
0,0.20557441763816925
0,0.24500755535342075
0,0.05434240628478761
1,0.5258987378279002
0,0.48941746136886344
1,0.5075179895970564
0,0.44863381060457985
0,0.33205796542170085
0,0.3768799943316818
0,0.3140801385869077
0,0.4059882908814897
1,0.541693494502195
1,0.5232760528481446
0,0.2400597639937416
0,0.41949314499875545
0,0.42025094548124226
1,0.6946978123661397
0,0.31182234658108277
0,0.4368977964933872
0,0.41115647584323395
0,0.46164111230347543
0,0.4373338602770292
1,0.6009042755174115
1,0.5207411185053735
0,0.14508819349870802
0,0.4006408306691276
1,0.5336432267306982
0,0.44141533942228667
1,0.820870713533148
0,0.3165408034447025
0,0.34437482118022106
1,0.6307875404473143
1,0.5030109731252373
0,0.3964095929689824
0,0.3953961286568807
0,0.3544037691981313
1,0.603710415148549
1,0.5089552192436063
1,0.6127838003807613
0,0.45462414766872
1,0.504734759499725
0,0.311710085688548
0,0.46858852474573554
0,0.409849192693515
1,0.5822665407327156
1,0.6040728393868072
0,0.42920329314557126
0,0.4229211999336779
1,0.6233774280812061
0,0.4770759203507155
1,0.5419996809831636
0,0.07190798463801554
0,0.3553491113375384
0,0.39515271646908096
0,0.4491044091101779
0,0.2160702928846459
0,0.24138054125967262
0,0.43104784808350194
1,0.6701803758649086
0,0.3775274144286539
0,0.3987434943318354
0,0.48050240411791056
0,0.49706107264385224
0,0.4151851779154343
0,0.2882547382887741
1,0.617022288412922
0,0.41855852542719324
1,0.6885103614867562
0,0.3825352021517536
0,0.4510816759470866
0,0.2812915324003689
0,0.15935305606059477
1,0.61795300529013
0,0.2700966314064132
0,0.38168078318277726
1,0.5797708476251214
0,0.480820182183996
0,0.42840901519968977
0,0.23055030983904318
0,0.424739755706543
0,0.41963596222587385
0,0.3335180512381971
0,0.4415318175220402
0,0.44093980982063413
0,0.38784777772421464
0,0.08107699488310322
0,0.20200200005891464
0,0.34342795607477056
1,0.5979380170262714
1,0.6063480436366965
1,0.6594073398150458
0,0.2909518911239517
1,0.5346146495338103
1,0.681207168224841
1,0.7326165518580381
1,0.5755936632177856
0,0.351668194970422
1,0.5656706234127215
1,0.791718753660977
0,0.27395896546405474
0,0.2075176816803978
0,0.47576811509151196
1,0.7975477180552161
1,0.8775674728088145
0,0.25083358620021173
1,0.5602319364496247
1,0.6729098700224321
0,0.4743618557993934
0,0.4502328732072229
0,0.3930465174344899
0,0.47499435074767493
0,0.41856565693045517
0,0.4386724620054485
0,0.3940292566098715
0,0.2067957683436958
0,0.06572071654430617
1,0.6002183993318594
0,0.40003761700005663
1,0.6461540722117184
0,0.1542859698609941
0,0.24063306973600151
0,0.2346672866507628
1,0.6555985489509153
0,0.4509227058670996
0,0.4604013557340662
0,0.28424635987333674
1,0.5825850957047765
1,0.6215761264973981
0,0.48545798015649505
0,0.39211626985657616
1,0.5440328615639733
0,0.3122864246790727
0,0.3729528537528043
1,0.5028218371564483
1,0.6673188804933423
0,0.47291691027119076
0,0.4703489517461945
0,0.49934192219425466
0,0.3430842892393875
1,0.8111781824774746
1,0.6630058067998642
0,0.34966984756043495
0,0.3514957847295709
0,0.4667925753814652
0,0.2100122848281596
1,0.7318137532572798
1,0.5314596393510984
0,0.29861156077975853
1,0.7345297588187322
0,0.4717385314102801
1,0.742756895251292
0,0.32317259794979303
1,0.6046870642149481
0,0.47138044109526844
0,0.4890915152668956
1,0.5436928073882576
0,0.4174878867834912
0,0.38174364305959313
0,0.3887245206606985
0,0.2913910408759522
0,0.27620311511855705
1,0.5376608866525369
0,0.4495428523359256
0,0.39923298426785603
1,0.7582347273581879
0,0.04957258277212354
0,0.46484033571368755
0,0.4379976749099697
1,0.5002337428429721
1,0.5195626881280812
0,0.3355606988889786
0,0.00543788480888728
1,0.8462231922958579
0,0.41758214473593064
0,0.3489314147615003
1,0.6473127788590192
1,0.6916539193063299
1,0.5111132173441219
0,0.47429236075989817
0,0.3742389285173343
0,0.38480738705179307
1,0.625764419375845
0,0.1907953054347201
0,0.23894591015564473
0,0.3392588375314016
0,0.31619393438291715
1,0.682696979387534
1,0.5270477837685944
1,0.6286937055216021
0,0.43218340462813015
1,0.5336306107157278
1,0.7496518811899231
0,0.38442219183848253
0,0.4095099560195536
0,0.4385562852397273
0,0.40513334833577197
1,0.5733638550672476
0,0.3798281691490858
0,0.2399770130721572
1,0.5061305784341315
0,0.39043588121221573
0,0.37250821268427387
1,0.574131400582475
1,0.6498617310857961
1,0.8899049485481091
0,0.42590625239813457
0,0.3780929882410917
1,0.55257384776421
0,0.37716258160529936
0,0.2171829125441554
0,0.4817252262261648
1,0.5156809511167698
1,0.5723499733918351
1,0.6468658292012942
0,0.438860798444344
0,0.3096112586930429
0,0.45349130109963504
0,0.30186698032841514
0,0.4653575006452997
1,0.6106227011670344
0,0.4295475010452609
1,0.5318496731154346
1,0.5101351064888393
0,0.45978908923529177
0,0.3111971724863091
1,0.5099054936061403
0,0.46190792422965155
1,0.6225032156153033
0,0.4788723911667052
1,0.6343906698392453
0,0.4237478175258794
0,0.48907479310132007
0,0.48594176497706565
0,0.3768933603526199
1,0.6970512893412508
1,0.5154766589722041
0,0.4371317232988362
0,0.19098028686875115
1,0.5092489303894278
0,0.36419324433100736
1,0.585707733345426
1,0.5340778814036483
1,0.5419398559572542
1,0.7257195410189098
0,0.44385415837100806
0,0.10176504400337301
0,0.48005679752271574
0,0.49279520397585524
0,0.149059601790203
1,0.5746624887474836
1,0.6017074770441371
0,0.35476340004123313
1,0.5939177034848212
0,0.31153332847324144
0,0.33850368745302223
1,0.6237384860019485
0,0.41815507007411445
0,0.4264561228673809
1,0.5662336241748358
0,0.17026838339468833
0,0.36322185775457405
0,0.4319340949883451
0,0.28599264997944784
0,0.3470086364284303
0,0.36715577300693003
0,0.3847010784727394
0,0.46778817170152975
0,0.44693610788189697
0,0.32513251880499544
1,0.5968616504533705
0,0.3136949319837879
0,0.18494180952651904
1,0.5290280278121926
0,0.44894999744295055
1,0.6618428077029691
0,0.3794260797093622
1,0.6477572678710707
1,0.9103553311222772
1,0.8012718739109829
0,0.4844001881579614
1,0.7966356742468812
0,0.28920913327799574
0,0.20604128128235205
0,0.43844142214711057
0,0.2794851984269291
1,0.5575082930308098
0,0.3278803589525706
0,0.31871274672326455
0,0.4919392079585636
0,0.36905447044183154
0,0.4600041603580067
0,0.4312996112655623
1,0.6121038269635681
0,0.16054822449968384
1,0.5181179607300433
0,0.2996477632128404
1,0.6425032316972447
1,0.5483002794753756
1,0.5110233348266824
0,0.2762780312713483
0,0.2342591096051046
1,0.7121610069383935
1,0.5204356527034356
0,0.42809082221344874
0,0.37693221543628597
0,0.42684292032207405
0,0.3505712571248672
0,0.30873192069639965
1,0.622690204980115
0,0.26266472907882304
0,0.44430922103707465
0,0.1620628538182371
0,0.35580701362421463
0,0.32904570892144047
0,0.4451248356074773
0,0.339240956587449
0,0.09709276473253955
0,0.33871459681589394
0,0.4865154328710761
1,0.600844000249313
0,0.3781572849750717
0,0.13340791067240548
0,0.09179431781762239
0,0.4016240581117096
0,0.4738328791935418
0,0.3707724278935989
0,0.3948339652239227
0,0.4681565880444044
1,0.5919926154428947
0,0.3122271074634516
1,0.692087251564526
0,0.3414627111942169
0,0.4782680389391269
1,0.5049255909098865
0,0.4716369170144562
0,0.4941275709121964
1,0.6790467952791969
0,0.4520269869124358
1,0.8440670925941324
1,0.5697931066625725
0,0.39206095780467454
0,0.27842878594076126
0,0.30153309068273026
0,0.38389408219526133
0,0.24139078587189292
0,0.22500807135457834
0,0.4255175810911942
0,0.4080479578255417
0,0.25747825161998456
1,0.5187236007828636
0,0.4247158849679905
1,0.593417957689124
0,0.219915598389727
1,0.5237192483826116
0,0.2713142895820579
0,0.41815381825869286
1,0.5427870530374093
1,0.5200734752213765
0,0.42669667182035226
1,0.5734516803195743
0,0.3321762474605868
1,0.8328661252728035
1,0.6876081776558314
0,0.3435514991626342
0,0.4412879140288525
1,0.6307740922373194
1,0.6208154780984435
0,0.3651572254788716
1,0.762230709213544
0,0.38144714154634574
1,0.6645876706988748
1,0.6265328579953066
1,0.5822938234811026
0,0.2841067464073356
1,0.5299203986648087
0,0.3471180442729772
0,0.4915139282438885
0,0.39718751090203164
0,0.1968273780330598
0,0.44207911881628276
0,0.36864626685183854
1,0.8002474590224339
0,0.39270403821346417
0,0.49676156392093446
1,0.6416996442925195
1,0.5582542266394712
1,0.6963968215984594
0,0.46705780836403643
1,0.6049748158203259
0,0.4586666796709351
0,0.2022484973879089
1,0.5625157667050802
1,0.8728883240806681
1,0.5862300444623398
0,0.39367695129821145
1,0.6414596518502144
0,0.36795803513547964
1,0.6028776543151251
1,0.6686050067636807
1,0.5437930904448888
0,0.4144886477547643
0,0.3476726299679656
1,0.7116547460095944
1,0.5278945192575113
0,0.4469487379261507
0,0.4391788577184119
0,0.38293661650301164
1,0.5562439567094476
0,0.28091463758449703
1,0.7654930647894829
1,0.5218460316081237
1,0.5162181965995072
0,0.34880888607266197
1,0.5340047108235235
0,0.4971588003590675
0,0.4107351217635808
0,0.4195073554391913
0,0.43470851492545304
0,0.45591577217346985
1,0.7837108168320289
1,0.5208050187231458
0,0.3518448388438639
0,0.370971323821662
0,0.39502822276107413
0,0.40083923710581254
0,0.13251110872152472
1,0.5314856475879229
0,0.46840057218976117
0,0.3634470933320866
0,0.09422002225752282
0,0.408261235442493
1,0.5996438291465549
1,0.6044712750423402
1,0.5187458041225999
0,0.3776852339519625
1,0.6728276173761687
0,0.25786533569637987
0,0.12370637097636594
0,0.2783863982231224
0,0.36677278849739736
1,0.6465472985025532
0,0.49604189637074786
1,0.5133489457791715
1,0.5320187975930976
0,0.26868502925019794
1,0.6032682031071044
1,0.5558255766535984
0,0.22733098231854768
1,0.5539061127162256
1,0.8545537921035361
0,0.3115878016360813
1,0.6186281882569605
1,0.6812004051494109
1,0.5034906621339529
0,0.3799013360175936
0,0.44235382482379415
1,0.6580630060435578
0,0.35821686414454873
1,0.6015538057207763
0,0.24235940491115596
0,0.35896726095078263
0,0.3334355787090397
0,0.3671652381414005
0,0.3995288347024507
0,0.25472070478219055
1,0.5264136773304249
1,0.6644480308290026
0,0.21030633238242238
1,0.7331249041699903
0,0.4227050454015772
0,0.28185227606702823
0,0.44826317426996315
0,0.4477577869773134
1,0.5083732400480693
0,0.18207355475571596
0,0.36531801359779814
0,0.40911493923800024
0,0.41105730320315076
0,0.2701217754524288
0,0.31899203806417026
1,0.552742133293823
0,0.48558445009886597
1,0.5842076805692952
1,0.5673014662737547
1,0.5808329051377532
1,0.6113952989114447
0,0.32857078572530724
1,0.6231749462245404
0,0.37725360241502176
1,0.5730167138939966
1,0.5376618839997507
0,0.4099190210972781
1,0.5893566112464642
0,0.42462980472009276
0,0.39863522196696166
1,0.5878249344314677
0,0.2974278850527103
1,0.5097223179648518
1,0.6413978763217604
0,0.2803034808245256
0,0.39700439925663444
0,0.24262229075615632
0,0.47060417633012674
0,0.35736923592198133
0,0.41259327646048227
0,0.4203902607474622
0,0.4310713237126859
1,0.5081234310286954
1,0.6105495066664395
1,0.5473730300422625
0,0.4464922226460102
0,0.3812396245301537
0,0.3197708974569484
0,0.1648176735544791
0,0.42717661174072574
1,0.5999337773783509
1,0.5054151628489951
1,0.5755970611246137
1,0.7758407365056468
0,0.2910905568775719
0,0.41986630759738225
0,0.3881981061859393
1,0.5241428588648033
1,0.555341736679892
0,0.4962067303421685
0,0.4022127990490566
1,0.8916100611079207
0,0.3127261952794442
1,0.6741751543080767
1,0.5133682255530608
1,0.6094220266107442
0,0.3572906302396738
1,0.6347268823910066
0,0.40191130385610624
0,0.33689645870095025
0,0.287178947368787
1,0.5459194545748237
0,0.2857906950390429
1,0.5446116891811592
1,0.5582037516557694
0,0.434948241500792
0,0.2356859629113373
1,0.6064346537827987
0,0.34841242904910036
1,0.5109975575937751
0,0.47949208012776784
0,0.3943825405117543
0,0.22241238874849617
0,0.36841890089777496
1,0.8465096185042728
0,0.24085519201820174
0,0.4677737947361148
1,0.5287930120788307
1,0.6531754320800864
0,0.3880727054921114
0,0.35592227622570277
0,0.4334269434880038
0,0.3368820948714324
1,0.5372072287036979
0,0.4626285476531386
1,0.5430105545887057
0,0.4286270024171716
0,0.23165828802642766
0,0.2727612131095799
1,0.6238915868310243
1,0.5043874184260577
0,0.4633233817294786
0,0.3671893041903637
0,0.32772144893038874
0,0.3702373959820518
0,0.44729817190767546
1,0.5152213872510384
0,0.18282947912264919
0,0.1552786203120009
0,0.2764548285217509
0,0.2718989999622075
0,0.34894055999691104
0,0.48820109172793574
0,0.2768231183879538
0,0.3735418035670789
1,0.503394859978225
1,0.6307265087644615
0,0.1347914764848021
0,0.4161945358798007
1,0.5188390564276697
1,0.5614686290429513
1,0.6116132972562601
1,0.5243867802155211
1,0.5970106797526947
0,0.41321725458370157
0,0.3627643237750811
0,0.31563737449456636
0,0.411125917622557
1,0.6400073900429143
0,0.43665420149082423
1,0.6080787318084832
1,0.5290508397193892
1,0.6423652750797808
1,0.6254695169894021
0,0.3762774379311833
1,0.5369354336124414
0,0.4517481155079857
1,0.5270872352724723
0,0.3411263606269255
0,0.4853379863636778
0,0.3500203784851161
1,0.574980501355783
1,0.5103926774292574
1,0.7607740059540509
1,0.5656936005577214
1,0.8311400437831116
0,0.44944343899958306
1,0.5318912964782148
1,0.5128003624196019
0,0.3851224192501222
0,0.14291597573911893
1,0.5886617321609534
0,0.39074708241012335
0,0.3989208984810393
0,0.3418964803938949
0,0.26306139625516145
0,0.4939455954049214
0,0.4217984760164011
0,0.2519124969039867
0,0.33180316949199945
0,0.23230590230255238
1,0.5642617095211375
1,0.5802579659110363
1,0.5486857287418422
0,0.46377102984201257
0,0.4605340885683668
0,0.3215301765287791
0,0.41239631048195624
0,0.48321015637013376
1,0.6348526290663339
0,0.3838707460418472
0,0.18754106918154864
0,0.40029430880579225
0,0.4565764662433534
0,0.39211863865893476
0,0.3171154445651315
1,0.7686105110869718
0,0.07415463837501396
1,0.744011709324401
0,0.4552424568834943
1,0.6012848541788051
1,0.6932001606367236
1,0.5378360833492493
0,0.4703940407225411
0,0.30184982443156233
0,0.4941092172546251
0,0.491597170611904
1,0.6129364773899646
1,0.7440754189905969
0,0.29919307606177686
0,0.15831403625682994
0,0.21448778109926459
0,0.3776743242440229
0,0.4843337147528965
0,0.19614871237903006
0,0.4631876725559975
0,0.25709780529861714
1,0.65432986762299
0,0.4639052731909618
0,0.2553665801047582
0,0.4028887640023213
0,0.13291225515782668
0,0.336960751166166
1,0.5723583768682184
1,0.534514801153859
0,0.41515015118254855
0,0.32969006681035484
1,0.5119379772678767
1,0.61843242241724
0,0.44700074268781775
0,0.2780379974328056
1,0.6990016789748444
1,0.5678284557618306
0,0.4332947876338617
0,0.3554269678303148
0,0.3871344089639509
0,0.3764911313087447
0,0.22762635839120413
0,0.3725624111043253
0,0.20134853709766534
1,0.546078779797539
1,0.6064321093607309
0,0.27363690310034094
1,0.7512012683428246
1,0.5448226261679229
0,0.24842560009685888
0,0.40366092060006314
0,0.3800142207788964
1,0.5421039364756409
0,0.2891442773571281
1,0.6217972846815335
1,0.6173243779047167
0,0.39744556305108
0,0.35827856352917925
1,0.5360197174318825
0,0.46810834188588124
1,0.5350155859481708
0,0.2759081824156453
1,0.6671741565169986
0,0.3922330148252276
0,0.3417163821872354
1,0.8218675116873218
0,0.13408961129251337
0,0.2795805173252193
1,0.6823390432899038
0,0.27712607751307977
0,0.4395419467456134
0,0.10258011899101077
0,0.49599670445389543
0,0.3927018917089586
1,0.602899528700913
0,0.19558560919693238
0,0.36863298268326655
0,0.46152263959968054
0,0.3289378452714493
0,0.4101859536801937
1,0.5199264582350489
0,0.3153274170090905
1,0.6125870253005884
0,0.3425498081948305
1,0.5336453167154802
1,0.5365392715220217
0,0.30231290862581506
1,0.6761943352209429
0,0.491712087994594
0,0.4064398609506626
0,0.3654843313947922
0,0.4098801689250549
0,0.36166344797042294
0,0.40604233403473244
1,0.5132399701865508
0,0.2165984909452777
0,0.18661922304607362
0,0.38593735499933923
0,0.4778666364497025
0,0.1690350291057931
0,0.39854872899145555
0,0.4601726449125484
0,0.22870629189410452
0,0.20439788487936214
1,0.5494868698595674
0,0.4793110667818768
0,0.31965325714751575
0,0.08341572945112381
1,0.6872200257862988
0,0.3988888781789613
1,0.6277663914225479
0,0.3512574830324918
0,0.4305113418605722
0,0.49687775175646903
0,0.32284711538525573
0,0.4262851406036688
0,0.24418511014296668
0,0.0554601128928665
0,0.361135643271116
0,0.38717881565713463
0,0.4923770896906812
1,0.6198880923177397
1,0.5630796633931373
1,0.6250715017077657
0,0.4398299602527549
0,0.4391864333221817
0,0.2666403096696104
0,0.3515710268657829
0,0.3021311600032288
0,0.4916280184409949
0,0.42716230494557306
0,0.37587262870376786
0,0.4005768159190795
0,0.453568778846273
0,0.3928867493259461
0,0.30217245587393116
1,0.5319572794028672
1,0.6532311716453484
0,0.49132272827455314
0,0.44285620381927243
0,0.491814613194577
0,0.21556429907859695
1,0.6665603146397323
1,0.6898055914549862
1,0.5944156463812922
1,0.7203323371518212
1,0.7513547246210518
0,0.34350223379372774
0,0.0515387333259009
0,0.37688670131014185
0,0.2764310918687252
1,0.6586552309147803
0,0.42477915935770494
0,0.4466415295771676
0,0.33733341847818243
0,0.06358051045320724
0,0.4599597027511575
0,0.2983869267773427
1,0.5140469466390788
1,0.5594600947474025
1,0.6676784818886875
0,0.3814551818155023
0,0.48962402127615173
1,0.8054157521806032
0,0.31473390639936205
1,0.6712133385146193
1,0.62600215236964
1,0.7217378214950942
1,0.524615415078383
0,0.3093143751021715
0,0.498959683067848
0,0.46393889754375434
1,0.506414004383078
1,0.6026470149813036
1,0.5298843570270748
1,0.5863265006654861
1,0.5641091712242474
1,0.5642362759009673
0,0.486615335467102
1,0.5446040489190621
1,0.5012908458062094
0,0.41696610508535165
0,0.2784959755816051
0,0.4212289895446323
1,0.9683117597865053
0,0.43589854050068316
1,0.7059318630377127
1,0.6973639811307865
0,0.34178482548340444
1,0.5815880938990262
0,0.47757929156148904
0,0.46343335076458053
1,0.6278769414810554
0,0.2972227369508025
0,0.3315066984653439
0,0.4397585714989812
0,0.3254859017059704
0,0.43599695412774736
0,0.298148257433969
1,0.579496443324436
0,0.471277627309017
1,0.5250163758808476
1,0.5484411810734084
1,0.5083054123992881
0,0.42929996289879824
1,0.5511229929271733
0,0.4793303848369181
1,0.6258381834954919
0,0.4830428333804937
1,0.5894204566499125
0,0.2845885411427161
0,0.15830882081373338
0,0.2538811293979674
0,0.4590476335229526
0,0.21547785929013966
0,0.43810803607659493
0,0.26254018325835726
0,0.2718327929801888
0,0.3686702313558987
0,0.380652087032504
0,0.20969077017665125
0,0.4037692601026146
0,0.2613792605183966
0,0.35166285863539165
0,0.4129212139661892
0,0.44656611576990607
0,0.25570219511591546
0,0.3617505472069757
0,0.43353289631856523
0,0.37670838056448236
1,0.7457631612930115
0,0.37257417476407106
1,0.8527772692603033
0,0.4283094401331685
1,0.5052930607955175
1,0.5946620023363176
0,0.41067979242622793
0,0.47598203881976897
0,0.34136000731220867
0,0.4656298688373944
0,0.3568136739824782
1,0.5557860649696108
0,0.43635980442292527
1,0.5705938813901038
1,0.6639332514348608
0,0.4102490283513438
0,0.1670221287657864
0,0.4192470668921021
0,0.3044250249508817
1,0.5286615454252871
0,0.27339716579444134
0,0.3539426939664057
1,0.5032705071563907
1,0.5029252343455495
1,0.5184667824140408
0,0.3150451407779349
0,0.4646335548339471
0,0.4456153663359791
0,0.43683512365622046
0,0.29317287761969224
0,0.19833859778970853
0,0.45604786770779693
1,0.5657000210305563
1,0.6804234724036102
0,0.41874630715854055
0,0.3649873375401964
0,0.26162954165007724
0,0.4423379594035235
1,0.5974046113816259
0,0.3637705488700803
0,0.29172553344333424
1,0.7421445564808277
0,0.3357904238812199
1,0.5470329154468401
0,0.3869699416086066
1,0.5093220027807832
0,0.21495435431639998
1,0.7563225628207004
1,0.5741598521070175
0,0.33676211771866493
0,0.26782134233177285
0,0.4118323684184147
1,0.5807932130630702
0,0.3821858365630385
1,0.9508431125614005
0,0.40082351687546525
1,0.6275668013657029
1,0.7502482908945725
0,0.32026370977474294
1,0.5054490903928857
0,0.47680005545195675
1,0.7044928958541166
0,0.3821644583013909
0,0.4744715451354931
1,0.514525952838159
1,0.5952856344620621
1,0.5533396574044454
0,0.4651921814056886
0,0.38150336571208193
1,0.6301285398132167
0,0.23661165695757888
0,0.2590952943969503
0,0.42614969388154356
0,0.36149814826712234
0,0.18278799232267048
0,0.32676042162523583
0,0.3893862700190924
0,0.46228914807020344
1,0.5821561838081522
1,0.5098458617683068
1,0.5301688312577607
1,0.6170290582409559
0,0.2449909693135493
0,0.3201287623229626
1,0.5270521878154127
0,0.15177274055128434
0,0.09107565312613577
0,0.4663317823577774
0,0.46557276667020137
1,0.6110089460326724
1,0.6520824197184137
1,0.6275177090119092
0,0.4917159970793076
0,0.2795855289118632
1,0.5683728786913986
0,0.25359983218821364
1,0.620742046523488
1,0.6952606080990155
1,0.6452828663696483
0,0.36286667376851545
0,0.32846057862091654
1,0.6192299937763929
0,0.3034157717210133
1,0.5688233831049508
1,0.5871148409891298
1,0.6290934304263166
0,0.383057252905765
0,0.2573341775480655
0,0.4588588477187719
0,0.46804269811395943
1,0.6543776760646643
0,0.3662428211428419
0,0.32811492330372477
1,0.6372705778681417
0,0.47247077359978823
1,0.59596204882616
1,0.5804857973108344
0,0.22427734754550296
0,0.3438368108406721
1,0.5179252849287839
0,0.336947237907198
0,0.47168790270409056
0,0.34385892549970676
1,0.5989068232253035
0,0.46533219954451044
1,0.5000678906276004
0,0.4033782650086647
0,0.2755386325092993
0,0.3849877869437816
0,0.03562622227234139
0,0.2819024371671646
0,0.4260599410154467
0,0.14813805706979397
0,0.44833630540097535
0,0.4397986128835877
0,0.4791637704980183
0,0.35195400591587395
0,0.31490778396133595
0,0.28794272986903247
0,0.38381932292792853
0,0.4973570067827329
0,0.4042369674704285
0,0.07643336769592417
0,0.2961960269116474
1,0.7650539458790686
1,0.5255060975449066
1,0.6497662170191832
0,0.1439740057060693
1,0.5979606000134393
0,0.28941399163012216
0,0.386952087418021
0,0.4724107791931213
1,0.6159349683500781
0,0.04031602648569722
1,0.5310474886203059
0,0.3255609707863086
0,0.48594258189464334
0,0.37664954150754726
0,0.4978716165137243
0,0.4945190031129926
0,0.08466562286567103
0,0.28989167636490903
0,0.33605810510428413
0,0.4691093192665024
1,0.5525906627892834
0,0.3516548599401182
0,0.3603975405538127
1,0.5632375667499205
1,0.6690121008653516
0,0.26873152309412707
0,0.3332977977205348
0,0.37155156243551857
0,0.2764761987813722
0,0.1700093587029073
0,0.4842368696423392
0,0.369162789614149
0,0.2913474046356609
0,0.46891158060013305
1,0.6948888913114528
1,0.6898621665049471
0,0.38849788133414687
1,0.5005394386046437
1,0.5590963447162508
0,0.45270209944666107
0,0.400123095378844
0,0.1725714253883568
0,0.4370644184706555
0,0.29399009195207926
0,0.2705934538296798
0,0.3109190686253435
1,0.8723207504322223
0,0.32873688196067036
1,0.5402300627302926
0,0.34242659838199735
0,0.14391547107273697
0,0.3921907225879319
0,0.33189645919151156
0,0.026386171427983756
0,0.45071098923690667
0,0.2860147084569295
0,0.43136519646174604
0,0.38750662532334873
0,0.3469568223839675
0,0.44624648622761076
0,0.4524405611254614
0,0.2838095113157412
0,0.45533087504170705
0,0.32105953636109646
1,0.9024006288989685
0,0.4441975542358314
1,0.5663986350551322
0,0.19941625818191708
1,0.5467389787507669
0,0.42501748843609005
0,0.3949788748521067
0,0.45774534722913
1,0.6338590852328078
0,0.23955596134469986
0,0.34717681628541064
0,0.2712835335364395
0,0.24932830803492687
0,0.4855059691372283
0,0.4305270997245188
0,0.4961177884836057
0,0.4461361316485552
1,0.538609673474059
0,0.46358823125438997
0,0.3843524435732303
1,0.6411226791611597
0,0.48307056978006047
0,0.4860498053174078
0,0.2731069142008242
0,0.20381824534757667
1,0.635107662445796
0,0.20296599889838685
1,0.6492118353095782
0,0.45050612479344443
1,0.6356672887092122
0,0.3526980860815325
0,0.41507933173911293
0,0.3773485335084989
1,0.7255597923486637
1,0.5768291350692514
0,0.43099574760363757
1,0.6536818675277386
0,0.3299989814222907
0,0.41180074778256076
1,0.5364162842476579
0,0.46421423395593886
0,0.2622650496937099
1,0.7845606099192798
1,0.5380601464086174
1,0.624879465845017
0,0.33289578433116374
0,0.3138788415960056
1,0.7659025446094975
0,0.4918950953568917
0,0.41529812711097025
0,0.31971591067818067
0,0.4265954983610242
0,0.29107964483587445
0,0.4222575027370095
0,0.14250486789328082
0,0.3732131122469368
0,0.28039682034164237
0,0.4618151764177314
0,0.36239802336022703
1,0.621123511063869
1,0.7222400130526613
1,0.5336421049679761
0,0.35393590690887927
0,0.4654726619000105
0,0.38857508649031103
0,0.4482349722037623
0,0.4624515613602823
0,0.3694681790896256
0,0.12964627937950018
0,0.48032239376422686
1,0.6635304936308214
0,0.32256351073115547
0,0.323062914428768
0,0.4675096553384426
0,0.04534957839151905
1,0.5723937223808565
0,0.3416879931022333
1,0.8241727762791239
0,0.20280402344160725
0,0.31441163692586976
1,0.6101733027289337
1,0.6050263993236266
0,0.43174916254077067
1,0.5863461145164333
1,0.5295076090564425
1,0.643533341210942
1,0.5078579794733193
0,0.3877147025745139
0,0.4264715955316899
0,0.4300421392171706
0,0.3997733793800215
1,0.8952349500008551
0,0.41647503518057993
0,0.31362180690038316
0,0.38055263714517945
1,0.6197567734742169
0,0.2881412368503263
0,0.21685655634674236
0,0.2253903639046085
0,0.4272994860690099
0,0.3026409388258311
0,0.41121859482108053
0,0.25380476955582254
0,0.3343874280923572
0,0.2661449810983018
1,0.6496164693811368
0,0.15524583277570198
0,0.4238969859192687
0,0.4253045444658606
1,0.7185871495407764
1,0.6182300640153964
0,0.4965029499288327
1,0.5457097521275094
1,0.5528613619826253
0,0.448590877515268
1,0.5730345572712217
0,0.40554138671390333
0,0.42690199945036084
0,0.4507941533065667
1,0.6050094837617463
0,0.287765561269346
0,0.42870792594386753
0,0.4847601801251124
0,0.4640555035879422
1,0.5279998747522354
1,0.5200301607622964
0,0.4641335297448425
1,0.6911213075875551
0,0.3650203799121205
1,0.6538903566693692
0,0.04079367848725684
0,0.38504649951894465
0,0.14375530285408641
0,0.4192946198201362
0,0.3196428658964191
0,0.36372842009174056
0,0.34747639301175076
1,0.6042728942159574
0,0.07854561870799115
1,0.5870164841867312
1,0.7042430775560569
1,0.7375865746401387
0,0.24418093862122411
0,0.3381764338192227
0,0.4180875102855963
0,0.2819732061384796
0,0.41227257376226295
1,0.5557604970220842
1,0.757287739650956
0,0.44485506840209477
0,0.2070031397200051
0,0.2661023635956401
0,0.4449327437924181
1,0.5940232774833988
0,0.07529811425582643
0,0.4159295338291577
0,0.4732052969993136
1,0.809393799201087
0,0.43519993922800965
0,0.3697597932523166
0,0.4564007275721966
0,0.47971383887911834
0,0.4028448414194799
0,0.4570038859407276
0,0.39410659362914924
0,0.43913089561105567
0,0.4262970437783287
1,0.6867166100861045
0,0.29170409562353167
1,0.5776068382267129
0,0.39413584182092837
0,0.4333658116729826
0,0.4766066420674295
1,0.5869406893785487
0,0.2845176853234408
0,0.4780395883448868
1,0.5553786921978573
0,0.45550653148837633
0,0.48041179738510315
1,0.5141173620351968
1,0.5931985419840531
0,0.28563621032310604
1,0.6280243670055562
0,0.4358351679947334
1,0.5329218311580969
0,0.44379554199697163
0,0.08163441639676541
0,0.43266936587692506
0,0.46976109799946625
1,0.5663787500254245
0,0.34891408805793345
1,0.5971772191793252
1,0.8733456190592523
0,0.482207040462762
1,0.7075528305275862
1,0.5258049556879157
1,0.6344949897367699
0,0.21049219240593128
0,0.4269984213756704
0,0.3846740598032952
0,0.28604435723673916
0,0.30611229873742
1,0.5089500778570318
1,0.6632741311716782
1,0.5572390289315446
0,0.490318349567289
1,0.5137260766307418
0,0.44284084489426845
1,0.6583136457191292
0,0.1420133636003636
1,0.528523929780112
1,0.5122627473496741
1,0.6640818251973453
1,0.6567130354494347
0,0.4693776050350286
1,0.550779024175704
0,0.33548656721218767
1,0.5337647256100182
1,0.7020769902211256
1,0.6388272780185753
0,0.1851902145972517
1,0.553849023389196
0,0.14739107614377886
0,0.32172176842714506
0,0.4429498131524621
0,0.34741401821222984
0,0.3046477785405129
0,0.34765413844789234
0,0.4841852622885606
1,0.6144119303289705
1,0.6777709486947853
1,0.5246300357460184
1,0.5448987228148586
1,0.5917906963550106
0,0.44941733378286886
0,0.4222477684134805
0,0.442860755339937
0,0.3612915970317688
1,0.5970291187355408
0,0.43100322740700825
0,0.12677546904781528
0,0.2704055403589254
0,0.3919497072837896
0,0.08594366153094267
0,0.40162979508019137
1,0.5035905402431762
0,0.46427358596508905
0,0.22752649734113747
0,0.4791090396902205
0,0.04009599044014536
1,0.599446238955119
1,0.5135118303188306
0,0.1496114701030174
1,0.7137463673519586
1,0.9447465297678179
1,0.5449565628062814
0,0.4424907171475642
0,0.48837318563997734
1,0.5444283197106893
1,0.5685044872385655
0,0.3771452434307976
0,0.20115202082921307
0,0.45965381553602863
1,0.5162306161208721
1,0.6012655882175376
1,0.8131994856187628
0,0.28068311143829916
0,0.45470283748791507
0,0.20067256775693237
0,0.2580991170745871
1,0.5180213694423732
0,0.3285141555329936
1,0.5190498242611096
0,0.4689193763225089
0,0.30207781651639687
0,0.4105047633812436
0,0.3488403065539234
0,0.3928342448199831
1,0.556460089498714
0,0.3668003459331073
1,0.7145021034535664
1,0.5896493402464742
0,0.3356213801360185
0,0.3976019431278614
0,0.3726416790755074
0,0.41103974368344165
0,0.3068446196498016
0,0.40019527362909546
1,0.5305071465661523
1,0.5645558783040887
0,0.3976836142837238
0,0.45662636451752486
0,0.10950607122934802
1,0.7473463041836382
1,0.5794943676629402
1,0.5505753722710661
1,0.5163590883869278
1,0.6885124119632011
1,0.5631917012175247
0,0.4907512625685217
0,0.4310175879401485
1,0.534484573917941
1,0.5083559682498704
1,0.5040533235821142
0,0.4063125619430676
0,0.4270381189005531
0,0.30181650633945656
0,0.42592526089816846
0,0.05420404169207672
1,0.5608047548225941
1,0.5270110131614312
1,0.6253766470581893
1,0.6170971584773369
1,0.6756582131273815
0,0.42522346986939225
0,0.475689767470012
0,0.3803084446981076
0,0.41293861679878385
0,0.4980387821848913
1,0.5098546981385111
0,0.4810966524447497
0,0.4662650832910653
0,0.32305161715148467
1,0.8018972474787344
0,0.3107924772435016
1,0.5552756609922748
0,0.29470644020144493
1,0.7537918947940931
0,0.24460784620891085
0,0.40953985375575425
0,0.1506152389355921
0,0.36444491177603666
1,0.5219796625312534
0,0.4118956129621015
0,0.38605732535360054
0,0.29830642420048764
0,0.15681727099556714
0,0.36437862636403795
0,0.3910731610553498
1,0.5250256917277777
1,0.5122803254853044
0,0.30552508879926543
1,0.581561129984305
1,0.5879545623496851
0,0.23388704920420425
1,0.6629737631915946
0,0.16936128581556686
1,0.5391916359899852
1,0.5082362439567951
0,0.3810437324429607
0,0.3822593509010047
0,0.3448590382305548
1,0.5332907182317177
1,0.669366497107536
1,0.6392944216585095
0,0.36995379063745276
1,0.7135649993119164
1,0.513918494818262
0,0.4888595157509937
0,0.33426142245676776
0,0.15058771484462372
0,0.0828237462456577
1,0.6115955385596465
0,0.4399238827568786
0,0.44448270922502675
0,0.44559265340474274
1,0.5219562957736952
1,0.5150016881229319
0,0.3317998853210718
0,0.3631537925682267
1,0.512644643637717
0,0.4732313406847989
0,0.37273576107242096
1,0.5960931814345475
1,0.6370976291756427
1,0.6624577272286334
0,0.30494994082870347
1,0.6094895631519176
0,0.2877612097174754
0,0.3271101440959552
0,0.2860501755486666
0,0.05204636136070974
1,0.6227708900856409
0,0.31422861052874457
0,0.33264810087107394
0,0.3690134375381056
1,0.5191489895605166
0,0.4465425208908451
0,0.4533111728141381
0,0.07470142428725396
0,0.19160800942789324
0,0.23975781916911718
1,0.542136053059717
0,0.3738643717343961
1,0.5123857133710252
1,0.6534876917219736
1,0.6244183708029196
0,0.32975816743938413
1,0.6636028878753265
0,0.2984389442147562
1,0.6999292648642487
0,0.43494503987520056
0,0.39484493786475194
0,0.43642549829058064
0,0.34012214284998504
1,0.6986037426751681
0,0.4686465558974445
0,0.4754543301750432
0,0.39438773213158124
1,0.6359817903763588
0,0.3701254616318337
1,0.5423059625372796
0,0.42325481574934226
0,0.3458376563534838
0,0.41342912435739004
1,0.7292725154642753
0,0.4194771961677924
0,0.2696599205380184
0,0.3158491057031234
0,0.4579878615820149
0,0.25574107072776464
0,0.3248234308327488
0,0.48400592115423463
0,0.460326271367657
1,0.6314667044228197
0,0.2974335283792299
0,0.3234926049522159
0,0.37772289971634254
0,0.4903015884501554
0,0.4014785369922746
0,0.48443151394349127
1,0.8052226574481836
0,0.48788538504290674
1,0.563901516933453
0,0.279556982995111
1,0.5545211481506538
0,0.23142111936937887
1,0.7171395554845061
1,0.5636138432939828
0,0.22715336197844552
1,0.5616836079863561
0,0.33530331102159466
0,0.4652007071598116
0,0.49649074858076997
1,0.6883462447688476
1,0.5304482604748854
0,0.4685065565314777
0,0.4246292503469971
1,0.6991379342811934
1,0.646738759078178
1,0.5608665188767417
0,0.28933165171457126
0,0.4232848000645292
0,0.34074823104482166
1,0.5264209589089294
0,0.3635036027348519
0,0.3285870974826493
0,0.44706837915421477
1,0.5652874106359356
0,0.233225451488088
1,0.5205169617631327
1,0.7506459089534764
0,0.35890564623544047
1,0.5152739600339967
1,0.5125667658754295
0,0.3775753461060447
0,0.3593206613424548
1,0.5206854909969098
1,0.6322497069707511
1,0.5899784063662945
0,0.3593454129662791
1,0.5273216745163385
1,0.5428998806236959
1,0.5183329781037537
0,0.1997950827576351
0,0.47542735711566697
0,0.4845279994391296
1,0.5911463912821937
0,0.3659620316418129
1,0.5594524138702198
0,0.3978290755868245
0,0.3760634335760714
0,0.1908665066013535
0,0.21446698265957592
1,0.6195811686152772
1,0.6853912812075086
1,0.6724665922110726
0,0.3428206434036989
0,0.35590082234154047
0,0.2734724559133227
0,0.3219375819485456
1,0.5966437241426407
1,0.647300158431334
1,0.52784119596653
0,0.4980305073096509
0,0.3479658336484354
0,0.23502323074902637
0,0.3213858118142091
1,0.7396884670904589
0,0.43618103527471236
1,0.7273645605407004
1,0.6424219767965732
1,0.5736651279708539
1,0.6489988289977635
1,0.681713284579526
1,0.6251898238041474
0,0.40301801572050233
1,0.5411017908017146
0,0.41881778685202087
1,0.6142911912120846
0,0.3155613560896059
0,0.33242220107528253
1,0.7034256957422786
0,0.3494472393816843
0,0.24880563914857215
0,0.3303611719133893
0,0.4055518697881427
0,0.46492895559901753
1,0.5611717171136638
0,0.4929696298472017
0,0.4288515471479012
0,0.060901513901113556
0,0.47555540529094165
0,0.043729310300734646
0,0.47607070163137116
0,0.305070629473837
0,0.47612402357528794
0,0.47148587436363315
1,0.6278864788192903
0,0.1593694060650774
0,0.4341074691606046
0,0.4288428902290186
0,0.4652443049066175
1,0.7597617969524716
0,0.4364779608386971
0,0.39068552649135735
0,0.45736505506433134
0,0.48857086064030625
0,0.3144621026641063
1,0.7038282223943715
1,0.5951867342966242
0,0.4720910687257612
1,0.708770472300787
1,0.8201287556487548
0,0.4315903802459625
0,0.18982801309203287
0,0.40061138072211083
1,0.7152222349283178
1,0.7595295122537659
0,0.46120885253031557
0,0.4153295557029884
1,0.6675962531213963
0,0.39232620658032835
0,0.46231128514975506
1,0.5612321992470272
0,0.48216035784557626
0,0.29780729685125973
0,0.2758055517839451
1,0.5006611407397032
0,0.4761556071491853
1,0.5215730552167792
0,0.44880168470485193
0,0.44678244916962634
0,0.3181726399635409
0,0.43088094605305743
1,0.6157110821060799
0,0.3896347565844836
0,0.4103203200265028
0,0.2124663026330711
1,0.6377758207255254
1,0.5187686664971891
1,0.6176847059016713
0,0.41998765624212003
1,0.6242051405322285
0,0.38903252324207366
1,0.6499204606227479
1,0.626243437664026
1,0.6302896708187105
0,0.42929195689364774
1,0.5377499156747686
0,0.318929436166956
1,0.5460267563037238
0,0.38572061014086473
0,0.4245972483309005
1,0.526691200002426
0,0.35870583218853497
0,0.3723516818736008
0,0.4411783813197956
1,0.5189818529752371
1,0.5098738642916787
1,0.5512301697379075
0,0.29193953067045864
0,0.43103216664342886
0,0.44893410865521033
1,0.6254952026680205
1,0.5318330304142042
1,0.6508932540807243
1,0.5477582701355315
1,0.6235217793067614
0,0.40155481071968907
1,0.891739162227358
0,0.38457495552382337
0,0.4904819843021593
1,0.585957507775139
0,0.2984788653667049
1,0.5179974006589387
0,0.297095984943444
0,0.4600714822245051
0,0.447997566634219
1,0.5376052937138031
1,0.6014414869544483
1,0.5292863216667741
1,0.6139089735576023
0,0.40780925789627714
0,0.24279880961700417
0,0.39946738420795214
1,0.9294492771737968
0,0.39514697697580187
0,0.2260939030286665
1,0.6451452987807713
0,0.4477301190326006
0,0.18405441051223445
0,0.42888186040304505
1,0.5018972634516745
0,0.32228432194322487
0,0.25361674347337587
1,0.6393519250774841
0,0.47334308569937134
0,0.2422840392306724
1,0.5185928352735119
1,0.6070946180340059
0,0.1569938987926565
0,0.4280597037185745
1,0.5656483140653207
1,0.5672934406532985
0,0.3452031458887208
1,0.6202659902108288
1,0.5749588643950302
0,0.3057514167021936
0,0.20532807699924904
0,0.4762209991918164
0,0.376426316657685
1,0.5817668693601059
0,0.3314552247146618
0,0.31899977130048124
0,0.3779624874428524
0,0.2569413759715102
0,0.30012314171915394
1,0.7108411193513869
0,0.4648800363666606
0,0.4105283149498277
0,0.35799276075251985
0,0.2535745483571433
1,0.6346626427482058
0,0.23948047697103006
1,0.6131919223227011
1,0.7889435718232866
0,0.4844728286052077
0,0.3498469054028334
0,0.4878130219493188
0,0.3775200180516012
1,0.6475148977933946
1,0.5453097982652064
0,0.4769669595312806
0,0.11702623888976538
1,0.5735145866881602
1,0.6044372443314646
1,0.5686103700471562
0,0.367805507748695
0,0.23196937254907218
1,0.7210229511197699
1,0.6013927260621358
0,0.30101028125922025
0,0.3723737195632809
1,0.7335257035727916
0,0.37669089012100887
1,0.627414414707223
0,0.3978011760087764
1,0.8356053444692695
1,0.5679270763721266
0,0.3840313225062068
0,0.42534642752359714
0,0.38170054793887087
1,0.5776210443535709
0,0.2557796949651852
0,0.2392042408344547
1,0.511198907252922
1,0.6825928220999229
0,0.4693589507061569
0,0.48728348759300383
1,0.7057879530994471
0,0.3248791672659944
1,0.7262030524933225
0,0.26917148832873644
0,0.45966965804463117
0,0.4196385767994869
0,0.45281237852898365
0,0.4528640513307349
1,0.6035151320050266
0,0.2312221741281548
0,0.43367940078517475
0,0.3327737899352434
1,0.7881520075130786
0,0.23779932813017024
1,0.5009800437460599
0,0.3322272009921184
0,0.3467267526977652
1,0.5847954465976226
1,0.7008812664467888
0,0.18096169598088085
1,0.5796441914225579
1,0.5310976327712286
0,0.2730054904118918
0,0.4731828167404785
0,0.41467028511146864
1,0.7321567012435335
1,0.5584371478417183
0,0.3117287969909593
0,0.29997615092761254
0,0.4645109857578796
0,0.4473120049377763
0,0.40261326712016127
0,0.16657413892649772
0,0.31525889203468954
1,0.6941807323745574
1,0.6061490014094565
1,0.6015677345186614
0,0.3686701328477295
0,0.41313812554974716
1,0.6235689283695424
0,0.4808702472037231
1,0.7157393575078447
0,0.3501036230752667
1,0.6710242779308698
0,0.460157142766006
1,0.5718990841613953
0,0.3746487298922597
0,0.22714223480528664
1,0.5584395628050812
0,0.4148507488757687
0,0.09679063705957128
0,0.3933338069051086
1,0.7413596030928473
0,0.18300507783170078
1,0.6599632097451938
1,0.5177905404267327
0,0.34570304579356015
1,0.8147266907806145
0,0.41352328487071344
0,0.27608564470610436
0,0.34964426211306115
1,0.5730164863582502
0,0.49331669776302245
1,0.5467229971610784
1,0.5206503809752929
0,0.48060883966510426
0,0.4935998721638444
1,0.5497854489196846
0,0.4331983502715496
1,0.6293132728407907
1,0.5844627068746884
0,0.4167460106321931
1,0.5368642599006431
0,0.4888911078326705
0,0.32056442480894737
0,0.38918038698791296
1,0.6275978247240855
0,0.44360065895016504
0,0.3658245028255516
0,0.4081139018375295
0,0.43185266197037436
0,0.4065438134897098
0,0.30778616233129397
0,0.2966007304243315
0,0.433727161531908
0,0.4873413891368492
0,0.3036231002774562
0,0.29538712909850506
1,0.5423051596035191
0,0.42405874655968195
0,0.35377828464034194
1,0.5337802607393023
1,0.5068256401636861
0,0.46613569080660344
1,0.5355566151484785
1,0.5209843339370559
0,0.1431625115882759
0,0.26848268458047597
1,0.529870144932193
0,0.3633253876021123
0,0.36802896368633264
1,0.5168551914049077
1,0.9864618301751421
1,0.5887553273089967
0,0.4192325930366743
1,0.6275284077495894
0,0.4359410550773082
0,0.42556487279709654
0,0.33117903560090256
0,0.43682696199835536
0,0.469332513932081
1,0.5064925507642855
1,0.5192277337206249
0,0.47043669318188575
0,0.4611922215133182
0,0.17128219500033118
0,0.4769152394126293
1,0.6275988644604895
0,0.1622301626010655
0,0.16961157251786774
1,0.9508949229152898
0,0.2733594551832929
0,0.4958855632302395
0,0.22533783974678004
0,0.43297093452889607
0,0.4955138729840826
1,0.6313618822530642
0,0.31471113435022713
1,0.5267364424492929
0,0.40203264421486196
0,0.29121005140723377
0,0.16660774588401972
1,0.5778424680654819
1,0.6608311464445894
0,0.36233556478695095
0,0.4646336059462697
0,0.389428926551621
0,0.36997585754741263
1,0.653328209217291
0,0.16839203551075724
0,0.3060750901268144
1,0.5413275337711538
1,0.5739461193607405
0,0.42960280345883567
1,0.5705720527785146
0,0.3522070711549909
0,0.4464335556579375
0,0.4877444832129647
0,0.24287123257760596
0,0.4056875117519384
0,0.4103830773642339
1,0.6562697967160986
0,0.46258827204641084
1,0.7156589523448498
1,0.6925115044479505
1,0.5610514517410935
0,0.23119346679492728
1,0.5632475894665377
0,0.23332025807014947
0,0.3039990875320399
0,0.32699492712772693
0,0.4690207192412212
0,0.4342251363985369
0,0.3993171341979251
0,0.10979978532907193
1,0.5900466909973923
0,0.19376524172871487
0,0.3501061649974064
1,0.5690569544302081
0,0.47805093858971726
1,0.5089888305022451
0,0.46274384175137284
1,0.9646813413328424
0,0.24260576382722415
1,0.6345740813706043
1,0.5192580580796833
1,0.754417852281737
0,0.3884882663681394
1,0.6144060330546427
0,0.3972185607235539
0,0.3771767600030353
0,0.36368472512962174
0,0.4552650490849844
0,0.4777896347969639
0,0.3333588485083788
1,0.5749920805423742
1,0.7047325725676151
0,0.32467436175942066
0,0.40166479764520646
0,0.07300029621624861
0,0.2872915506380483
1,0.504746344296703
0,0.4348373874975856
0,0.42118299646623186
1,0.6273307296067495
0,0.04656234248470421
1,0.7808741473714296
0,0.4244190015703579
0,0.41205171464935525
1,0.6268405404356389
0,0.21327231469679045
0,0.32714768825029683
0,0.1561159931798278
0,0.3148258302046508
1,0.664812278084274
0,0.3151563020187591
1,0.6247478367928372
1,0.5860490721361621
0,0.34275964223535077
0,0.4729788091479218
0,0.38841954603155465
1,0.5135973828537376
1,0.8655095753325937
0,0.25365879438962413
0,0.44223966872830256
1,0.5111462050959971
1,0.8068351068336274
1,0.535167919441194
0,0.3148923133554156
1,0.5850120194275
0,0.41796812874353717
1,0.5219125961364975
1,0.9110502971505604
1,0.5668663840284993
1,0.5043121581857753
1,0.7262100611119542
1,0.5530613840130647
0,0.460410925643144
0,0.0984770991720652
1,0.7021907167296574
1,0.5047988959371592
1,0.8100443017129273
1,0.5184270086635536
0,0.3815088346362179
0,0.4777624637701119
1,0.6252086755219602
1,0.5020827860033228
1,0.5184041180252635
0,0.2808814771105719
0,0.3983302760812676
0,0.3260289253516592
0,0.4974748131195352
1,0.5693850410655371
0,0.36137290335022443
0,0.4683581356077966
0,0.43003520185489874
0,0.30432583674530356
0,0.4135459522665525
1,0.5312134316840603
0,0.35384377839717596
1,0.6370161304150844
0,0.36501216742288134
0,0.32551052389753987
0,0.2993330380621112
0,0.40249193446431014
0,0.07554089848872608
1,0.6395964474584002
1,0.5652984174108642
0,0.43227340431521183
0,0.2552188075492807
0,0.447970042970981
0,0.46048325090993975
0,0.18457296233782058
0,0.4342993987435499
1,0.5179772786236148
0,0.4456659057605376
0,0.28755728034890493
0,0.3017952808539776
0,0.18291938670619973
1,0.6498730419751785
1,0.5776932045874256
0,0.4130938183113172
0,0.46531772471045507
1,0.6035776488994558
1,0.636066659791568
1,0.591654200190484
0,0.35360521349094265
0,0.3825947228766
1,0.5429534161583194
0,0.2850127398577025
0,0.49771120819877435
1,0.5566645350183282
0,0.45135637602978046
1,0.8315408954980458
1,0.5010540419696253
0,0.4260673014089691
0,0.4440723709409329
0,0.3354516576741806
0,0.47385816700016525
0,0.39206363650421294
0,0.3921995098591574
0,0.4100171505992455
0,0.46911284572516465
0,0.2666473088332807
0,0.3702810252147463
0,0.1882861470963675
0,0.37856087335290844
1,0.7173958295471629
1,0.6283625800407467
0,0.33518443159024697
1,0.8157157236943187
0,0.45824836678835246
0,0.41788696270920994
1,0.676848716480216
1,0.5513958686380453
1,0.6847421008878557
1,0.5050944790496068
1,0.5385077549927614
0,0.4946460510922196
0,0.48491570425053715
0,0.4071736663089872
1,0.508769865238624
1,0.6106868419005778
0,0.24918429023803393
1,0.6380364183113704
0,0.4252182879596735
0,0.09330500332799105
0,0.4536385174068884
0,0.4248299169424626
0,0.2744419700312481
1,0.6992835596744327
1,0.7608963550131018
0,0.40001130631180526
0,0.4464785449723743
0,0.2795718622525663
0,0.26636890801091206
0,0.45449359019490737
0,0.36702159096314485
1,0.5103947292155432
0,0.3921061978050827
0,0.3682798371880277
1,0.6911919358667827
0,0.4298339655986294
0,0.21812322242762322
1,0.5323792058190014
0,0.3874943222627858
0,0.4249510854306605
1,0.6393456891429508
1,0.5227132432025909
1,0.5976150629692698
1,0.6174639644646662
0,0.42380986784849783
1,0.6056205308623016
1,0.5858465439041557
0,0.45754251507446114
0,0.3366868869318943
0,0.4818982425814384
1,0.7899211977817336
1,0.6149824666182135
1,0.6312516533433097
1,0.6062651744095312
0,0.45828836474493184
0,0.4473200921462209
0,0.4345192874334058
1,0.561408249524173
0,0.38276052160461965
0,0.3943746772705325
0,0.40350906769851125
0,0.4322708279245094
0,0.13833558513360858
0,0.34004993667932604
1,0.610002728178261
1,0.6061067040573623
0,0.38218818209111277
0,0.44495750098386805
0,0.370352998805009
0,0.38402625659487777
0,0.4570644578266482
1,0.6381314130744355
0,0.4474814373205083
0,0.3260958192364904
1,0.5133972587703456
0,0.4571346258571317
0,0.2805955051412953
1,0.7114046215608378
1,0.6005878479865532
0,0.4048986371601793
1,0.506814420162301
1,0.6858684394263551
0,0.4876713595402297
1,0.7506987827299745
0,0.19464929794737787
1,0.5270213359604794
0,0.34500848270697365
0,0.38483632073695245
0,0.3497851001980686
0,0.3931673462579888
0,0.4091050754376317
0,0.2600911142486892
1,0.6096104740852752
0,0.4599356542152436
0,0.46603438825842664
1,0.5005964227321383
0,0.20278121345578032
1,0.6353954827899412
1,0.5622018298478263
0,0.32844613377361
1,0.7187168211870799
1,0.5831266514699193
0,0.38361137646132637
0,0.3194554206773103
1,0.7397049012918907
0,0.20860834458960906
0,0.4882938570479948
0,0.2442293894139536
1,0.5612250200567496
0,0.1703249051558268
1,0.5537185592333806
1,0.6409824419577334
0,0.4785729657681647
1,0.5152364525291871
0,0.34936994591871
0,0.262936674894177
0,0.19445749120759773
1,0.5959595019593724
0,0.3121686885243893
1,0.6067626856335616
0,0.4349277114098339
1,0.5564958998424795
0,0.28140528473864024
0,0.08368509330492324
0,0.3818141391071642
1,0.5824823943560382
1,0.5691382862954316
0,0.4478079147845952
0,0.32638566082300813
1,0.6837242382730446
1,0.5609565268723659
1,0.6640390357208625
1,0.505215643626324
1,0.5997919835351753
0,0.11925733105099115
0,0.4573942438420519
0,0.20106416789840464
1,0.5138086563955341
0,0.39900980039537143
0,0.2012358393768964
0,0.21679425104992756
1,0.5586358667605225
1,0.6964291107459505
0,0.43295647507721896
0,0.49720479955403535
0,0.2513271210114495
1,0.7626086762917242
0,0.4821024944416373
0,0.48653765337574134
0,0.3506638046914963
1,0.5104576575661683
1,0.8019469506143106
0,0.17137217832092924
0,0.4603123116856062
0,0.341119811321066
1,0.7523536629316209
1,0.5235945924151487
0,0.33840256328437385
0,0.2265259584011439
0,0.46500771214176484
0,0.31377669395634666
0,0.3539485897995698
0,0.2501689780370644
0,0.44896838887175583
1,0.5126931558623877
0,0.3661970340558734
1,0.6339678442488399
0,0.3538824625201258
0,0.3288910524410223
1,0.6129319237101838
0,0.04193769863120026
0,0.4918096177170835
0,0.3559935196629749
0,0.35137525558971505
0,0.3713043927853296
1,0.5410873712660632
0,0.18862965156970216
0,0.3377194138991707
0,0.19320923216058272
0,0.35673161449766416
0,0.41698104493692145
0,0.4653871355095461
1,0.5428474846395619
0,0.2807985464023935
1,0.5556368614939805
0,0.4607203330283735
0,0.4480111813119184
0,0.277256761068997
0,0.3062819750823013
1,0.5877027325438017
0,0.4204449321263717
0,0.22409074840663218
0,0.3286290026414191
0,0.43027284481426015
0,0.3035797313696303
0,0.4706059259912887
1,0.5222640972298119
0,0.28296150439927387
1,0.6933952296160598
0,0.42933363153489795
0,0.4966135633471454
1,0.7646244832618668
0,0.3409417698040529
1,0.5974848964384017
0,0.3629599000977342
0,0.338889142494447
0,0.3335889861851993
0,0.2991438171604226
1,0.6288422393455416
1,0.5294322984135379
0,0.41704741429637
0,0.4502487813936907
1,0.5803642090071257
1,0.8664912776486461
0,0.2740731842699867
1,0.6837728456862261
1,0.8703113360734428
1,0.6054990548654348
0,0.47280941095735207
0,0.4152989947606655
1,0.6644221278588822
1,0.5485172916246163
0,0.4045782892350759
1,0.540219947640268
0,0.15944352810725065
0,0.35428259286975383
0,0.449052289788775
0,0.258855164286267
0,0.4715042608441826
0,0.4003544775588502
1,0.8862072701001831
1,0.6745833079956355
1,0.5297015397073737
1,0.5357988758409482
1,0.5236778175474149
0,0.3379127778611476
1,0.8361303973229782
0,0.4166419745086513
1,0.6665379703504987
1,0.6528154514969968
0,0.47629094186086385
1,0.5576004052475105
1,0.721284278645232
0,0.43591579456374424
1,0.5705454603701317
0,0.4837564927821188
0,0.4046673595266596
1,0.6674334685598388
0,0.3282515016798542
0,0.35485586243705336
1,0.6358991590149022
0,0.4710684466040567
1,0.5329181966777335
1,0.5135413569312091
1,0.5327765509620602
1,0.791660633220095
1,0.6707287775739518
0,0.4974693794480049
1,0.6771726858844288
1,0.6023852249093984
1,0.5001258896871414
1,0.5209675864897094
1,0.5081291527243912
0,0.3586784297548673
1,0.6809240393117802
0,0.3883120110625761
0,0.29362611259568144
1,0.5543489384277727
1,0.7452705596213925
0,0.36079740373059804
1,0.9533700944420784
0,0.37464377906035257
0,0.49702790004608866
0,0.35667859286271797
1,0.5540122078614187
0,0.33869351713582146
0,0.3686344880898617
1,0.5689063365640733
1,0.5705108677389451
0,0.35517391639938245
0,0.14147524427007946
0,0.4829635680515276
0,0.49000502584301814
1,0.5437841412351931
0,0.38016767072101615
0,0.3934234638132419
1,0.5607298362907007
0,0.29435456541659755
0,0.38585093926175756
0,0.14689247168788475
0,0.238373438483781
1,0.7806274622440351
0,0.4573455318193757
0,0.3992508849907481
1,0.7628408868571105
0,0.4454932484682068
0,0.320585382054073
0,0.31915962879628246
0,0.49289530940176546
0,0.4771645195646013
0,0.33340361887573283
1,0.7463699199757259
1,0.70706174791516
1,0.5696193918836323
1,0.8654062527629207
1,0.5280566039218312
1,0.7256249576430313
0,0.34636543468869596
1,0.5384033349282416
1,0.7373383057058417
0,0.34051924850820203
1,0.541299714396023
0,0.4279604805420088
0,0.2093680450368226
0,0.3028817617035599
0,0.30773433638263126
0,0.350351580161084
0,0.4869791255373966
1,0.6126279948643278
0,0.4195779073932524
0,0.352224064170731
1,0.5964434884204941
1,0.810849279891342
0,0.32584450246387964
1,0.6596545233388057
0,0.12004315836885947
0,0.4923151861600222
0,0.475812598191667
0,0.33187637807546894
0,0.38513863332594345
1,0.6490304509272098
0,0.3533038092566606
0,0.2692847085588099
0,0.27526224502467583
1,0.5983943455804515
0,0.25613453905423217
0,0.4300724674159967
1,0.7475004635002263
1,0.6291149222916269
1,0.7252521732169878
0,0.26380270820688584
0,0.22300254557902707
0,0.34479201917926555
1,0.5781051482047721
0,0.07289011994656487
1,0.6920964169835422
1,0.5806673544747829
0,0.3441924228622475
0,0.3863600474834375
0,0.32915969289315083
0,0.4108513757451018
0,0.2726090478140963
1,0.7750601366897367
0,0.35830620025525994
0,0.29237069260893156
1,0.5143320506635406
1,0.5713361143395442
0,0.2938396835211365
1,0.6764931130321413
0,0.4123934601839881
0,0.4579296940559342
0,0.17844094756531204
0,0.3072505529843387
0,0.3866847984713389
1,0.7960831514038469
0,0.4145793436254663
0,0.301393902246827
0,0.43218933497129863
0,0.3272704355390594
0,0.41923261209277435
1,0.5926802559726565
0,0.42559243301013544
1,0.5671986881587083
0,0.3034328186615126
0,0.3788978616600698
0,0.4056147147809509
0,0.04323755280034775
1,0.5757899705632329
0,0.25566106066375904
0,0.3788638019436743
0,0.45566389352482184
0,0.4883988330920469
1,0.6322864381155963
0,0.16381398340876063
0,0.46921869333784455
0,0.34912955738600154
0,0.3324789217046645
1,0.7297054515557482
0,0.4190632069169655
1,0.5455597901006402
0,0.4626420871781969
0,0.28919018002379443
0,0.3554630139618186
0,0.4698155319221793
0,0.46393192347310236
1,0.616336710987497
0,0.4392872350628408
1,0.5459307845596393
0,0.47978995052347906
1,0.5945537821962144
1,0.6093171606146474
1,0.5138436380355692
1,0.5202107224042475
1,0.5520226449451026
1,0.6257912790893431
0,0.4147350444955799
0,0.37327915692359437
1,0.5971722034800098
0,0.4143299297357765
1,0.5443955626905747
1,0.7503539973225616
0,0.43215222881196147
1,0.5983044406066338
0,0.4469573224322636
0,0.34738073670701897
1,0.5679504613961931
0,0.497413171100091
0,0.46715565110719565
1,0.6632483461111298
1,0.6566100477042907
1,0.6501156116950831
0,0.12982585310035497
0,0.4236065984681268
0,0.3374110578387399
1,0.6257297268659727
0,0.4777365072008666
1,0.5325354107460748
0,0.31999521094245936
0,0.11544162567564753
0,0.4729013858768346
0,0.4146466600300096
0,0.3955863045921781
0,0.48897114620899357
0,0.4830975470083069
0,0.4110341908909031
0,0.3751462491777252
1,0.8048556763144274
0,0.4006231384131131
0,0.3738880519067794
0,0.39025490502153876
0,0.39621351136301125
0,0.4404188808533631
0,0.49169988675216775
1,0.7964607525390586
0,0.30736178256155533
0,0.31439333407781106
0,0.2626227698978585
0,0.3701926220784843
0,0.2793142277458611
1,0.591560846278883
0,0.4032142232928403
1,0.5769765579490495
0,0.40586243586780596
0,0.43205166212062335
0,0.24920850986248655
1,0.5702796628679557
1,0.6045524681362019
1,0.6360087509077218
1,0.57475953984318
1,0.6764346722592164
0,0.4501894846090123
1,0.5511003633988444
1,0.6104812560576044
1,0.5422758291816464
0,0.46010872384708407
0,0.34678902410875834
0,0.44921777369275184
1,0.5262644111485574
0,0.33494310410816064
0,0.4022125206756777
0,0.37110652298699287
0,0.41612388582170595
1,0.5000636810053354
0,0.43006138367579644
0,0.4580743217569527
0,0.43890363950659755
0,0.29359346105831485
1,0.6788566311374016
1,0.5739017183066479
0,0.42943554512800974
0,0.4015982138382392
0,0.4421553801512605
0,0.2809651635968268
0,0.29846171447025305
0,0.3788469385043425
1,0.6073652891875118
1,0.8088463740759303
1,0.5085432617682221
0,0.3955367095508367
1,0.5135427479678252
0,0.38067959442511295
0,0.2546671647376942
1,0.5174067146650759
0,0.3699350877902666
1,0.6596393442688931
1,0.572547977604475
1,0.5985710536042363
1,0.5862244256954223
0,0.4829217728654442
0,0.34652451024300324
0,0.4306024826336761
1,0.629851623292127
1,0.6073422175149089
0,0.18881321047528457
0,0.4777207589471859
1,0.6082760090802781
1,0.6097197256621832
1,0.7076850206255904
1,0.6546058134690043
0,0.39965617687442223
0,0.30703044058661727
0,0.40895289856425937
1,0.5548261526092545
0,0.48791810937144714
0,0.32977691225914046
0,0.22682374055049415
0,0.36232028995625665
1,0.6088540956724747
1,0.5864779354306496
0,0.39484080227835566
1,0.5592146349428128
1,0.5198393739719831
1,0.5815428001014472
0,0.4230170403349402
0,0.3846722953110958
0,0.3579074756197863
0,0.272419712597228
0,0.38451806015009465
0,0.4091281278906353
1,0.6126340247570959
1,0.5721544182883885
1,0.5324001746451135
0,0.4245268255220793
1,0.528513856097792
0,0.385830197191368
1,0.6047413859173865
0,0.467755341310049
1,0.5053636988320893
0,0.4260693030454888
0,0.2877414273632468
0,0.2758565630587756
1,0.5845530528513552
1,0.5757159613869707
1,0.9091704608928544
1,0.6228529905732781
1,0.6360388766596534
0,0.42701301230414673
0,0.3020954142213676
1,0.5148586578075006
0,0.34386164089023696
0,0.28116346568576833
0,0.29796701335606784
0,0.01430765310717481
0,0.23223008460116482
0,0.1784721561643068
0,0.41176589494619775
0,0.4317224425115751
1,0.51661895138048
0,0.42307816713086543
0,0.4283238185163924
0,0.4569455135299553
0,0.4747498236665787
0,0.21051704830251194
1,0.6488591293753231
1,0.5100748766836435
0,0.3545805377429312
0,0.43171319506962064
1,0.5542709966332942
1,0.5304141111713916
0,0.43919308601951296
1,0.6380416099470354
1,0.6588913184237214
0,0.23667175547264824
0,0.420979865054478
1,0.6678679314997638
1,0.5935454323180114
0,0.39294305136187957
0,0.4203096488877071
1,0.638956632941065
1,0.5223879863950479
0,0.1931298627507857
0,0.24828314684697944
1,0.5193715117080194
1,0.55303779790118
0,0.45923048956596624
0,0.4479847540214509
1,0.9418318111041594
1,0.5270000149891321
0,0.46321544131463394
0,0.4372055793314925
0,0.3733432531032988
0,0.18183598033457485
0,0.3682747865687903
0,0.43455505947716855
0,0.43057332277195376
0,0.363197306088389
0,0.2938680335749871
0,0.4191201492661253
1,0.64730560064128
0,0.4799713379886767
0,0.4685023143161479
0,0.3042526199316286
0,0.3849092031737177
0,0.38005692172879635
0,0.471924200017511
1,0.6671547539220787
0,0.2216102930734499
0,0.4692451926642239
1,0.7016205176924621
0,0.3852870828289316
1,0.549652919262836
0,0.49039728193422044
1,0.5907716297568884
0,0.31528548967244735
0,0.2936013730632441
0,0.2600909137997364
1,0.5686862113522974
0,0.1201306122950278
0,0.4520884141085322
0,0.41792327414819225
0,0.16311180537620415
0,0.47000546664327675
1,0.8183100932951357
0,0.47293082388721924
0,0.28481938966092013
1,0.6841756179206303
1,0.5686889442501417
0,0.49812920371556957
0,0.23733574384205824
0,0.38243967885978597
0,0.2689808898802019
0,0.38410297252228415
0,0.45462684566470213
0,0.34114334800757434
1,0.7445441203096682
1,0.6260387926677017
0,0.215624778692793
0,0.0694529374958682
0,0.2722790660900422
1,0.6549074559323621
1,0.615389548911482
0,0.4438714080197214
0,0.49696351543168593
1,0.5618206449943037
1,0.5710583220407492
0,0.37848575878493146
0,0.2616631861580501
0,0.3617273717807588
0,0.3204443877341772
1,0.6659497284813174
0,0.45331261520457145
0,0.41922287178520234
0,0.3040318406857634
1,0.6014314153626649
0,0.3910414200302812
1,0.5270451801914697
0,0.39253524052012545
1,0.5745078699042402
1,0.6081107235103556
1,0.5330320525589951
1,0.5895778332571731
1,0.7461229564124529
1,0.5741301768083683
0,0.43116093357393515
0,0.4302633048734488
0,0.355135499568322
1,0.7941848002223482
0,0.47711841904633384
0,0.49026308866467516
0,0.29421930385565276
1,0.6833866330110123
0,0.4464405775180223
0,0.31863695509262996
0,0.4580188241376339
0,0.2678468541618615
1,0.5385421324397924
0,0.23420222465882837
1,0.8301785494728203
0,0.4242915300976736
1,0.6366891232605714
1,0.5940114922389228
0,0.37650915447292704
1,0.5657527193490648
0,0.21922326499967945
1,0.6043189845936554
1,0.5174568286738059
1,0.6216151533375254
0,0.27162508544130914
1,0.545976512749417
0,0.45465557279845537
0,0.49939350926216786
0,0.12899017493190384
0,0.3746170813115578
1,0.6346188614273955
0,0.3674081662886681
0,0.43749436597935365
0,0.41210781801571567
0,0.4480225210531702
1,0.7398959830511869
0,0.36941917933695906
0,0.37601513767011013
0,0.26754971715999626
1,0.6515092469464852
0,0.33460467594095444
0,0.45648630652442934
1,0.51972259532532
0,0.4429235186576108
0,0.33542485338418365
1,0.839963826602068
1,0.7277441663645049
1,0.5033797843241549
0,0.3633106257464994
1,0.6986048089984853
1,0.7097313920576851
0,0.46537686484922025
0,0.4802183812548878
0,0.4710793961619412
1,0.5369260058248045
1,0.5586654329597845
1,0.77683790386513
1,0.7392796759639682
0,0.2964490037113253
0,0.47767939850298247
1,0.5785266936307655
1,0.7019530064852455
0,0.3080398551910106
0,0.36001474177222936
0,0.36298046849576393
0,0.4553142762162588
1,0.64528708095913
0,0.32354583119676217
1,0.6758524616769014
0,0.2611987161266871
1,0.5094698393739051
1,0.6239205723328393
1,0.5134194571263458
1,0.5895869312581238
0,0.37752101509369945
1,0.659062143380913
1,0.5481488923475588
1,0.5178044643420074
0,0.38706403930967787
0,0.4578756566782933
0,0.4514213179266808
1,0.6070358446547712
0,0.17811818678016206
0,0.4369966113085483
1,0.6427413911035924
0,0.4115973425202816
0,0.46842705568250714
0,0.39948788197774676
0,0.49845306328412503
0,0.38515052708024694
0,0.2659020560491535
1,0.6064443888486747
0,0.36993460356235464
0,0.2957746806309733
1,0.5346850734054625
1,0.5871501697432017
1,0.5084713522481998
0,0.401576699872856
0,0.49619182634720377
1,0.6165513577254654
0,0.4748231869427759
1,0.6104699457835516
0,0.49608017583053743
0,0.325569264617176
0,0.360660294562439
1,0.5626177622111903
0,0.31140944820200794
1,0.5506840483909076
1,0.5956244424184938
0,0.4955144207319846
1,0.968032425790611
1,0.5185406756629551
0,0.47545900393335916
0,0.32369261576405745
0,0.24863891052643475
1,0.6995472648185584
1,0.5098206358405469
0,0.2879601946285494
1,0.5388109930743353
1,0.6358924082460544
0,0.3171061162817524
0,0.4176644632795127
1,0.7369642151602038
0,0.4357770127626982
1,0.7434910213515209
0,0.4293526185171486
0,0.4787797869215922
0,0.43713617593825155
1,0.6171488646099401
0,0.4599009377220304
1,0.5132882769867821
1,0.6783756286303194
0,0.2913646743576057
1,0.6343245646882757
0,0.22625271838660485
1,0.5814375577597766
0,0.13561563952251743
0,0.41096291522339856
0,0.4489798684977634
1,0.5998131471681648
0,0.43380329038595455
0,0.4400027247714007
0,0.27610077916161535
1,0.5869618873851848
0,0.4823310998329274
0,0.3323474669120248
0,0.26913724542274775
1,0.561978362546271
0,0.39927948413675096
1,0.658043238072399
1,0.6325300798631331
0,0.4238376088887365
0,0.43624535077853904
1,0.6000783075670006
1,0.5240584467283148
0,0.3498175275322594
1,0.8078450966783244
1,0.7029542052878731
1,0.5776755961886401
1,0.6096693799448949
0,0.40761545433671514
0,0.49046841925064333
1,0.539976385633091
0,0.24152587954715246
0,0.06801323793505851
1,0.6100981910667034
0,0.44019157128531067
1,0.7387726448931871
1,0.5427527317089603
0,0.3542036865343615
1,0.8372393153650466
1,0.5314000191738522
1,0.6661616233864811
1,0.6257635827174843
0,0.43326792888944266
0,0.4520253303038045
0,0.48427489204740126
1,0.5335303729716788
0,0.391301320399172
1,0.5595184358117746
1,0.6198241147362726
0,0.3706010640760341
1,0.5361559551723479
1,0.8888003465638115
0,0.33622007030078993
1,0.5843184454024306
0,0.46073521314350724
0,0.303131542589648
1,0.789508681159955
0,0.22030839082062764
1,0.5124819244482939
0,0.26150749582067667
0,0.40896018116210386
0,0.46360550213014673
0,0.34563367313326804
0,0.350185401483074
0,0.44907339345156994
1,0.7180608091958384
0,0.18401312423332297
1,0.7385767757657978
0,0.39348364084169213
1,0.588590904799632
0,0.25456163368699286
1,0.5020369089597311
0,0.4450770490396083
1,0.5702815117668385
0,0.46723365259874233
1,0.5519588183700221
0,0.4499022165936522
1,0.5506431932905059
1,0.5297200641149997
0,0.42067985684102627
0,0.4333989439617505
0,0.28974718387579124
1,0.8842295505848139
0,0.3435797261836378
1,0.5513341360389824
1,0.6577605917117971
1,0.6360004745167616
1,0.6344388128519844
0,0.35712040006443335
1,0.6159862548314711
0,0.46630208095724657
0,0.23647044887945948
0,0.3356553746215194
0,0.30066683964522467
0,0.3579961098725155
0,0.49543962011639137
0,0.30503088173783655
0,0.46503550530691834
0,0.49145563932718556
0,0.3590575204755468
0,0.4939910630486565
1,0.5623037277481225
1,0.6595884898555594
0,0.3571354878596585
0,0.447625980753392
0,0.4497506171059798
0,0.40887266052472376
1,0.5378141164090509
0,0.4380438962479016
0,0.2399556381109653
0,0.35627100317691746
1,0.6780872880590242
0,0.3241812845429895
1,0.5178322400408631
0,0.3729447117474482
1,0.5260233347901996
1,0.67748757736087
1,0.8282453719293732
0,0.15365527323052827
0,0.30925329919586203
0,0.26514907063896687
1,0.5559667333101804
0,0.10909086214239304
0,0.4140776183978281
0,0.33130295225960654
1,0.7621707103584626
0,0.19788826799983378
0,0.48165610142615345
0,0.46393458976155444
0,0.46513915249736404
0,0.38259282718393484
1,0.6758813538270736
1,0.5394547615804448
0,0.20147142250609537
1,0.6374144453079255
1,0.5837096743697007
1,0.5188228640901525
1,0.5842459782919491
1,0.5308630102500639
0,0.4549179096687583
1,0.7930067694674405
1,0.5458915875133314
0,0.39454228568084954
1,0.591463757319448
0,0.4264462333951025
0,0.49896133039810425
0,0.31767393887182527
1,0.5117573062059747
0,0.3447376525488388
1,0.5916653212304821
1,0.6491433862352413
1,0.6368496002232756
0,0.49765951270360576
0,0.3503401723185398
0,0.4470517474599417
0,0.4811169478226876
0,0.44821305596578265
0,0.46984943912891175
0,0.37300933167430445
1,0.5865073300675431
0,0.4140943600194714
0,0.4810648545534088
0,0.03852401361826383
0,0.4692088322768112
0,0.2768860566923435
0,0.45275460326192224
0,0.3762036805385702
0,0.1372987275559668
1,0.5031206910726286
1,0.5720920594807375
0,0.26495660138584404
1,0.511771013203639
0,0.2859643186407443
1,0.587434245469395
0,0.4622209236106857
0,0.3831519110252126
0,0.18044962183119242
1,0.5231774827073621
0,0.3000443425682461
0,0.49797686526899254
0,0.3495230562463944
0,0.2678040330320911
0,0.1888429314884729
1,0.5148423094894808
0,0.28373321945962265
0,0.3102653140870304
0,0.2745151753884508
0,0.39418223948768827
0,0.4079772867378007
0,0.3549272420990983
0,0.1046027607900684
0,0.1589854611951074
0,0.4210183794872741
0,0.49139265175263513
1,0.5819084908580151
0,0.48911762716934415
1,0.5239266731307738
0,0.4195651986719645
0,0.3943441939743121
1,0.6918325117229148
1,0.8348136060252901
0,0.4177824223943265
0,0.328583952674636
0,0.4362530754359494
1,0.5509942935949057
0,0.23256592013096933
0,0.40122769957424176
1,0.6663921782681874
1,0.9615118198141662
0,0.4631010317075544
0,0.3982187762540166
0,0.4423746270967307
1,0.6272622988855644
1,0.5255797104598666
0,0.4181797735042213
0,0.36414489902145486
0,0.19986649436075318
1,0.6989266890904289
1,0.5277440666822011
0,0.3737166598962047
0,0.4825727131048765
0,0.42406203554409455
0,0.33670232161115643
1,0.8723962560506616
1,0.5413576656461394
1,0.9098970068499751
0,0.20070599340582054
0,0.421690795768123
0,0.37840724761758254
0,0.47904336805737757
0,0.225603306627787
1,0.7004013328592681
0,0.41850349067351844
0,0.4528110010477035
0,0.2931832625034429
1,0.5391104662165117
1,0.7803763123492987
0,0.3700327863032115
0,0.31623359538204543
0,0.3651595588093428
0,0.42820670446444536
1,0.5340748691208197
0,0.22930376817958628
1,0.6133944172810756
0,0.3093513779153702
1,0.562832007126659
1,0.5578405777894769
1,0.5462260048553794
0,0.4689225929480941
1,0.6261851733091817
1,0.9120363897605597
0,0.37071393417495024
1,0.8581296860182537
0,0.4241416340264215
1,0.5789650060850554
0,0.28249684897053967
0,0.4649144486752191
0,0.3095266347562715
0,0.4819291450810095
0,0.4678623416983225
0,0.3283015374381717
1,0.511077285053095
0,0.4753688993248519
0,0.36798132416138185
0,0.4461746191609803
0,0.37991313468981397
1,0.8305121653599244
1,0.6259016470028674
0,0.4913768439248363
1,0.7238020977287933
0,0.4249965673255072
1,0.5426685324749941
0,0.3186228176045993
0,0.2825784938763867
0,0.4368321341518222
0,0.4435125892398034
0,0.3357259534309079
1,0.5564822516385882
0,0.45136090496567005
0,0.06295280381810997
0,0.41725665804376005
0,0.31557507154170933
0,0.4758841528691627
0,0.22050409189604483
1,0.5421598734510843
1,0.6805742983058068
0,0.4854263852983932
0,0.36522524885864593
1,0.6356032572749148
0,0.4282354451353675
1,0.5562062835507294
0,0.4458014685759795
0,0.4310001485034459
0,0.47098723527638714
1,0.5328977643333201
0,0.42671135458113546
1,0.5493583202726484
1,0.5442146523733269
1,0.6948874368553376
0,0.3167329771794714
1,0.7247391999000531
0,0.4419920761263
0,0.4323082800791564
1,0.5142800458332414
0,0.1585190199433663
0,0.09631970660516301
0,0.3749105772951967
0,0.46699626615913836
0,0.40619849511553824
1,0.8253530260211238
1,0.5976535362730269
0,0.4361288220288509
1,0.7233675878511652
0,0.44261583838305557
0,0.3694955730156896
1,0.6084490805904381
1,0.5250862169532299
0,0.2732472452253147
0,0.36228830149436975
0,0.23622312776718282
0,0.36778180518989634
0,0.367342977858945
0,0.4919539821611672
0,0.4275929994589854
1,0.5669101688505777
1,0.6103589861334291
1,0.6599367426780757
0,0.2811906388813772
1,0.6403983852857319
0,0.452909429802719
1,0.6068324006373935
0,0.49005782042145996
0,0.47375015336501947
1,0.5404435374082021
0,0.4571079814447352
0,0.35279310975182476
0,0.2862259254819501
0,0.35627514193769644
1,0.5748887659503268
0,0.17318001816602493
0,0.29256195784508077
0,0.4823248659796916
0,0.43858563326437405
1,0.5604116925061311
0,0.12174277999945242
1,0.5986265097761164
1,0.7849154979153524
1,0.5191203623353811
0,0.3869401457967857
0,0.3964991800010415
1,0.6735180803765101
0,0.37882418758824593
0,0.4549798141601499
0,0.45747516771129576
1,0.5808682470964217
0,0.2318516427806476
1,0.5200192123973164
0,0.4402936023656217
0,0.14833292267657372
0,0.31730967071381894
0,0.4488622616905112
1,0.6401298132907425
1,0.7906235344329143
0,0.4360742957841023
0,0.2042713024592713
1,0.5351348252353663
0,0.41493012855063816
0,0.33837770228554287
1,0.5772711174199571
0,0.3900219802135793
0,0.2698458160118088
0,0.25549008991231087
1,0.5083069380368216
0,0.15022049136603918
0,0.44704933832689453
0,0.2261776014508257
1,0.5487582733045064
0,0.44669024149497205
0,0.32771564192474706
0,0.4865467453055602
0,0.4027765466294926
0,0.4104265313645451
1,0.6490985610283321
0,0.44671298871870185
1,0.6143148206948287
1,0.5355984704966151
1,0.6230847539468889
1,0.5673511142362043
1,0.6269399415256156
0,0.30742540003093616
0,0.4818396407274259
1,0.5123098850373873
1,0.8841860856612539
1,0.5310407504897536
1,0.6384695962248778
1,0.8753203066185152
1,0.8424298071827581
0,0.3865677344683595
1,0.6024684339479334
1,0.5345937741768436
0,0.45907157490196415
0,0.25852555333773514
1,0.9005192993596213
1,0.5379024738656153
0,0.4833584102410662
1,0.5570135749163009
1,0.580542159839188
1,0.761513985748883
0,0.4601931227693927
0,0.38592417250732175
0,0.38294660708819384
0,0.3626868570924694
0,0.3736180563676786
0,0.2244004319166642
1,0.5076766758031637
1,0.8863873552565504
0,0.25779571239682375
0,0.36506727291770896
0,0.30880405657019505
0,0.4521012218906347
0,0.3521166474430129
1,0.5231504892079315
1,0.5266039399664514
1,0.640790994209477
0,0.44695847897896523
0,0.4486804485961273
0,0.3893065580497003
1,0.5008446930636464
1,0.5378241501663231
0,0.40056803631559557
0,0.3505555042079965
1,0.812199441714411
1,0.6946432784768641
0,0.3254767576618801
0,0.3537085656813881
0,0.42316853486091577
1,0.6416547724731433
0,0.2821445374211968
0,0.21307033168088266
0,0.49359266687367614
0,0.42540319280846295
0,0.3385903240454783
0,0.32682218669233026
0,0.164703857517665
0,0.2384239563290301
0,0.10550990870284954
1,0.5532858458824867
1,0.7623109246136867
0,0.05263739762003851
1,0.7104941025388057
1,0.5699800345925047
0,0.47187276324842203
0,0.4756620764711465
0,0.4263989557477789
1,0.5296460554119572
0,0.26061211632703124
1,0.5994814478133608
1,0.5222502319752846
0,0.28908132810784026
1,0.5055076817542223
0,0.47386035546327826
0,0.47034178171530444
0,0.4231971299426831
0,0.40767584963653436
1,0.664124058842956
0,0.3824090776826687
0,0.49044919221713723
1,0.583470636099611
1,0.6194427831495357
0,0.01893525045158981
0,0.26121870690975607
1,0.5240406213414233
0,0.3583462219354115
0,0.3517592044762643
1,0.5172016215701181
0,0.2763807813088909
0,0.43045474931800787
0,0.2536051354233038
1,0.5992720171309254
1,0.6819484204904792
0,0.3064922970615597
0,0.2972237835312699
0,0.4859053116210457
0,0.3999809721074524
1,0.5289589349013407
0,0.3675333406866559
0,0.3690976590703203
1,0.5134370299919978
0,0.39704434308407366
1,0.5634451978233488
1,0.5465392117593072
1,0.6444377322213435
1,0.6681442839922351
1,0.5503030249440884
0,0.31372422885398404
0,0.22170306449958946
1,0.5447498441938096
0,0.31882151038375
0,0.2219354364594153
1,0.6413623091122139
0,0.49037608199779315
0,0.43678048645951534
0,0.42428895244272186
1,0.6319511427791816
0,0.3248484888557447
0,0.4256582530173344
0,0.39489291941695487
0,0.40528387813708355
0,0.1819961291269821
0,0.4346541996218677
1,0.8715978513070147
0,0.3553878735791895
1,0.503353875067509
1,0.5919823689156073
0,0.49343874199021903
0,0.12129578375739335
1,0.5672720694711417
0,0.3693023560101222
1,0.7915609514082245
1,0.6044190504253838
0,0.38850471959801935
1,0.5669226957572556
0,0.3567973598576399
0,0.33910932105561875
0,0.10813921745444396
0,0.4147893815729107
1,0.5267538265432561
1,0.5286089325734418
1,0.7230831824476383
1,0.5827102253795404
1,0.8501187269439472
0,0.49725239986976655
0,0.40872986850837256
0,0.33482689349990125
1,0.5151618924132569
1,0.6277659893981006
0,0.43532400939615773
0,0.2747750956384048
1,0.6110488689834095
1,0.5922758607488313
0,0.42929821303665106
0,0.3951854448761121
1,0.5630419720551317
1,0.6451798399907246
0,0.2608585272837227
0,0.3743384222848233
0,0.4368455364782289
1,0.7789828173927269
0,0.403659503959108
0,0.2550851364244176
0,0.3357760126425967
1,0.8495879488470529
0,0.2891241746289941
0,0.28124747132823436
0,0.44805130316276565
0,0.39569587156471725
1,0.6311992954220407
0,0.3999453415927116
0,0.4722954219485641
0,0.4475698855261147
0,0.22230844237596903
1,0.6351925773529643
0,0.38407947302058965
0,0.4122138555613937
0,0.342330212020525
0,0.4193080412663257
0,0.2735661153379591
1,0.5601535403506015
0,0.2598511204486974
1,0.6280262030459519
0,0.4387815416354234
1,0.5042749060704576
1,0.5556412751416305
1,0.5067692137740891
1,0.5179885683705018
0,0.20278844103397278
1,0.5731848856559553
0,0.2702845283670262
0,0.33073681732017024
1,0.6557433220221636
0,0.37385465508925547
0,0.3174280917106513
1,0.5747228414663577
0,0.34500105752873106
0,0.2601526290179999
0,0.40481114790790623
0,0.38583668944388
1,0.5642839493313219
1,0.553772609647156
1,0.662866899535309
0,0.3192151529925168
0,0.45233216056522135
1,0.5638555472351671
1,0.553304419455393
0,0.3972001284302936
1,0.5306484014204859
1,0.6010600921800073
0,0.24232346007560773
0,0.06251075301609904
0,0.39634039295260265
0,0.21866284710016606
1,0.5660983899835081
0,0.3559627408181299
0,0.36678332133815955
0,0.45581340319628405
1,0.5620179837938011
0,0.4037418311456682
0,0.3030691482079207
0,0.452551429195143
0,0.4392164476995771
1,0.5589055328227978
0,0.3913435798031535
1,0.5263188562759052
0,0.39716040836862926
0,0.36978563195051606
0,0.4701364816898409
1,0.6110082909419218
0,0.31431219872760197
0,0.3779651896125394
0,0.4370430903623069
0,0.3187524049688149
1,0.6286268694975947
1,0.6012156960384397
0,0.49793673308259856
0,0.2747993063417834
1,0.8236227580628843
1,0.68178519618615
0,0.3749634519085425
0,0.2541222133793315
0,0.42301407639782257
0,0.35201963997433605
1,0.5840425790093215
1,0.6239842921669888
0,0.33336888005908505
0,0.43008386134903465
0,0.33117908067895924
0,0.3292639939735291
1,0.5912449528160136
0,0.30860470723307737
1,0.6111116592511461
0,0.2856422740346166
0,0.16071786475044914
0,0.3233036425373819
0,0.30762626881247307
1,0.5152780376552308
0,0.34273911147513314
1,0.5517680961972612
0,0.38101050515717727
1,0.5701026085335575
0,0.4163030737580222
0,0.2871499665000421
0,0.4582335861855759
0,0.34768777863281874
0,0.45264007937869644
0,0.3834391079863489
1,0.5794655460584346
0,0.26497882301304754
0,0.1073975715625448
1,0.5383787421163216
0,0.331201387596584
1,0.5531542868885521
0,0.3421810040840129
1,0.8996811638615758
0,0.4733593042499381
0,0.334180757293861
0,0.15937410151597012
0,0.44744219117110373
0,0.3173149231854013
0,0.44917346660343127
0,0.44739241756774883
1,0.8611578364497154
1,0.7994975005537516
0,0.24234599338816365
0,0.42822364860405093
0,0.49104741219685843
0,0.4701064410298469
0,0.3546305761361253
0,0.3012035920270163
0,0.4908818655879669
0,0.09422325124005859
0,0.3329746539524881
0,0.30165261901176266
1,0.5370585999208509
1,0.5333259710498157
1,0.5022547905356896
1,0.5623780233220124
1,0.6251212370800057
0,0.1785123186832584
0,0.4353128577397895
0,0.2596621793318519
1,0.5435737976796172
0,0.4572320983858457
0,0.44553443989570696
0,0.3423951529725828
1,0.6778373829237386
0,0.42349689426301806
0,0.2968202722839808
1,0.6262402524285898
0,0.35568316307171666
1,0.7777367538696967
0,0.45371284687547836
1,0.6088026503086859
0,0.4511554285821651
1,0.757437895251979
1,0.6520702223740328
0,0.484451214040158
0,0.2591852956636511
0,0.28133616497492575
0,0.4061705943093978
1,0.7590725097108659
1,0.5212811456785548
0,0.37203621591696273
1,0.6114079738530988
1,0.6942963725025144
0,0.07382949517343482
0,0.4472037029473614
0,0.18001821228072432
0,0.48980520464028493
0,0.39016064055893823
1,0.7172774770600367
1,0.6580404627808104
1,0.6678024194901043
0,0.3949572917909332
0,0.41632464812059555
1,0.5481730010673478
0,0.3603418511247561
0,0.4492470744814778
0,0.40928356317492987
0,0.07520555162450177
0,0.3628654889866801
0,0.40449928142599334
0,0.3957272397184178
0,0.31505923880647324
0,0.4555615549222239
0,0.29754373134047524
0,0.3101089973599718
0,0.18482613391449176
1,0.6176441275934427
0,0.37445416923689767
0,0.2986951077575957
1,0.5288397708949294
0,0.34765131619173173
0,0.43573925733364466
1,0.6306974998052034
0,0.4945297774089492
0,0.30624547617917186
1,0.5514226195090237
0,0.2957039757134023
1,0.7541308251486593
1,0.973076315520881
1,0.6326562203092454
0,0.3908789182817677
0,0.2878914074745977
0,0.44425874764105333
1,0.6506699173744751
0,0.35333000010973653
0,0.4819797622864247
1,0.586371569397745
0,0.45277224576387576
1,0.5940170072500535
0,0.2308379482871866
0,0.46176620130534646
1,0.592461542083091
1,0.5160141114527378
0,0.34575767431972626
1,0.5404662541987116
1,0.6597973795530728
0,0.202973687610752
0,0.3203301266446726
0,0.47407689829421895
1,0.6601588244168852
1,0.6537042483624191
0,0.31640755845340596
1,0.5198145022637491
0,0.3887625587565792
1,0.6645236859998744
0,0.42103860334740406
0,0.3743830533321723
0,0.3792818020949848
0,0.2022530843855463
0,0.49452642013601145
1,0.5102760590652728
0,0.2687885049710009
0,0.2663679584150465
0,0.4363296820814235
0,0.4506782299410777
0,0.41157790026704616
0,0.35741772067715794
1,0.5808900255107414
0,0.3970364420209661
1,0.5949985910991414
0,0.46908526154333685
1,0.5510229744551264
0,0.36627577821716234
0,0.34221378941018316
1,0.5665054863145562
1,0.6912636194053714
0,0.4964725433565918
0,0.2847538322528901
0,0.4190525044178299
1,0.5201431312973099
0,0.415923862213849
0,0.2081895532842956
1,0.8402635755961785
0,0.4841451638178636
0,0.41953045861442023
0,0.3262034642798303
0,0.31174554616557776
0,0.04152125470031611
0,0.17655552431349839
0,0.43872086123812926
1,0.5822848751459467
0,0.46576080255426167
0,0.16673402447102312
0,0.14240491301090585
1,0.5732751151446525
1,0.6836230036918433
0,0.2536286454414811
1,0.5259113862545469
1,0.61456529879677
1,0.5250675947374993
0,0.44403777969009683
1,0.6870837590320377
0,0.3859019493615143
1,0.5390881035939704
1,0.7049331100093017
0,0.17414301740280658
1,0.591821145566067
0,0.24916696036482353
1,0.5755633959008273
0,0.293464908148222
0,0.4888929771441083
1,0.6012224884984454
0,0.17868737255248635
0,0.16089771636685815
0,0.3556679781229469
0,0.051808155030684276
1,0.67221172108317
1,0.5408373208653448
0,0.4840765632089638
0,0.44752104444422935
0,0.28046856368213796
1,0.6605785194210273
0,0.42484228124432666
1,0.6114943726711489
1,0.7427151172366211
0,0.28950214863420315
0,0.30695810774293864
1,0.583237959719919
1,0.5683211981156069
0,0.29053496599500894
1,0.5118180079547129
1,0.5790749045144629
0,0.3141561576176625
0,0.3835593459104052
0,0.40077468111881576
1,0.6148742322832469
0,0.4810652655886863
1,0.5078834383940913
0,0.2896366424475156
1,0.6386269727578686
0,0.3348990937845236
1,0.5210019846290442
1,0.5882160776233467
0,0.3147355806135241
1,0.5431509551324751
0,0.47779347388455495
0,0.3683467957188341
0,0.14340290746597256
1,0.548716669633473
0,0.3458307747830091
0,0.10047768228699731
1,0.6303237948956637
0,0.4033312711300388
0,0.46110508538306233
0,0.24765821289560797
1,0.5502107157270143
0,0.49088007545583945
1,0.551341308414366
0,0.41811574509003124
0,0.33668172354453196
0,0.2938616597960329
0,0.4846630585242963
0,0.42378471952329344
0,0.2486101296666585
0,0.40717624552522935
1,0.7214864729314656
0,0.49627731905173533
0,0.3887595834297444
1,0.6521502938043798
0,0.32647670243778304
1,0.6415461410386558
0,0.4580159444264373
1,0.5929105177450488
1,0.6271746368619745
0,0.4973102681989019
0,0.3259597913588412
0,0.38733092670750685
1,0.7336089863329247
0,0.45277411862211314
1,0.8308163672119074
0,0.43515381395373354
0,0.39661811551301546
0,0.34781529544013995
0,0.4868653948380008
0,0.4008775510280805
1,0.5705238793293534
0,0.3153826408319587
0,0.21859782157646282
0,0.4923317079643837
0,0.3606233092066863
0,0.39535095270063686
0,0.24697384423072996
0,0.3625356789869213
0,0.33145112178736985
0,0.3452334497598803
0,0.12085530672433456
0,0.3339791596439658
1,0.7155446320637431
1,0.5757094793275546
1,0.5399240705991758
1,0.8157208972221924
1,0.5155333401932408
1,0.7140616405008999
0,0.4552289528033286
1,0.6668699764357676
0,0.4630869247714074
0,0.04649469940824039
1,0.6501143282363231
0,0.4868395102183631
0,0.4153140901832453
0,0.35785916425782427
0,0.2808902487299475
0,0.3213307407232818
0,0.403724479010386
0,0.46825953592270886
1,0.8967612971804976
0,0.49977601929534365
0,0.40774557600735484
0,0.2891317194065554
1,0.5353319689020407
0,0.4444307039583362
0,0.33733203042028304
0,0.3038674568048672
0,0.4111809543583258
0,0.24964719976139885
0,0.4577869620788374
1,0.8204442223878451
0,0.35671136580299456
1,0.5454755828178928
0,0.42028149375860163
0,0.21864935191989657
1,0.5002759922412584
0,0.36347012385392324
1,0.6890813589590682
0,0.28736723689598304
0,0.37111432236092634
0,0.42040536783068927
0,0.40635073336536004
0,0.3273923185295983
0,0.2766173917153628
0,0.45885502565839587
0,0.042292758592456035
0,0.4990541802383037
1,0.8950828503120398
1,0.5391078596670497
0,0.22297768854831068
0,0.40870372578177144
0,0.3784029218947329
0,0.32412188828633076
0,0.23153419760005856
0,0.43858978819139216
1,0.5531899415711298
1,0.6258896159081448
0,0.4904701246125868
0,0.4489830751329179
0,0.3578645068340542
0,0.3746915282729805
0,0.42821703871908023
0,0.2502797648748561
0,0.40219420687878843
0,0.4481202053757305
0,0.4077306785642745
0,0.44202737602394904
1,0.8675816900642547
1,0.6128443720536761
0,0.3302024076344444
0,0.49089023315318053
0,0.392891804226646
1,0.6207193741875536
0,0.48981596733993504
1,0.623581832915028
1,0.5106776863384874
0,0.2932263464262425
1,0.584640968187998
0,0.3405037731169874
1,0.6577656053679679
0,0.3055224718932429
1,0.5193746297560888
0,0.2964943023682697
0,0.3305818567323716
0,0.16010740984881344
0,0.2874023648682728
0,0.395067796637426
1,0.6614965604443638
0,0.49548328996846225
1,0.5207409276542435
0,0.43467110471411585
1,0.5880476553257596
0,0.4786056333748433
0,0.3030039291740021
0,0.4528473103782568
0,0.32491673516009456
1,0.5956769219221038
1,0.5813247718348334
0,0.3479987837718341
0,0.19104471714464863
1,0.6500805839787692
0,0.34570184744899857
0,0.4634511401089757
0,0.3013133249712285
0,0.4408525823472589
1,0.6633757780657165
0,0.3476273174086404
0,0.4411367251706144
0,0.26558826538364383
0,0.3390140758340202
0,0.37974158800568963
0,0.4732488652276792
0,0.4944154548286867
0,0.2592014999370253
0,0.4685029000443579
1,0.5036085930330095
0,0.2736640648776479
1,0.5065186365754941
0,0.3882603299774052
1,0.6576563958748957
1,0.645895179878012
1,0.6065918518413532
0,0.4665763421979459
0,0.4029479615807345
1,0.5580529414661777
0,0.4412383974205144
0,0.1846500349327559
1,0.6871167094136095
0,0.2623008966514058
0,0.3858770734752046
0,0.318794966855759
1,0.7067944835856983
1,0.5452185212136763
0,0.1517542239408968
0,0.4075041038177206
0,0.3115237251389969
0,0.4219945052807243
1,0.5473633915103274
0,0.3522583897280739
0,0.24743272082102852
0,0.4585256566080992
0,0.43320947515060965
1,0.5394066028610905
0,0.493990858590742
1,0.5192364110227277
1,0.8034216374795939
1,0.7638260592661802
0,0.3195192223873888
1,0.5195019282194691
0,0.38236543113353827
0,0.38805873995592377
1,0.6607039011922131
0,0.3498031856788828
0,0.4721342345280446
0,0.26649513361788973
0,0.3830233256417791
0,0.37044517330332916
0,0.44812964946767897
0,0.32348309654490104
0,0.3103690213121942
1,0.5205793203739145
1,0.8284708737228732
1,0.6806869666629835
0,0.38742494521826015
0,0.49429897949616636
0,0.36690685840890114
1,0.7698926616415971
1,0.5058875326467875
0,0.32645430834957884
0,0.2854498021867217
1,0.5752805352095183
1,0.5722977284043423
0,0.4867053520436893
0,0.380249294972177
0,0.47084339826025795
1,0.7320714686879182
0,0.3818247868841386
1,0.6016804053196427
0,0.3811212324163543
0,0.4148598243041598
1,0.5202308093067022
0,0.4102731073365308
1,0.5795723629403424
0,0.3854502225430658
1,0.6695170492542888
1,0.5628960788449826
0,0.293273209159215
0,0.2844567205091489
0,0.35831187459117314
0,0.308402671386105
0,0.4084899100896452
0,0.48384073452002907
0,0.4027696963406876
1,0.726095984315805
0,0.3271308207284738
0,0.4432779835799104
1,0.5692037908547635
0,0.4798673107936489
0,0.4380315781772668
1,0.6290764368250563
0,0.21362784836690993
0,0.3302716636687872
0,0.3983877825578548
0,0.1393298998665295
1,0.7304471015082207
0,0.43882789963569196
1,0.5457332058748309
0,0.257677980496947
0,0.06169564399490948
0,0.3242108565737033
0,0.44120542289238107
0,0.440881374470385
0,0.08705446870599652
0,0.4041191688801329
1,0.5210273282828616
1,0.5487041695170515
1,0.7403435959713769
0,0.36168431422568176
0,0.2603139282183373
0,0.11217676868691255
1,0.576712735673672
1,0.5325675991919083
0,0.3800099724920394
0,0.46577446715448095
1,0.5444777635443102
0,0.21609334482048775
1,0.624629887402623
1,0.6190348003697042
0,0.42918145082025566
1,0.8125162217562719
0,0.33536127604652366
0,0.23348344151194073
0,0.45774509816503434
0,0.29138309184427963
0,0.3418450928625879
0,0.4648469355170198
0,0.42200882726961575
1,0.678559903753097
1,0.5638535422175925
0,0.42982164992081406
0,0.296785583848043
0,0.38441318152358583
1,0.6547438039772346
0,0.44366165063721336
0,0.4641800089272407
0,0.27006926740840626
0,0.32338247124911873
1,0.5354684264391764
0,0.46748820624778775
1,0.695603012624885
1,0.6063117807205018
0,0.2967037312909604
1,0.5517149046867161
0,0.10174913696221867
1,0.5151414759042179
0,0.37284368630332054
0,0.3676518009864175
0,0.33356882999701437
0,0.20764485935837926
1,0.5424826676894405
1,0.5346569886855846
0,0.49165010074215176
0,0.036015498952763944
0,0.30567014520682645
0,0.249448492157151
0,0.42982708772966605
0,0.14426813211239894
1,0.8925888227017159
1,0.7271875896566449
1,0.504734346174434
1,0.7400738044242071
0,0.34773079114128086
0,0.27403371014248706
0,0.28268760091132966
0,0.23808593403932823
1,0.5231044826181201
0,0.2400340797225462
1,0.756450987563112
0,0.45159136382422443
1,0.5460488058258596
0,0.331325367148092
0,0.3317974111546156
1,0.8732710311240764
0,0.4254971961740562
1,0.8349550549021053
0,0.4470508276707334
1,0.6203825066607876
0,0.34680754779811673
1,0.6011358656469509
1,0.7096422135059376
0,0.3910414386174534
0,0.2886956784926857
1,0.5273469461413267
0,0.4396158031342521
0,0.46740935140573553
0,0.40520601546651563
1,0.5542829822725299
0,0.4710174779028334
0,0.49027803230724365
0,0.3476205476451567
1,0.5771571543905057
0,0.40428729457726925
1,0.6804167230849401
0,0.4314357160991698
0,0.21522240315795202
0,0.30215426472395646
0,0.47646206168659444
0,0.2777194525292928
0,0.46495885178031643
1,0.5762479214460708
1,0.567673152025661
0,0.21374761148860358
0,0.37384312860791175
0,0.45584904778533547
0,0.46084426901018044
1,0.6801944584867631
0,0.3057110854709589
0,0.313930676148133
0,0.4851753747087282
1,0.5849024508295267
0,0.4007648638884642
1,0.608970445497395
0,0.39660517716467125
1,0.8785767344687964
0,0.3721084062615789
0,0.3672433560542586
0,0.27248793429211393
1,0.6169702360476729
1,0.5379278461520092
1,0.5192540501730195
1,0.5712005293101493
0,0.3505680676435689
0,0.2968282930092261
0,0.10652366952191772
0,0.4203188718057432
0,0.10120165079667902
1,0.764317231695536
0,0.48077370996237145
0,0.4467390784127728
0,0.42392387642855206
0,0.4440538992310819
1,0.5116424954790478
1,0.675420348390823
1,0.8512599635947725
0,0.22680119479609476
0,0.39297257233380345
0,0.4908200015101115
1,0.5108777419749084
1,0.629339504180588
0,0.21646963109900405
0,0.4982987935114251
0,0.39664654027443325
0,0.03163798650194996
0,0.33188578661518653
1,0.6773202536906965
0,0.24649663771207872
1,0.7658098287654734
1,0.517909530336571
1,0.510814421359621
0,0.344266311339112
0,0.37015508693246996
0,0.477709552288062
0,0.3018854131504617
1,0.6347405453400427
0,0.41751190787188214
0,0.209293381809909
0,0.11088249365963973
0,0.3889239586809736
0,0.23367271956033336
0,0.4789296262315416
1,0.7299683622922878
0,0.4283448445759301
0,0.35933605561904064
1,0.5861216027879976
0,0.4247998950077465
0,0.3796728388323877
0,0.32884949411294523
0,0.1677246796278913
0,0.46904405020771284
0,0.3943332714367698
0,0.4556271701492817
1,0.5837950880250684
0,0.36810847509094213
0,0.1349286822297955
0,0.32921719305048847
1,0.5005767395613867
0,0.15505891174060812
0,0.3895071838891089
0,0.4298533917792773
1,0.6116559599160363
0,0.3291380644929002
1,0.5718790507614099
0,0.3665711927435428
0,0.30111132456796585
0,0.3828214455035291
1,0.5461768157227184
0,0.4293318758732199
0,0.2665747623886961
0,0.38819372987387585
1,0.7703287813887219
1,0.7246423311939112
0,0.3851869328660224
1,0.6114660977130788
0,0.44265412856335185
0,0.19031305183694874
0,0.36641728668643025
0,0.4104913706184555
0,0.28601684027796576
0,0.30919367776177004
0,0.48824053138537316
1,0.6484599102538791
1,0.9970324480538268
0,0.37852939013236553
1,0.5746949869535227
0,0.3290433299458275
0,0.4948294831273369
0,0.2871421453622436
1,0.6488872720450254
0,0.4176538725701825
0,0.40854380236653315
0,0.4637065336923723
1,0.5860829499324434
1,0.7543469683557533
1,0.544627286420393
0,0.05893361823846854
1,0.5636789408418152
0,0.31813955755045226
1,0.6044260540236295
0,0.019074880950124
1,0.6436003535786277
1,0.686094341631314
1,0.5573875269140949
0,0.39700215262955835
0,0.38489910852375303
0,0.3169417233661059
0,0.4476213646357197
0,0.40254262130875257
0,0.2645386921403684
0,0.4380466741323417
0,0.45602789856634945
1,0.504432182671933
0,0.15899065453740868
0,0.3971969975823796
1,0.5499936165531518
0,0.4991960575992543
0,0.47680932773438894
1,0.7078441482600998
0,0.34052016730254797
0,0.4923287869249673
0,0.4292574265198542
0,0.4175430430585277
0,0.3851019878121422
0,0.39767189497301014
0,0.07417127300309564
0,0.36019000285286235
0,0.2913470878142066
0,0.2371450410533601
0,0.468740925625808
0,0.37674989550489324
0,0.4356838674853015
1,0.553965479210178
0,0.34021234454471444
0,0.4957147230031713
1,0.5678877152035544
0,0.4642982296505112
0,0.35019329413640904
0,0.34047470934951723
0,0.4484487633640274
0,0.38459913602510826
1,0.7470059540760887
0,0.4070627414681133
1,0.5788028512373088
0,0.30628845496312895
0,0.35390470652470785
0,0.3707277360928199
0,0.2264848859464305
0,0.38253518549283616
1,0.5551011194001122
1,0.8275606897947816
1,0.5353266399916332
0,0.4900488828308014
1,0.5262445908027481
0,0.325103770645357
1,0.6724318396124952
0,0.38597173142114527
0,0.4589428395213484
0,0.2881121746264387
0,0.3807945903189826
1,0.9447640052790918
0,0.48297681671775305
1,0.634750670703988
1,0.5220068935482783
1,0.5554601534441219
1,0.5799610637539993
0,0.3576340319965042
0,0.3320669976583395
0,0.4551731181933547
0,0.34367959120984626
0,0.37821844466406873
1,0.5810765732759654
1,0.5135312689590045
1,0.7086204235665878
1,0.5975798525449294
0,0.3516015122475323
0,0.2867830672298713
0,0.40543027581655366
0,0.42854982250121065
1,0.5506785674817918
0,0.4823443754007187
0,0.45022926958482706
1,0.5649179107040551
0,0.4884450694435584
1,0.6903635274161413
0,0.3656494088056474
0,0.14578252871246206
0,0.36302705770525595
1,0.9292189949241575
1,0.5102688493014441
0,0.38467017819848487
0,0.46022500651059783
0,0.31657411094528726
0,0.37836062853522895
1,0.5629927084327244
1,0.6911144979133216
0,0.3536749422890768
0,0.40679201354769556
0,0.45172760021201125
1,0.7600760103740888
0,0.4826606315791815
1,0.5096688626837313
0,0.32504060184249434
1,0.5610308588400456
0,0.19280601327992172
1,0.6085488994280203
0,0.35349833756810706
0,0.11599213969337847
1,0.5170936049812203
0,0.36169800740320895
0,0.1308036487182065
1,0.6711806849250321
0,0.13053173065747117
0,0.26002293755534117
0,0.3861271405168208
1,0.6243986550237305
0,0.26582096719666226
0,0.4671235444662585
0,0.24051373297925285
1,0.5384269113059801
0,0.4432950617660391
0,0.43190507950116647
0,0.1844426479685559
0,0.34407872490625574
0,0.3142280976804851
0,0.3922351238726437
0,0.1710019782257774
0,0.2811848976100268
1,0.5146640223062187
0,0.44155469296138306
1,0.6389522506593182
0,0.2481043015594759
0,0.43031618798250065
0,0.43523905748460734
0,0.37971988691664016
0,0.3192884880910045
0,0.15557675050491906
0,0.10634906745998574
0,0.34866377505673996
1,0.630929338214964
0,0.30391960685705743
0,0.40349693253011243
0,0.3765783486059484
1,0.5659045441463272
0,0.49099036158583464
1,0.5981895865725307
0,0.3461501551278341
0,0.3040879547350567
1,0.713385219959225
0,0.3888692785791278
0,0.45636888610362847
0,0.15948296712989282
0,0.48529567370004223
1,0.5329097718124307
1,0.507157866543323
0,0.32212399529443736
0,0.34143658557940976
1,0.7669271123195329
0,0.46465081184600626
0,0.2970742582512795
0,0.47203169608657314
1,0.516133653896219
1,0.5138603261419493
0,0.4341422476291882
0,0.4919202957213445
1,0.5895893324912644
1,0.7418333835037894
1,0.5875757238492325
0,0.4400676033586845
0,0.26932900610428223
1,0.5084341059286192
1,0.5662699804408131
1,0.7286755035029808
1,0.6226078974484371
0,0.3352024587953848
0,0.34692320799533116
0,0.05655470955993102
0,0.35556549619328415
0,0.43013396728167885
0,0.3763416767975918
0,0.4208482050069576
0,0.45201071969073087
1,0.6331729673673441
0,0.4421601632163222
0,0.39798245790739784
1,0.5784039801374062
0,0.26582052464477396
1,0.5657789429831391
0,0.1348554177869553
1,0.641174082827147
1,0.8248562797565265
1,0.5940082169790456
1,0.6787933355250672
1,0.5245235001107913
0,0.3099859855142839
1,0.6102912304732389
0,0.20263849125546102
0,0.4842539078586026
1,0.6485510666752115
0,0.3940968031515864
1,0.5290829717362449
0,0.45802766828896363
1,0.596369139205856
1,0.6995560485664107
0,0.3825716499718254
1,0.5871027699105835
0,0.46678716598354525
1,0.7283815250171509
1,0.7381235586807399
1,0.5318698116013876
0,0.48362093429019903
0,0.4331370085590642
0,0.4645380819449376
0,0.46792664447822546
0,0.25394913183650375
0,0.30904000124420605
0,0.29005165592071996
0,0.35026978643956536
0,0.31632832677522665
0,0.4415252059127169
0,0.093302639175365
1,0.5083326909133952
0,0.49548629769595887
0,0.3417837372279092
1,0.6215646301170376
0,0.30245151999341796
1,0.5082560718990146
0,0.27975566573909244
0,0.48288664792549296
0,0.2927531085964074
1,0.5996154017874639
1,0.5670913080940414
0,0.33632849519858005
0,0.40841362652499447
0,0.4224314003457646
1,0.6534051804723255
1,0.5113179059659213
0,0.3552141026834238
0,0.11718603473104433
1,0.5891052315627383
0,0.25053398164866425
0,0.42940915896154347
0,0.34993484645711254
0,0.3296399901182233
0,0.4564151267236602
1,0.661366644013283
0,0.49555658101524996
0,0.2293186788252111
0,0.32205242745332746
0,0.06891304013265453
1,0.5557599988929954
0,0.3702738200822406
1,0.8457471304785069
1,0.5887731691846015
0,0.25869476625972126
0,0.31878549798561656
1,0.5269619039402086
0,0.36634722447756674
0,0.4244033136071118
1,0.5488273718232908
0,0.427728193193131
0,0.46575179169065395
1,0.6094608634609763
1,0.7653470352184039
1,0.5318600323581935
0,0.4705940573587941
1,0.5249485263119764
1,0.536755446222718
1,0.6078854811154567
1,0.5081717867735638
0,0.31347208053696135
0,0.4451862861164427
0,0.37801173961100715
0,0.4045016354617107
0,0.49553689303400855
0,0.31887386929960304
0,0.3039124960910568
0,0.41555617215034296
0,0.3061237633939719
1,0.5402274347127254
0,0.08922639491072445
0,0.4367155780544226
0,0.3773830145144387
0,0.46384776537539907
0,0.09856326752362946
1,0.7505446432108281
0,0.4972094000371406
0,0.13478839269593693
1,0.9512196183865512
1,0.6259671795526184
0,0.3299794017281263
0,0.3634642450459663
0,0.2648150132181921
0,0.3901152299166413
0,0.4231173317018017
0,0.3713862106027609
0,0.1934016330232049
0,0.26613038942556055
0,0.29608018519251683
0,0.30311886707335256
0,0.38106580552338915
1,0.5708963955611029
0,0.014118190204711407
1,0.5339885149822722
0,0.4157273748445254
0,0.4515827505571184
0,0.31834104140491226
1,0.5149020935113763
0,0.3443918215947966
1,0.5028452757148233
1,0.5343922100909425
0,0.3656866288373524
0,0.3422003270437131
1,0.5769869252483645
0,0.2696732274064647
0,0.48103209734748675
1,0.5559685879233688
1,0.6889343836464425
0,0.3658152230334702
0,0.4465461927121448
0,0.43395745379207445
0,0.4198231444571749
0,0.24101399321213307
1,0.6558328985515081
0,0.4832443205302713
1,0.5363611886196138
1,0.5068735216643663
0,0.3757112469822149
1,0.6949917308737614
1,0.904681905557006
0,0.09210237391491174
0,0.36801032286975105
1,0.7080916817433942
0,0.47913253902157726
0,0.3381767274374241
1,0.5687574525781535
1,0.7959342356975854
0,0.3948458704859719
0,0.40979330784166695
1,0.5826935128680821
0,0.46576993420694207
1,0.5605717751850958
1,0.7729010254282251
1,0.5683404004779734
0,0.3764554754118539
0,0.11267746470041569
1,0.9340928030636441
0,0.4160050862193511
0,0.345350978379059
0,0.1729469395441247
0,0.4058563121718427
0,0.37841606134629047
1,0.6616515151793773
0,0.414228627363576
1,0.6447190769528445
1,0.5647170770862229
0,0.21168125359257647
0,0.37073352248858926
1,0.7121930261575251
1,0.5740011573851937
0,0.32662287504418097
1,0.5493376585123918
0,0.2686296072889867
1,0.7268557469045892
1,0.7015981873194717
0,0.4791832405037468
0,0.474006671242788
1,0.6095702844518789
1,0.5917985631597742
0,0.451180212060836
1,0.6468326608914065
1,0.5968011304108437
1,0.7040378522913773
0,0.439508146106462
1,0.5879688017432771
0,0.2221719818243008
0,0.4274993849360995
0,0.28389895571886936
0,0.4502529880748807
1,0.5219205685299558
0,0.31139827004052606
1,0.5459616276147635
1,0.5111369970051242
0,0.48583586948896323
1,0.5072918106273864
1,0.5142812688082209
1,0.6371844368140238
0,0.352087379943772
0,0.4166251047201749
0,0.4859186594964955
1,0.5810276122848255
0,0.3714682395943592
1,0.5592153555657108
0,0.3057559205843076
1,0.5781503102011946
0,0.4893777561950292
1,0.6795461537416998
0,0.3614455498719851
0,0.45612488296624243
0,0.3452504285243223
0,0.020806295223746375
1,0.6840078801859409
1,0.6689776445843707
1,0.7334013415693844
0,0.30439464051377657
0,0.4661237971076956
0,0.4082908321212607
0,0.49485531195751736
0,0.3894731251693053
0,0.109721756159167
0,0.37418534433561135
0,0.26201490418170964
1,0.7796381142959609
1,0.5083564760382809
1,0.7077342431910478
0,0.19843220806501094
0,0.12044184241919244
0,0.3747915985590129
0,0.41856801595252
0,0.41522160544172365
0,0.4930263920041279
0,0.3109340111520522
1,0.5198980936373677
1,0.7670877600970156
0,0.4251332321589872
0,0.24376972717123355
0,0.3788823013829282
1,0.6850632216291018
1,0.6101644472578648
1,0.5333270261186069
1,0.6183209416195069
0,0.3882607522721596
1,0.6205494891640876
0,0.4715524394036192
0,0.38485680068984
1,0.5268739437452834
1,0.5453343010141849
0,0.4126253532174832
1,0.6446560990852707
0,0.24951208934482205
0,0.29983506805582055
0,0.11057698103271242
1,0.6881820348162089
0,0.3843636951306583
1,0.6188942044336534
1,0.5039903068459386
0,0.4648327233564989
0,0.24345925683507025
0,0.34890185052226613
0,0.14145573487411267
0,0.405756370314422
1,0.6752001558641798
0,0.48931674440372863
0,0.18017841472397036
0,0.39613051262098564
1,0.6507342505219456
1,0.6246452300317938
0,0.3308935413834619
0,0.4102087096437513
0,0.4641416589126557
0,0.4215194199245743
1,0.5163258583003102
1,0.5432925566346337
0,0.26221918514655757
0,0.30432080130670314
1,0.5958644195813058
0,0.48662840277785235
0,0.3959826668435129
0,0.34516336267007447
1,0.5062859927159636
1,0.5128261901508688
0,0.4326279190813008
0,0.4278373315749824
0,0.20163148068333786
1,0.7328866194850071
0,0.4467283599651964
1,0.5576218333363423
0,0.21865568254134338
0,0.4396942373129304
1,0.5075457025887474
0,0.3847671126218693
0,0.17528084265566757
1,0.6311326936035001
0,0.4508150945120963
0,0.3925944004476624
1,0.7401465119641273
0,0.4522328568406453
0,0.454282073534391
0,0.47442523664541375
0,0.43255013607542897
1,0.6221725625666663
0,0.40540997177565213
0,0.39051413879216607
0,0.38508259265497974
0,0.4084252384284775
0,0.4131373169509669
1,0.7125193830110736
0,0.27514606781455586
1,0.5536872139178236
0,0.3684136245157675
0,0.397798381375553
1,0.6363394831478295
1,0.8976755377752461
1,0.5716118890983591
1,0.5420903630935244
1,0.5258845872164638
0,0.46648864036228194
1,0.5048226371681568
1,0.5782012450937388
0,0.41591212286149815
0,0.24543917388565534
0,0.4729300037331823
1,0.6028334946150422
0,0.48314318030299014
0,0.4906263386109906
1,0.6434435071297122
0,0.44114891542895446
0,0.2508908850089088
0,0.3967366035127773
1,0.8208950023143207
0,0.349619220129449
0,0.2905895232962821
1,0.6441450120398564
0,0.46400964167655073
1,0.538298719129891
1,0.5638836442063433
1,0.8226453815820692
0,0.4249086821880754
0,0.35327927732612247
1,0.5751503929547478
0,0.3676005755182705
1,0.7043604826183831
0,0.47816438467239375
0,0.23238931959515075
1,0.6722315316829744
1,0.5028961853628683
0,0.4749813994225375
0,0.3607465670536898
1,0.7851167026640097
0,0.3874637185071029
0,0.4696945006840162
1,0.5620023851490069
0,0.39801787098708746
0,0.27860819185920843
1,0.5335514607681706
0,0.2547196097579809
0,0.4240068723571919
1,0.6815696065455257
0,0.30986357078779186
0,0.3778977237825454
0,0.49688992819818606
0,0.4930191185786945
1,0.8245959487935904
0,0.22099912284823015
0,0.47275791433330044
0,0.49098207809512834
0,0.3930809848087326
0,0.33965836623072065
0,0.43561724160133136
0,0.22949329342396294
1,0.5008640546028086
0,0.12410517444747403
0,0.26710055051815523
0,0.41058138768081326
0,0.4248470039077509
0,0.18635013499259187
0,0.28817740110899936
0,0.45519566780406295
0,0.3241445714935368
0,0.2658608239675715
0,0.4352289254020423
0,0.47156306201604836
1,0.5548786148041279
0,0.22565014894790644
1,0.5068411960936686
1,0.7091316082081629
1,0.5810326493195347
0,0.36700630565474235
1,0.7654369339567447
1,0.589805875823639
0,0.3491170274688324
1,0.524643292844786
1,0.511577244331393
0,0.48119040075789177
1,0.5377993885489665
0,0.4057213299427617
0,0.29922088500098504
0,0.3039075841448915
0,0.4482002788621989
0,0.32936648207190883
0,0.4781470475007083
0,0.46794227324568244
1,0.7193697151580866
0,0.2994339704782967
1,0.8413587066518172
0,0.4011710922767897
0,0.3036384280907473
0,0.3744874913824981
1,0.6276971169521915
1,0.595672538347296
1,0.6365071513423047
0,0.33722386776125735
0,0.3775665146113126
0,0.3488391207831263
0,0.32068874136308867
1,0.5369929201390322
1,0.5146057365936628
0,0.4689454639692979
1,0.5268743409548308
0,0.48600476549719224
1,0.6606345402652057
1,0.5951340080766386
0,0.41016368716337
0,0.15844311452220666
0,0.3525535007076193
0,0.48854765212422785
0,0.2968281131993012
0,0.17892785987883464
0,0.3215810829958308
0,0.4165545173316783
1,0.6911545368227636
0,0.48312644586283915
1,0.6613041730597164
1,0.6107760712948799
0,0.35874348121547933
1,0.6846631389902236
0,0.4335688323351704
0,0.44249337454508064
1,0.5692210065378636
1,0.6528750164324665
0,0.37550284619655067
1,0.657893900015629
0,0.37299101748576685
0,0.43916807708639033
1,0.6106996168154715
0,0.38903058003809077
0,0.4373724881377239
0,0.4669712553696452
0,0.29340725427865516
1,0.5840687165218917
0,0.37474984492974855
1,0.5193096817265963
0,0.4729762182829285
0,0.42205890723138917
0,0.3027425993259825
0,0.4330451334761586
0,0.47729478818178106
0,0.3795246599323702
0,0.2812882426013437
0,0.4994702569596987
1,0.5823028637617463
0,0.432917469426646
0,0.43014905131004605
1,0.530764243955389
1,0.608424718461026
0,0.3969600579291656
0,0.4408040547021828
0,0.09764021652403149
0,0.2817136038099721
0,0.3500440348523607
0,0.40735059324603606
0,0.37686979581357083
1,0.5468334957516353
0,0.3039672251419753
0,0.34113117022806916
0,0.3825113919325201
1,0.8294709371908123
1,0.5059566063407628
0,0.3615761408408253
1,0.7585843800403789
1,0.5426122452618897
0,0.2543800505476504
0,0.4039712046699069
1,0.6110064344091318
0,0.3836042840881488
0,0.45716737923047684
0,0.09620617599165417
0,0.2929691336212228
1,0.5457998847286784
0,0.41228752231202936
1,0.5825934660487495
0,0.30349259200154066
1,0.5222292080536916
0,0.38150302758081395
0,0.48136981780517735
1,0.5486004132715046
0,0.4740630769654013
1,0.5707845150571588
1,0.599692787700112
0,0.06467962984110816
0,0.42756232144453976
0,0.3350512919514706
0,0.4270298921373636
0,0.3198932618675308
1,0.5746270874544852
0,0.37221971198008097
1,0.506351306960168
0,0.43202295016319747
0,0.2942520428047077
0,0.29478813070289145
0,0.47505377139911226
0,0.45046566830989115
1,0.588008281057655
1,0.5194946194787418
0,0.4191147719593471
0,0.20951011515280543
1,0.650945552143719
1,0.6871855002913543
1,0.6841571055216776
0,0.4306807690452398
1,0.7632137165590451
1,0.9185324451256761
1,0.6122340536929386
0,0.2257443915445171
1,0.9508667264971317
0,0.4029913299977393
0,0.48552160883833023
0,0.3773409263830304
1,0.5210587547343538
0,0.3805046624959409
0,0.3128881937453828
0,0.36153193705304215
0,0.38870115796821014
0,0.3565708763068102
0,0.3952964649649777
0,0.20583873689745946
1,0.5071393569482899
0,0.43296363186764875
0,0.4808745739228562
0,0.09908041401909147
1,0.5071330430764109
0,0.4851354152159497
0,0.49123993502973884
1,0.7875527074150509
0,0.4357514855972296
0,0.44353332167841436
1,0.559631795925895
0,0.46188723105881613
0,0.3538875561992131
0,0.4463824813462258
1,0.6117752702842747
1,0.6194654523598698
0,0.46264431044684495
1,0.6209755937770421
0,0.19099860328912394
0,0.36125476737868556
0,0.3006966019336299
0,0.2518735582740414
0,0.4624896585104903
0,0.16070783436874053
0,0.24512927630687703
1,0.5346660603095854
1,0.855642494285859
1,0.6171273056366664
1,0.7743034476656447
1,0.7444084474040923
1,0.5345245614697316
0,0.3730342448358845
0,0.2035702780315375
0,0.4779267742688873
0,0.41516888514469436
0,0.47911998919345683
0,0.3349287039154652
0,0.49792585386560473
0,0.3677180179246378
0,0.49899708186348674
0,0.3905420722952812
0,0.41209602709167154
0,0.47382164872422844
0,0.3837914629071419
0,0.3601181514457615
0,0.4685356559735803
0,0.08576956989929947
1,0.5611539032817279
0,0.3924251759999288
1,0.5081527929442627
1,0.6244252837490931
0,0.3401424290669541
0,0.25871668520625374
0,0.39993495780486976
0,0.277895744600873
0,0.4252790682270792
0,0.43279629066362646
1,0.5394187170161474
1,0.5839501476286334
0,0.3681083591591722
0,0.17293738989724822
1,0.6493360205716256
1,0.5237599966960513
0,0.30029872549216796
1,0.5295414127723336
1,0.5354749144880214
0,0.4009822770821196
1,0.5459686521458323
1,0.6510178111660079
1,0.6114387486077788
0,0.30496020176766137
0,0.47594759652734137
0,0.2688169296445863
0,0.3263207535071113
1,0.5111779286427603
0,0.4582863577518394
0,0.4327695454409217
0,0.42388995526110407
1,0.7553056216472608
0,0.32228718973715187
0,0.4432891224653141
1,0.5087601158517504
1,0.5288909821567671
0,0.4125999189603856
0,0.4735012395225587
0,0.46643100591923253
0,0.19803723961544736
0,0.35835976362589017
0,0.22753510795989057
0,0.42998517138483366
0,0.125465003312114
0,0.14873604978520225
1,0.5848743934857118
0,0.3806694819474838
0,0.40399707830650294
0,0.3377736736742653
1,0.6945797748575668
1,0.6361142502220027
0,0.14640413568099364
1,0.7521037032752852
1,0.5986914422449309
1,0.6679158118788742
0,0.31689704308855177
1,0.5171742835522362
0,0.44163028063350424
1,0.5107836904050317
1,0.5071284535287465
1,0.537592114766335
0,0.4868444970250528
0,0.1371223293019303
1,0.8852668613724533
0,0.4483394030035469
1,0.6170704796488924
0,0.44953924117491884
0,0.43803751837596683
0,0.3544035392926286
0,0.4906816995228959
0,0.4994330347482052
1,0.5691804538250225
0,0.42818871758858496
1,0.5123682122696347
1,0.760929147610834
0,0.35365799241941154
1,0.8918169371569252
0,0.4521347235727328
1,0.8346472327453406
1,0.5177852374500309
1,0.6020067770200813
0,0.3459161663902431
1,0.5948203903458315
0,0.3045295219937507
1,0.5148206241709146
0,0.46927585890646173
1,0.5890936411223674
0,0.4500947246372534
0,0.3580482312001416
0,0.33615003259044485
1,0.5999987378178552
0,0.33363470940634443
0,0.37017715929587874
0,0.3636623558838845
0,0.2868735972718123
0,0.22708954806493312
0,0.4781981393108269
0,0.10829043391378095
0,0.48793670445275616
0,0.42097723114469393
1,0.6245903932973773
0,0.35264658854935976
1,0.5363824423016926
0,0.4028128422860331
0,0.35306259365825976
0,0.1666107403630004
1,0.5767267395993265
1,0.5667446143718228
0,0.45020540607204185
1,0.503887851233992
0,0.36590027698538014
1,0.5488733076296867
0,0.33927414171460607
1,0.805397498046218
1,0.5341222868410759
1,0.5205539871282805
0,0.2906527099181558
0,0.4749658744454423
0,0.40826723401583864
1,0.6799024901315894
0,0.42015763701832065
0,0.37053064713064415
0,0.3588617445558272
1,0.6025721800981892
1,0.9673338234453915
0,0.47761838060684497
0,0.4305856684622061
0,0.43851873835800215
1,0.6339369012793821
0,0.38331222032923823
1,0.5111401454554976
1,0.5178638748512645
0,0.2239011216923855
0,0.41986378345673386
1,0.6277268942340092
0,0.41361351922294576
0,0.489780592904842
0,0.41072595351345537
1,0.5185811146573679
1,0.631812821985757
0,0.13130400080965743
0,0.49835062145152315
0,0.18852035989137078
1,0.5891087483108115
0,0.3373845624772525
0,0.49273671190191015
1,0.7082707730710457
0,0.41964493069914277
0,0.3522859577270417
1,0.5361902630776353
0,0.49932438249723077
0,0.4209146066936846
0,0.29205547173701674
1,0.6717348819285744
0,0.40591725980888027
0,0.4376252710745514
1,0.6923335022688389
0,0.241810905589346
0,0.48147300264163007
0,0.3317496771988599
0,0.4752035981269289
0,0.18827985692714483
1,0.5877009554974852
0,0.3096302861569586
1,0.5098565393129979
0,0.18763112535104445
1,0.673166698113429
0,0.4917213985893999
1,0.5714136350823721
0,0.3426701051946614
0,0.1606047214114809
0,0.32178536753664017
0,0.4772351496610113
0,0.27528984447751464
1,0.5360262429183166
1,0.6782881241668671
0,0.41848207403230003
1,0.7937446403334173
1,0.5626075628434455
0,0.3957227993843789
1,0.6035412749601844
0,0.4326615440687854
0,0.3315067993938119
0,0.3396094044452061
1,0.6319957423726843
1,0.510473015752172
0,0.31621180484608763
0,0.4618357683313153
0,0.48233577782228704
1,0.5172215437337644
0,0.4056591981528248
0,0.23182282525914236
0,0.15786688256833348
1,0.6280038630413919
1,0.651358039703688
1,0.8266763345501315
1,0.5194069647267722
1,0.638025862473094
0,0.48852506168117044
0,0.4696359191875043
1,0.70543310076205
0,0.2946175964530487
0,0.44112033543637275
0,0.41721465243656286
1,0.5082504397404297
0,0.2972430691554296
1,0.5519507153913432
0,0.4890323956425927
1,0.7358204243367907
1,0.5042423867015147
0,0.2711522470247158
0,0.3834670621824713
0,0.3504302008356459
0,0.4191578229266247
0,0.4161947699917811
0,0.35653718061923145
0,0.43695855502936864
1,0.5260401128638238
0,0.4913339428003694
0,0.30383878227135946
1,0.504620778369238
0,0.35195375608616525
0,0.4501114158536331
0,0.452860874520419
0,0.3476298081308052
0,0.4060677539590383
0,0.4776758284176949
0,0.3718059792859117
1,0.750841599720263
0,0.3809587496933012
0,0.3717692837200655
1,0.5084052409663571
0,0.3591370215632082
0,0.38013068667372724
0,0.4731265709740331
0,0.4202484128768777
0,0.23965766116405113
1,0.5184260504000164
0,0.25301294426898313
1,0.5339609378385979
1,0.5846812345843244
0,0.42683359649165803
1,0.5409482283621921
0,0.44212602575355275
1,0.5743224327141837
0,0.3077197414052587
0,0.3495911998106043
0,0.299305286861036
0,0.4264642561538419
0,0.39805077004374334
0,0.4122905410940609
1,0.7620134519302325
0,0.3630058645395642
0,0.39063688434196236
0,0.4218726003844717
0,0.2748995886916348
1,0.5355194438579599
0,0.3436638416835996
0,0.39369491095986464
0,0.11512060622592803
1,0.7726715705022734
1,0.6391714693554473
1,0.605663318748325
1,0.6232793119958032
0,0.45645192476100266
0,0.14416213900265223
0,0.31852029159692175
1,0.5763207442887671
0,0.4930372088779687
0,0.32695222688091014
1,0.7475385937182305
0,0.38245373716004094
1,0.5129821292247296
1,0.7170011884507661
0,0.4682265213532374
0,0.4480232717238262
0,0.4405604430336789
1,0.6626585481891307
1,0.5967656435162523
1,0.5642823808034089
1,0.5202900144978478
1,0.5724208921488185
0,0.31898419481537726
1,0.7436851141152948
1,0.6579435152752251
0,0.4810237481733122
1,0.6264841772560045
1,0.633980801667606
0,0.19767402744794604
1,0.5054535691027037
0,0.43755636379671753
0,0.3054466366726391
1,0.8233142737602007
0,0.4124972468544327
0,0.3064716938112297
0,0.4741402076492973
1,0.6260768944635358
0,0.3211200264599569
0,0.27935208211932916
0,0.2667280218612217
0,0.3511429244434912
0,0.48438036766888143
0,0.4754328778730678
0,0.4861588776505425
0,0.32655025634016294
1,0.5914348825642317
0,0.378837122381331
1,0.6116068246094749
0,0.4026212865386482
1,0.5955519395145954
0,0.37531565729959604
1,0.5585146033821676
0,0.37589568882409563
0,0.19897543005165072
1,0.6203525487683612
1,0.5210311689742639
1,0.5227395615286775
1,0.5364559387812169
1,0.6535870853654103
0,0.35358799022524157
0,0.3607922338904999
0,0.2698910551211105
0,0.4891533799002423
0,0.30540976533777453
1,0.7180151989838075
0,0.4763439886064015
1,0.729841368238946
0,0.432213306469612
1,0.517107434535576
0,0.39623245106772514
0,0.49464088232222536
0,0.3264512299925899
1,0.5345045169095489
0,0.31941191056999035
1,0.5685304492992717
1,0.8838413233612247
0,0.21912047065545828
1,0.9080422127831193
0,0.37852168613292647
0,0.4812425594097274
0,0.45470999646565363
0,0.40489420127776166
0,0.3154513177726845
1,0.6542854678257604
0,0.3803261349141123
1,0.5305838501496721
0,0.22431673645256317
1,0.504677200250023
0,0.23890640203938962
0,0.29669660882972615
0,0.40234778712932884
1,0.6678753162366922
0,0.29202092262248325
0,0.4080623357319474
0,0.39015316789395954
1,0.5048361676586601
1,0.7059521406918128
1,0.5075710025269539
1,0.5318213321336914
0,0.28825893991217355
1,0.6161838761814061
1,0.51746900654847
0,0.44935076787218264
0,0.20941272291663726
1,0.6028867761206785
1,0.6116813750315112
0,0.3477244320603459
1,0.8180235444911247
0,0.42611656883024784
0,0.16235076966436487
0,0.36709353886854185
1,0.550261385294363
0,0.46761400349969173
0,0.3694225903372441
0,0.486441710353079
1,0.5012880597028911
1,0.5506903256263403
0,0.3836641163945404
0,0.2853286239304692
1,0.624114749115534
0,0.2716422745143588
0,0.36329321582901536
1,0.6186592085537181
0,0.4688342448108801
0,0.30199215728867196
0,0.46199035142481787
0,0.4921433389772235
0,0.31510611023740887
1,0.5546018831564313
1,0.622899083247556
0,0.48629549907204317
1,0.522632114346874
1,0.5827804772630478
0,0.38796510451427557
0,0.4724873618855699
0,0.3128075862287988
1,0.6486106100153544
1,0.5526885876214895
1,0.5948242025663193
0,0.4093873772545751
0,0.49400405072685843
1,0.5470434711380415
0,0.1904311477472161
0,0.40664922830729466
0,0.48277191517404133
0,0.4440947655796627
0,0.2917784893264642
1,0.7805431682797469
1,0.5173700145847153
0,0.3093969666749113
1,0.5899168687698796
0,0.48039985483678327
1,0.7876471082668977
0,0.39013741971214383
0,0.3676935769665411
0,0.3680136678182292
0,0.45491095242066054
1,0.6012397377265636
0,0.496568963713505
1,0.5002256087463947
0,0.26209044793255876
1,0.6253669106518369
0,0.3329583099112314
0,0.3438269818977233
0,0.22044725319654002
0,0.242622083835197
0,0.43116575449994443
1,0.5706326270709994
1,0.5211607431548695
1,0.561159058586295
0,0.2364303002697782
0,0.2807526918891876
0,0.3331403342594473
1,0.5077807542616866
0,0.2613027192637497
1,0.6549699421291176
0,0.29646778596604745
1,0.6399016373447696
0,0.22481432318637462
0,0.2987184143982926
1,0.6971853837140269
1,0.5141977392905935
1,0.5469040860141763
0,0.4783592135332772
0,0.2012909471605759
1,0.5148156760173841
1,0.7094311720346168
1,0.5681808955705853
1,0.5597346107841709
1,0.521200790582551
0,0.36646811059725415
0,0.14448082136760512
1,0.6534624362658998
0,0.2496243521830429
0,0.26312574452934506
1,0.7329673382543235
1,0.9854460806999322
0,0.3909197924745875
0,0.4004916455041407
0,0.34672395964565844
1,0.6405426121090035
0,0.38035651416230026
1,0.7297536535607074
0,0.431193110058426
1,0.6105537563564347
1,0.6447271854976355
1,0.7259954960029861
1,0.7316584671094928
0,0.3529333374268779
0,0.39136507939418447
0,0.4712090736241426
1,0.6598160687080123
1,0.6671544541535762
1,0.7538183008901184
0,0.3712712193667069
0,0.3636080282156754
0,0.10034196723728359
1,0.5136175140088989
0,0.3460318299584824
1,0.724658535411887
0,0.05008047180542326
1,0.5045814293512547
1,0.550177933048584
0,0.18475318834165097
1,0.7009405443091161
0,0.384317462167795
1,0.5120637908153636
0,0.3056181687873091
0,0.41501986869434737
0,0.10543843471183816
0,0.23262808305609542
1,0.5737259037925031
0,0.29952156978467775
0,0.47876084770923233
0,0.46343280964953054
1,0.9149459897973096
0,0.3394364757420562
0,0.3240108042147675
0,0.2171432648688393
0,0.07756828557025769
0,0.3381175553935403
0,0.22708422141240428
1,0.8030169719820456
1,0.5522904760827297
0,0.32074289825219465
0,0.44586986830955777
0,0.3172809914766543
0,0.31403529993349305
0,0.4897287862993005
0,0.32314801934122117
0,0.15053571344939873
0,0.45543613648629616
1,0.5582406648686301
0,0.46564969784753946
0,0.42950941432273404
0,0.3170994122936981
0,0.40320742844004237
0,0.36130335683964737
0,0.4611822406080807
0,0.1743323385819556
0,0.45500489860049614
0,0.33206845132220963
0,0.31803745059786037
0,0.4981971264537763
0,0.3531189171144553
1,0.5063783932107122
1,0.6740473949098507
1,0.7734836403323179
0,0.45546397015516055
0,0.15596393332804293
1,0.5860014850068226
0,0.4792371281638995
0,0.35565224688845637
1,0.5606866252999081
1,0.5426471342989637
0,0.40638399256715385
0,0.4330216612676234
1,0.6732343503857586
0,0.26739359342533586
1,0.6140776829485941
0,0.4235965952316506
1,0.6360677374597725
0,0.4838516132469125
0,0.1626069553568679
0,0.2452847944693076
1,0.619884805719645
0,0.499023967955385
0,0.3676030273551868
1,0.5175419412762121
0,0.4253882526279205
0,0.2679975084801717
1,0.658279459784162
1,0.6039548266022178
1,0.5035491832503921
0,0.3641574285623781
0,0.4743123806877016
0,0.3334476524025039
1,0.5948030793113014
1,0.7591401509339877
1,0.5102687565578616
0,0.45894325603512326
1,0.6502041415167134
0,0.10617260896424735
1,0.8066080939385873
1,0.5503092573292054
0,0.4272715324352919
1,0.5137073071435113
0,0.36093894908221374
1,0.6068796001244118
1,0.5822345882792977
0,0.37452600341817416
0,0.3073719920227822
0,0.4506179002478951
1,0.5175902408918535
1,0.6806606618088396
0,0.45587185464273605
1,0.7403038587826851
0,0.42609503632428425
1,0.6155131803721722
0,0.2940985519859614
1,0.5115400031670873
1,0.535918026454627
0,0.2554182786149266
0,0.360743483887368
0,0.18692106636855574
0,0.41765304973532263
0,0.4264901990403616
1,0.8037706812542134
0,0.44263954621503887
0,0.2675584731163916
0,0.33018376011011263
0,0.46634919284896253
0,0.4685389716364369
1,0.6419165188247763
1,0.6059918675617242
0,0.48297471427668814
0,0.3456280922624559
1,0.9353264929892413
1,0.527522769653697
0,0.2772583735745375
0,0.30638402643015455
0,0.44398000337195337
0,0.4430906703525034
0,0.4609392230400418
1,0.8877899370460004
0,0.3842823533759158
0,0.4609129932568507
1,0.7367463922460484
0,0.4396119141083658
0,0.46624807596462237
1,0.5077384207821104
0,0.32280211123637187
1,0.7689203390937245
0,0.31196881134450377
1,0.6487225715037453
0,0.35569403010889067
1,0.5421061160354342
0,0.3882132017655325
0,0.45953867835436274
1,0.7978823447519287
0,0.25481695230140866
1,0.6515809437708028
0,0.4089318571708838
1,0.589473780421344
1,0.6059129463817914
1,0.5322335994463235
0,0.3118066575005585
0,0.47023082731779386
0,0.4462285504462732
0,0.2297023266362762
0,0.33842776008349573
0,0.4872629933179349
0,0.27947247445543383
1,0.5344755305563078
1,0.5146295219372417
0,0.3028387486642478
0,0.26777388790112255
0,0.405660399005895
0,0.26979099031587617
0,0.2889428892748718
0,0.20960049747324294
0,0.3617200072319803
1,0.5619325772824056
0,0.3567859664654972
0,0.19911265600772304
0,0.23975078322947865
1,0.6272111202732399
1,0.6074148256511287
0,0.42494314811692424
1,0.6069210691165209
1,0.5109423589600662
1,0.7597618993967702
1,0.5634576926401582
1,0.8535182142739693
0,0.372855549052362
0,0.39923519373013233
0,0.08527428262809399
1,0.5588884355035605
0,0.471698157856174
0,0.3045042787376675
1,0.6181994994925064
1,0.6335507371832247
0,0.46213420223981716
0,0.2226206816505789
0,0.3554546254979586
1,0.9079477634376885
0,0.46539611318427565
0,0.46758373026658057
1,0.6543999397015431
0,0.16006308249055415
1,0.5012221349632231
0,0.46360168417048586
1,0.5259154473216808
0,0.39961767651561225
1,0.7849723107782391
0,0.4768882076253354
0,0.44769578061759296
0,0.45659567982828086
1,0.7076100471800674
0,0.307115218149935
0,0.3358107497283003
1,0.5383022039018435
1,0.7410222935197645
0,0.43874813284363423
1,0.6284103069074053
0,0.3964980735261349
0,0.40974967656126743
0,0.30669214004979556
0,0.3041107758019348
0,0.47767571906007367
0,0.4907275901912415
0,0.43129736848296457
1,0.5460944599654337
0,0.2785172153366523
0,0.48765075068859637
0,0.49090128481528766
0,0.43627504333128797
0,0.40417048249648435
0,0.4764830119075927
0,0.36733137603109917
1,0.5094004794911196
1,0.5836739650477183
0,0.27885841880699586
0,0.4688388021207427
1,0.5179092289014322
0,0.33495832831205286
1,0.5262636813252262
0,0.34101970868411635
0,0.33866904461920455
1,0.5821175845629227
1,0.6889915923941365
0,0.459193091410342
1,0.5270334541958696
0,0.4393712444093389
1,0.5087314704166035
1,0.5310567584011183
0,0.3593466513553239
0,0.2876300659150275
0,0.038963295048614295
1,0.6948117366367922
1,0.5853212055293953
0,0.4446574145898716
0,0.3883891184253865
1,0.9283194264257
0,0.28107740210319304
0,0.46081596565836974
0,0.34488339343677343
0,0.49886360918845685
0,0.37318794776222614
0,0.3366242075598583
1,0.5594913110977975
0,0.3862651996422405
0,0.33396127597434333
1,0.5556378062632582
1,0.5121163763717349
0,0.14611802750461417
0,0.28530383377811097
1,0.5904091491764166
0,0.38693159578702324
0,0.49785582278379165
1,0.5838815870737644
1,0.5967457290721458
0,0.38192813929417513
0,0.42028406703133286
1,0.551036105305498
0,0.38356690335121824
0,0.4744571657549828
1,0.7643655058815104
0,0.4135126980953837
0,0.2480497559612636
1,0.7294502514506069
1,0.56922601645214
0,0.08452829855636539
0,0.486677637525039
0,0.31615510694614496
1,0.5406361306634774
0,0.1633737790725583
0,0.2964341042991649
1,0.536465855839172
0,0.3680773006896959
1,0.5734968139592155
0,0.46463563204829333
0,0.4680563715390509
1,0.7077472141502144
0,0.4591955315798999
0,0.4169085049513654
0,0.3253352982758841
0,0.39467753083989193
1,0.7598413470379061
0,0.4979947443798567
0,0.21029578422823195
0,0.4966665052381117
0,0.39295033458555445
1,0.783577203394046
0,0.4529888971532499
0,0.40434105212306193
1,0.5425488713629637
0,0.37818803983899146
0,0.4732217237727997
0,0.32198335572233716
1,0.5173183099451129
1,0.5549871689204334
0,0.39998046362168926
0,0.3958212350453062
1,0.5732817681449653
0,0.16327889709497564
1,0.5256187006053524
0,0.24695322410585485
0,0.4088821381211484
0,0.3947194359210671
0,0.31793317236642893
0,0.16002713210726704
0,0.35868967184275163
1,0.6025916269159847
1,0.526883815344909
1,0.7294223795466108
1,0.503798243352087
1,0.5115126272878433
0,0.30598666413083
0,0.4074652023906551
0,0.32814385246544736
0,0.4487975955725468
0,0.3814791489939184
0,0.3387920934084801
0,0.316068410915649
1,0.500527078713522
1,0.5396834613086557
1,0.6679368252882284
0,0.37136034856412925
0,0.3956291298652623
0,0.34317737958308864
1,0.5416321235909987
1,0.5427716698286373
0,0.22023807196991374
0,0.15051051454152292
1,0.5428027730510433
0,0.4382474513674395
0,0.4271347928470411
1,0.6165244778615111
0,0.4611796620506478
0,0.4322598437881978
0,0.16225276556431642
0,0.37265679480937136
0,0.165960082561533
1,0.546675521194901
0,0.3050204180128466
0,0.3046340122014646
0,0.21932839018394118
0,0.40673254964722466
0,0.48975482009723187
0,0.23789441888021282
1,0.5577746902032638
1,0.5000415766470631
1,0.6207511872920006
0,0.27008730728477154
0,0.26110637855796387
1,0.5186260580814543
0,0.3399542603766273
0,0.4666298461256521
0,0.48885616821947836
0,0.228905819726424
0,0.25385970935687785
0,0.4531079851074225
0,0.4880209447258389
1,0.7458777011786449
0,0.4496660941666269
1,0.6663015965283512
1,0.5280596002154044
1,0.6019737004021101
0,0.44063321658929155
1,0.5225033498216622
0,0.3827910899899623
1,0.5566260486124145
1,0.740878835276595
0,0.4415965935709252
0,0.2436739509995831
0,0.29522974724144113
0,0.16732996369421568
0,0.4194399443189325
0,0.2068070615506669
0,0.48798378821652466
0,0.4725025097720348
1,0.5455101306317898
1,0.6690639048997769
1,0.7158277903549702
0,0.31124177238923345
1,0.6218142648984509
0,0.3338422660512252
0,0.37146137778482957
0,0.378133184337585
0,0.3000067447984064
0,0.49872564970171296
1,0.5033516615253468
0,0.41515227214206507
1,0.6066912990047887
0,0.4409128225591212
0,0.18254142014875566
1,0.5564484059352464
0,0.3775636080055056
0,0.49528883251403566
0,0.39769697555318273
0,0.4291600657461443
0,0.22372709814619504
1,0.6044059936065402
0,0.2799258324333561
1,0.6006734914598556
1,0.6780125425883005
0,0.38583410553911507
0,0.46773546234748553
0,0.33766155748042986
1,0.5004521673928799
0,0.4992266288774887
0,0.300348973997022
0,0.35819123689244414
0,0.4016052536750191
0,0.3641275273582778
1,0.6187598228209179
0,0.4165382017923939
1,0.5630440963704534
0,0.2943786720634105
1,0.5078618429959472
1,0.7474892072187813
0,0.40720100788720537
0,0.4905330507579027
1,0.6009427743056045
1,0.64566196423264
1,0.6765387366056033
1,0.5433114612466525
1,0.5132074651578339
0,0.27873548830645056
0,0.435008422727813
0,0.4530142913055845
0,0.4030375974392842
1,0.5447680121168361
0,0.4537030295769223
0,0.45216769289400577
0,0.4476416681368279
0,0.3226067329242698
0,0.2441411615504337
1,0.5871690039477583
1,0.5205011618123034
0,0.35343168098751226
0,0.4179405000458547
1,0.5843475352795916
0,0.3685474948101696
1,0.5592311132279624
0,0.4415105816181787
0,0.4545413210297054
1,0.5996200184524021
0,0.48425655977119014
1,0.8120716509425202
0,0.33198654895571417
0,0.08144980079196773
1,0.8438376945749093
0,0.1464945663021793
0,0.3746262529468264
1,0.5704459321590125
0,0.3755849859335167
0,0.4758605950422125
0,0.40896430935287376
0,0.48718283210195823
0,0.224017924150532
1,0.569000988159588
1,0.6509973224272616
0,0.42145115195805605
0,0.49859629396340593
1,0.5651106250497874
1,0.8531555203763311
1,0.7068295577724856
0,0.21382760823644076
1,0.5281600541275802
0,0.07132801297382738
0,0.4277179943227548
0,0.3909079667595125
0,0.2619256646683079
1,0.6565076998048331
1,0.7260125450996597
1,0.6403930505801411
0,0.3402894165344116
0,0.3463375960977519
1,0.6701042804852902
1,0.7155571517076952
1,0.6393131313290318
0,0.35987822711980216
0,0.2372712016229074
0,0.1715578100368011
0,0.3251875920306157
0,0.41177396984770503
0,0.48508670032966583
0,0.31245969956992503
0,0.3837341650638629
0,0.33252821114307246
1,0.7915383951945186
0,0.4136455183421327
0,0.21286063150231146
1,0.5965313785974035
0,0.46859690775879154
0,0.3555833127632395
0,0.47521089240644754
1,0.5854736409270817
0,0.29515937214050664
0,0.27153205040713174
0,0.4638265386443007
0,0.363050715753816
0,0.32419384953155445
0,0.34131716650315147
1,0.8957569721146986
1,0.6847274001203203
0,0.282344377614477
0,0.36160327972392275
1,0.5136790985103806
0,0.3777391830289462
1,0.5542591372773253
0,0.42408887398926626
0,0.28698048128649195
0,0.37604439666874334
0,0.32373992592800416
0,0.40525249369572036
0,0.39581707332140653
1,0.5255894002714009
0,0.4714184932925818
0,0.1584447491739812
0,0.2798870064181772
0,0.29707609929291995
0,0.46124935477466256
0,0.28516240383676256
0,0.40793098090742674
1,0.5519040720861612
1,0.594343050299982
1,0.6536058995692033
0,0.41933500016153497
0,0.3435153690507888
0,0.31934278417788176
1,0.6389859835159325
0,0.3268402542310209
0,0.3637804977119183
0,0.3910770306644385
0,0.4644085879603498
0,0.4289984830509148
0,0.3181510315363471
0,0.36989114276466817
0,0.2597854689348693
0,0.4026082115693104
0,0.48542669295944807
1,0.568594094171534
1,0.7232230662766453
0,0.38012084008362246
0,0.3305435712062414
0,0.32800816460790005
1,0.6086959905731832
0,0.47753377043550127
0,0.34273072309016067
0,0.4572886586850035
1,0.6107542256800834
0,0.29529786745730074
0,0.4172388982063414
0,0.27607562881857917
0,0.3553035415352979
1,0.5416226121078235
1,0.5252244981722723
0,0.1439994432142491
0,0.33652977585214366
0,0.47578309869435315
1,0.5194361222695016
1,0.6126755559891325
1,0.5515588327319795
1,0.6780619835437577
1,0.5469895969021241
1,0.5103000292336094
1,0.5229873978221443
0,0.4535235731571506
1,0.6708522980632281
1,0.5510678144630409
1,0.51626356980574
0,0.4134869686286297
0,0.45209386114176886
0,0.33701993849897344
0,0.4608121568615104
1,0.8450860488537676
0,0.17305207058745214
0,0.49764924695778623
1,0.5272818129692487
0,0.45161565102541246
0,0.49908993238959837
1,0.8941410630770289
0,0.1689961098665245
0,0.4989898102319741
1,0.5448114580370017
0,0.3845839701603898
1,0.7320736961973303
1,0.591753502915379
1,0.5312807735350775
1,0.5274986091606465
0,0.4016496835968622
1,0.6981317391672123
1,0.664905275525459
0,0.09079234271132987
1,0.5481729569091714
1,0.5016016910840744
0,0.13803625150482085
1,0.7450282365535018
0,0.4554463341675575
0,0.4581472426701055
0,0.34304745415469273
0,0.4318182479162001
1,0.6480804179704774
0,0.07186034728234736
0,0.3410956946501672
0,0.36441258579459346
1,0.6364475737217781
1,0.5160210626707453
1,0.5573144401927494
0,0.45435505773356977
0,0.39955700081380213
0,0.2768825563549221
0,0.42745543049730683
0,0.27533291607674926
0,0.24911734426018925
0,0.44386051671592325
0,0.23994395325189474
0,0.31288613501255447
0,0.44073781763253467
1,0.5003987650923994
0,0.2978504189105057
1,0.5180749985921307
0,0.3450010994842897
0,0.3503113953602967
1,0.5023220333988326
0,0.3590717910422507
0,0.2961453431093769
0,0.3838907014847204
1,0.534696780834076
1,0.5825940069272924
1,0.5751335521079072
1,0.7347078940387497
0,0.45041394810844243
0,0.4975579872739689
0,0.48076188189666036
0,0.3935634638508043
0,0.48930417105781004
0,0.42443497453823165
0,0.48169880024083833
0,0.4811421701731983
1,0.6512397740407166
0,0.22049135608807063
0,0.3233944364695515
0,0.4099001753392021
0,0.2996130970694046
1,0.5960902937476251
1,0.5919224003229895
0,0.26189995975330627
1,0.6112559040933568
0,0.21396937741052657
1,0.5822395585542092
0,0.28528175585174076
0,0.4575114399874949
0,0.21756285156415256
1,0.5147999025346914
0,0.06312110584629571
0,0.34354731154932194
1,0.5247456712045083
0,0.48084045121533914
1,0.7710896804421395
1,0.7705857448056603
1,0.6528456214006273
0,0.2203658843505687
0,0.3941880574965051
1,0.6254155876194241
0,0.4255536366661377
0,0.3829660426114505
1,0.6007290570174177
0,0.4785231881986279
0,0.4528976987481899
1,0.6771992285542738
0,0.44704074630850377
1,0.6511805446999542
0,0.32917651126954856
0,0.3573159302658031
1,0.5918857839319052
0,0.4472541923695583
0,0.4271406543073519
0,0.47430912517764645
1,0.694048215853499
1,0.5080279889474233
0,0.3650231893523397
0,0.47332543869639737
1,0.5427245214834341
0,0.4871975993051175
0,0.2980659853353076
1,0.6366221008601507
1,0.608964374641767
0,0.3449253936003722
1,0.5315736921661415
0,0.4895200200097492
0,0.38188771477368005
1,0.514873795434073
0,0.49600076350372113
0,0.16123989712677467
1,0.642553852658576
1,0.5835233822349082
0,0.44918187481447813
0,0.2628788881034631
0,0.4873781655298303
0,0.4627206052956989
1,0.5441208991550754
0,0.44441257253140376
1,0.6106613480217716
0,0.39007148830672905
0,0.2796297737729786
1,0.5452843729169504
0,0.35902596294340605
0,0.33840633991472435
0,0.237379924799373
1,0.513027234413635
0,0.3663014112454492
0,0.3719413540249788
0,0.40966239388313125
0,0.4175338614798928
0,0.3815600440779246
1,0.5348237042949078
0,0.32424436212759117
1,0.5984522417031096
1,0.5096143930636493
0,0.32493330965813044
0,0.3594505570939549
1,0.5742546587214977
0,0.30105694518766607
0,0.3941810377772693
0,0.453550726637137
1,0.5075743182452069
0,0.3430056033537145
1,0.5029472097311064
0,0.2316765793486776
0,0.42498203309071986
0,0.49059031606177184
0,0.454973886808475
1,0.5317229819550183
1,0.578336955153583
1,0.6373114075525985
0,0.45198432246393666
0,0.27231488148765637
0,0.03947122838464497
1,0.678702670377837
0,0.47393716844297545
0,0.13831518404861712
1,0.5532675704134465
0,0.47860441567846407
0,0.4992384332068248
0,0.08957959580096835
0,0.48069565658374663
1,0.6166011357612915
0,0.3553214896974972
0,0.35186899522876386
0,0.3365902745282189
1,0.7404186402497207
1,0.5294399842558369
1,0.5625662850189763
0,0.17539693784718655
0,0.2504484150738984
0,0.40959498478830875
0,0.365842796068827
0,0.4714796172326389
0,0.462199503133377
0,0.15470706692105307
0,0.2614341718190063
1,0.5235567969111772
0,0.16904151370692225
1,0.522710348806966
0,0.4751914483996415
1,0.5030947100062233
0,0.493574224355316
0,0.37889449919871826
0,0.23398475810148725
1,0.5960371869360835
0,0.45643435156647083
0,0.3188858308220057
1,0.7772262722065492
0,0.2587381579045787
0,0.4514567267079106
1,0.505898875580252
1,0.7445216388830322
0,0.46354478363491386
1,0.6760203490564386
0,0.48708959339233643
1,0.5924099821588379
0,0.4724359486971633
0,0.412503230937026
0,0.4359964986558836
0,0.3756330307541332
0,0.3551392744158156
0,0.4309239484158183
0,0.4138237101586072
0,0.45696033203894476
0,0.47527658493156455
0,0.35875725977319983
1,0.5323597837617916
0,0.4747495011596004
0,0.23633630255170568
0,0.40848247477899335
1,0.5349646768265989
0,0.1570409770479425
1,0.6386475782445237
1,0.6357609982274917
0,0.05987458956411985
1,0.5771424858551824
0,0.3696966074860526
1,0.7190755123394431
0,0.31177213487706484
0,0.373021284908722
0,0.4564367735459707
0,0.13512835890732278
0,0.35485816803671544
0,0.4213499547592179
0,0.154904565362917
0,0.3498773385929486
0,0.37759046845436256
0,0.2750822711939781
0,0.47788312493670426
0,0.27924089052592743
0,0.3673080706651735
0,0.13121157466746258
1,0.6185558610802856
1,0.6215061039431593
0,0.29268708009502786
0,0.45362946373905255
0,0.4673074668794578
0,0.29535676007839506
0,0.3734262849862029
1,0.5579296703225808
1,0.5193971121483885
1,0.6840627268523038
1,0.7387112052365262
0,0.4452999681178227
0,0.40169067489406224
1,0.6094889978387839
1,0.6318353868084607
0,0.3429493215389034
1,0.5986311056758018
0,0.18089584564337066
1,0.5824838705348694
0,0.43039623691875584
1,0.7344092404798762
1,0.5926097403633818
1,0.6246515807458707
0,0.3424117183577103
0,0.47711579273857885
1,0.5374997484020279
1,0.5122478123012691
0,0.2276119304308643
1,0.5099296598813801
0,0.43204819292482494
1,0.715365024965715
0,0.48142555770548284
1,0.6123772932152775
0,0.3809956115329695
0,0.39979057025967224
1,0.6498254625259966
0,0.42122848801779395
0,0.4284553971416736
0,0.4554793470064323
0,0.3482462683628405
0,0.39486419395143674
0,0.29344390617095156
1,0.6813968019551382
0,0.45644039082647414
0,0.4780819679707807
0,0.49233216445210504
0,0.35631772717182536
0,0.3969643250979487
0,0.1412780546054196
0,0.4120369214744934
1,0.6377689129375248
0,0.05399673897575698
1,0.6276873502161019
0,0.3705059537454939
0,0.4200466202915549
0,0.4549294038929407
0,0.4739790039678634
0,0.31447505608863896
1,0.6668339467664329
0,0.38518896471073993
0,0.27697240494916825
0,0.45979949118303404
1,0.5387113833979864
0,0.4421256353657398
1,0.5071427109578756
0,0.42733404632183924
1,0.5210458559266283
1,0.5973992457962561
0,0.4551216121389286
0,0.4303914492367685
0,0.3633211427592533
1,0.6792225095362379
1,0.575806241698825
1,0.5354659277520437
0,0.47882971685397735
0,0.44452317353089726
0,0.23875610989417814
1,0.5257426674330699
1,0.7508543106434197
1,0.552339157247453
0,0.28643547387575813
1,0.5538237733058247
1,0.5740868807187263
1,0.6619848298614023
1,0.5585052651419653
0,0.49114889361187136
0,0.3705180090644809
1,0.5714969690423019
0,0.46011586821489564
1,0.6999799324824434
1,0.7100156026006956
1,0.8247787992340282
0,0.38316272630367565
1,0.5582529776478375
0,0.23765836639958804
0,0.42305996837098986
0,0.3505341927423168
1,0.6470333374115673
1,0.7693986431131626
0,0.49988693694791775
0,0.18199564514582958
0,0.3213647999408493
0,0.42498965447780085
0,0.20341434532375213
0,0.4882097764098768
0,0.3083235931661954
1,0.6259506302322799
0,0.40313674705105457
1,0.5034726009089695
0,0.43886779967307893
1,0.6033913124751861
1,0.885530875036392
1,0.6245248537974877
0,0.3512914821184643
1,0.6822025327439001
0,0.35471512340324834
0,0.39606458498435965
1,0.6553196145242047
1,0.5064212339988236
1,0.5293475592031024
1,0.602749537065974
0,0.4623263681267317
0,0.47461363088881525
1,0.562901476523099
0,0.4494490939087752
0,0.4938633933153684
0,0.3236187666072831
0,0.16150539221120636
1,0.6730304188339037
0,0.39550295482863357
1,0.506337597381546
1,0.597760965859516
1,0.5694162480847915
1,0.5801792863533822
1,0.6431784721460884
1,0.5919096569874275
0,0.3343052152561585
1,0.5300091269989698
1,0.7599339371247845
0,0.37464762048229583
0,0.3576216289493118
1,0.6701018164094171
0,0.2315985396990138
0,0.43257450755511456
1,0.7032145533171074
0,0.44629083675263415
0,0.4086211082374452
0,0.3836217113380473
1,0.8779686771875058
1,0.6285313434577834
0,0.14648913310093786
1,0.6624400747544701
1,0.5717454341222892
0,0.27733928508204797
0,0.38752260128064847
0,0.4231274091074399
1,0.610770797724395
0,0.2887815196467789
0,0.256081197699134
0,0.378567316957341
0,0.27294966925779773
0,0.07989412966093075
1,0.5745729471494175
1,0.7924350106846966
1,0.6012534928956091
0,0.30976969723678804
1,0.5796282131593987
0,0.3185627353781903
0,0.3870332495914285
0,0.3757152665294954
0,0.25529197992888397
0,0.3035572151822662
1,0.5504777993879292
0,0.44110387937220147
0,0.27792136386784194
1,0.62555957533502
1,0.5253608713993558
0,0.43292008059868803
0,0.35345897994337966
1,0.5773126154330892
0,0.3757819348782602
0,0.22719683569207363
0,0.3259514170589794
1,0.5911838392673601
0,0.49311858185807267
1,0.5245446308806171
1,0.6180569207347849
1,0.7419915705574291
0,0.3829479431425884
0,0.45415485982466874
0,0.47662695377341335
0,0.33236285656099557
0,0.450172195959461
0,0.26965927226448017
0,0.434021299337484
1,0.6054446930242694
0,0.40412102628764734
1,0.5831567351348127
0,0.33044091456531327
0,0.42418769607002527
0,0.46417557208741284
0,0.26040191748927644
1,0.7215655422592288
0,0.43315476259620367
0,0.4406997319032766
1,0.5010752922365606
1,0.5556775064080098
0,0.3673516713526345
0,0.36230096872632184
0,0.2481492978956539
1,0.5768398243659899
0,0.46718041467251814
1,0.5380912072955876
0,0.4908839033701557
1,0.6821319252602674
0,0.48247551168664726
0,0.33985103349571694
1,0.6512939596073981
0,0.24049796461617481
0,0.40689238794703025
1,0.5604010879844216
0,0.33683195347661227
1,0.691977736080459
1,0.5891327610956496
0,0.2855107007274733
0,0.18193560008864074
1,0.5069994012092561
1,0.5122860910964843
1,0.707819581701075
0,0.331059238040035
1,0.5491455568219256
0,0.295115484657697
0,0.3122244237117294
1,0.6246786313522302
1,0.6734215783883725
0,0.2804985915190835
1,0.7751682234562634
0,0.4508538905327709
0,0.4263189770520416
1,0.6956710730238029
0,0.41431684957205683
0,0.42121645208178177
0,0.3146350280917669
1,0.5593780953026757
0,0.4792560033207451
0,0.2854258779202014
0,0.3828287485136399
0,0.46777734223154466
1,0.556236998033185
0,0.4394264760091071
0,0.35364195855026903
0,0.32873264391619317
1,0.5666434798935823
0,0.45152974348268715
0,0.48415991939255376
0,0.3629412369537774
1,0.6675870938295368
0,0.3779362954609377
0,0.2988192560992035
1,0.5779231738861209
1,0.5284347744565098
1,0.5363805619999554
0,0.19888751902136284
0,0.29559039881635135
0,0.4126930963596974
1,0.5985097569850599
0,0.03911710386963123
0,0.43899973251357094
1,0.5299090048812288
1,0.5917578553628214
1,0.5721529654379865
1,0.5003716072268626
0,0.4075909300626228
1,0.6352303854750473
0,0.4845491050272496
0,0.30868993476250517
0,0.3857561387946276
0,0.46822417301448427
0,0.3630226132699065
0,0.1953866467600961
0,0.4207783210352826
1,0.578654588168739
1,0.6671388367915024
1,0.6060459023406026
0,0.48516809808879136
1,0.7228086136873088
1,0.6425161321910654
0,0.4711474233255805
0,0.30887447736297285
1,0.5011650536296308
0,0.3670668852244457
0,0.38229920044793286
0,0.4564903978142857
0,0.4108329144456007
0,0.4156902298690245
0,0.388388904443705
0,0.3233337559228939
1,0.8100599599100058
0,0.2931014575385405
1,0.6280151302927967
0,0.26008365620572543
0,0.3802044566656901
0,0.08686737913880217
0,0.3764530971234194
0,0.20534923623386803
0,0.4823787649678259
0,0.46069579532031124
0,0.41226046902751334
1,0.5838513484401401
0,0.38160948567518443
0,0.41360121701128233
1,0.5063590507065798
0,0.4784372173090233
0,0.38817314389897367
0,0.44358838061039635
0,0.47560051857085117
0,0.2947373573658974
1,0.5008492562907019
0,0.37966825817376154
0,0.12453159256193631
0,0.3670075553661135
1,0.5068112214619628
1,0.7466625563191746
0,0.4235396313971039
1,0.5694581992906661
1,0.6396006410826311
0,0.2240093739582473
0,0.4581109504194011
0,0.44082431306112363
1,0.8069914636764434
0,0.35932248148980667
1,0.5229398300305117
1,0.7149256206586577
1,0.5077917219354462
0,0.45297161807551367
0,0.4135936252604661
0,0.26588138226820446
1,0.6744750967015838
1,0.5537790220719804
0,0.48680986122070746
1,0.5322562803058033
0,0.48947030295155214
1,0.526206044306369
1,0.5282737367865551
0,0.4899249221429016
0,0.4694525418116866
0,0.49644444931718046
0,0.24289348323675478
0,0.24547636708742743
0,0.44004946229179304
1,0.6476397492492185
1,0.5202471774856922
1,0.7155515590782836
1,0.674960175416119
0,0.34236382091778295
1,0.5650883208917122
0,0.48170137470497665
0,0.4770101116326035
0,0.15780978216900565
0,0.24361558359587054
1,0.521262653838455
1,0.6434881624026798
0,0.37197430255659636
1,0.5697978707895234
0,0.4062301126723757
0,0.4684733777115359
0,0.4627288397623767
0,0.42291472306252414
0,0.36625615348789964
0,0.4812398510930163
0,0.38866596250524565
1,0.5089705918201256
0,0.42651411174296266
0,0.4504922512910107
1,0.6311629514481719
0,0.481413404727624
0,0.19404537244945091
0,0.46896432353501516
1,0.7731954807183448
0,0.4142641759481014
0,0.3196090246640092
0,0.23511478996991106
0,0.39621342973925877
0,0.44446373594731076
1,0.5226737055082067
0,0.34352885634648295
1,0.5213405493846047
0,0.3913518745308863
1,0.5230349477490889
0,0.3636924204843846
1,0.8322564706130036
0,0.3947116019974387
0,0.49844054873843785
0,0.39874321376298044
0,0.33255592045303783
0,0.3992151337148855
1,0.5945356165911173
1,0.5325149540954918
1,0.5524272539246737
0,0.30318088309191854
0,0.4086538090706779
0,0.41801537214768686
0,0.23968510442181387
0,0.3000872375145731
1,0.585523450281922
1,0.6583248969054504
1,0.5342595884281085
1,0.8688951887231078
1,0.5377213112133362
0,0.4228611444342355
1,0.5053586161894862
0,0.4869315517891698
0,0.3247670047849146
1,0.5594334507163994
0,0.1852454700056758
0,0.28640457422059706
0,0.4841090370633971
1,0.610402903154428
0,0.4641543377603962
1,0.8475230572800132
0,0.32830149419950805
0,0.3410992605664784
1,0.5252950744002283
0,0.35159487368403836
1,0.6327270711705053
0,0.4664463774117354
0,0.46370527113469573
1,0.6325332310812692
1,0.592898374733817
0,0.41822442325948317
1,0.5449854335286501
1,0.5928755702753786
0,0.4114136020469175
0,0.4086653328069812
0,0.3162966970972959
0,0.2290443167092
0,0.4386338417096132
1,0.6299717008444394
0,0.4609989931869666
0,0.4545714770379147
0,0.4093175573973569
0,0.3366175315289981
0,0.14769492463796238
0,0.21137734690578885
1,0.607567817331136
1,0.5689476431550377
0,0.14302925302478461
0,0.4190275794288404
0,0.3051876519453904
0,0.4504957049130559
0,0.4341568251906084
1,0.6203658142848424
0,0.3863416989926651
1,0.6004415005923854
0,0.1492627425348983
1,0.5824507851603
0,0.4050895768230074
0,0.38070228934325
0,0.2964325706004021
0,0.23660719694795798
0,0.18394535701923084
0,0.28222774754529417
0,0.33626030881689145
0,0.1057363274790704
0,0.4340337834020587
0,0.3468148596690725
1,0.8414285626443196
0,0.4005556273029622
0,0.27339298639666115
1,0.6493015244817038
0,0.22425715354541495
1,0.5196799135365477
0,0.39699161084324697
0,0.14577213545689374
0,0.28954320118417765
0,0.41872418509977044
1,0.5450218017171795
1,0.6874860914161964
1,0.5102623839127336
1,0.544312005267901
1,0.5625459402717446
0,0.35253536164540605
0,0.3393149697806706
0,0.05340235876843456
0,0.16091395393216615
0,0.39575485108840863
0,0.49536130371266723
1,0.794064632022361
0,0.39405860298128814
1,0.5454979565987302
0,0.3513049625219202
0,0.3958402831560965
0,0.2521096310712499
1,0.5526563521240683
0,0.4443487743340748
0,0.23287626484567517
0,0.2916350156268027
0,0.41633733061314165
1,0.7814817983721162
0,0.38435678048863703
0,0.10734206886625433
0,0.33986514548731445
1,0.6848395201777991
0,0.3578926763900178
0,0.4686532790035406
1,0.5460654779457245
1,0.6777381535618691
0,0.44806466978123405
0,0.38532780937956623
1,0.5084557398260883
1,0.5401460231916535
0,0.30876347494167344
0,0.06283944087615112
1,0.6216684418049526
0,0.4564677227316476
1,0.5994173365588079
1,0.5419475188109607
0,0.47447293008412705
0,0.16534241717776746
0,0.4793548774847047
0,0.46889066167598387
0,0.3676790333244046
1,0.5078193200781087
0,0.49306426289675054
1,0.5431789582681603
0,0.39209604946150556
1,0.5205517235060614
0,0.4050088639307055
0,0.29499751759837506
1,0.5795112111310612
0,0.12384545554143168
1,0.5346506690347365
0,0.4305284894345898
1,0.5186755159305414
0,0.30955499106853285
0,0.41239328892676363
0,0.43003863115154584
0,0.40606744609041584
1,0.9708964581428309
0,0.31297496770663813
0,0.019380173294576954
0,0.3840100784421692
1,0.603063216275762
0,0.43270072710039253
1,0.585605528443242
1,0.5060302384913334
0,0.1931516858687604
1,0.5095726499738418
0,0.23265263877268416
0,0.46719386870680707
0,0.20516330589864093
1,0.7523464234082942
0,0.3822998522531766
0,0.242388599347287
1,0.6954669233571379
1,0.5336736683960028
0,0.1021235662902841
0,0.4164223937876474
0,0.4980446325773892
0,0.10359910255048303
0,0.1267348008432109
0,0.44471147479468937
0,0.3609589257290807
1,0.5906394150634527
1,0.5259576669053553
0,0.32714318268563813
0,0.4678021761613484
0,0.33119148155766515
0,0.22627500160355055
0,0.2958164690856663
0,0.4678754228866111
0,0.4351058003596782
0,0.39414871051762007
0,0.3516700450162468
1,0.5426768007432754
0,0.41512249892094183
0,0.2915713422810929
1,0.5518908996473088
1,0.5850248048834213
0,0.3079998426822547
0,0.447220268120797
1,0.5128017534818015
0,0.31458148534244323
1,0.6798249123629637
0,0.48810082639582614
0,0.3391014058572377
1,0.5334240439579703
0,0.4246483268801595
1,0.5320407797226299
0,0.4861084141732311
0,0.36914471378590075
0,0.4530507064037983
0,0.48868117957212925
0,0.4024191252149255
0,0.20159354074620825
0,0.3990816967410499
1,0.5476782666271308
0,0.3344526590463936
1,0.6874652769338041
0,0.3356724986650032
0,0.33189033769344123
1,0.5464600850864358
1,0.5177436214293678
1,0.576917572255242
0,0.446815008232931
0,0.21674591622762557
0,0.4032202465610878
1,0.5101713296221991
0,0.44148301331695
1,0.7615846743863562
1,0.5480492838977897
0,0.34544621052024355
0,0.377397167062357
1,0.5702579475950142
0,0.3335836672979979
1,0.5388366957726293
0,0.24578140232063597
0,0.3519388311151144
1,0.6849952421214458
0,0.4117721679375465
0,0.33018552098010717
1,0.740390344624412
1,0.607765353888454
1,0.5560359328547612
1,0.5644661866356142
0,0.3569071413589255
0,0.34009465470088923
1,0.5377735846510218
1,0.5323915018953841
1,0.6903918222795437
0,0.46954358607580166
1,0.5986298898116174
1,0.5556353395208601
0,0.3183854515629482
0,0.4908738727563761
0,0.38495176986759616
0,0.4348435069506473
0,0.2212568365131567
0,0.4643104037581883
0,0.39777522990741937
0,0.40776378118065193
0,0.4187516408722171
1,0.5708621243893436
0,0.2753622831010817
1,0.7764881384404675
0,0.35362094099892694
1,0.6398920205224509
1,0.7468399744318612
1,0.6718204405931288
1,0.620084600367212
0,0.14667152510819192
1,0.7287890532611703
1,0.5911930444074085
0,0.39962697246744416
0,0.3802777274740489
1,0.6250900864247774
0,0.08050356207175437
0,0.39127421578365784
0,0.3224471882088612
0,0.4147806876349881
0,0.37083435553558614
0,0.26014417231810527
0,0.3730707774296169
1,0.5724589410015648
0,0.24648074193947167
0,0.4961688018188775
0,0.3068931634568923
0,0.3908200342999142
0,0.4009904445896392
0,0.3853887344330187
0,0.4463568739944824
1,0.81467775152467
0,0.21893300694995488
0,0.3475833071112701
1,0.5234841586648067
0,0.3877123784517159
0,0.4750386270504453
0,0.48995799466727746
0,0.3806920251458889
0,0.4224550087539602
0,0.32463220820299976
0,0.32202594561143716
0,0.34413199811873824
1,0.5749919077879073
1,0.5603004631357934
0,0.4405112386021083
0,0.3668912985503578
0,0.3151121770073935
0,0.3437093364480196
0,0.49482450490798474
0,0.45250677388239174
0,0.28886168063794443
0,0.4433009753335744
0,0.40156667265056445
0,0.4322421121557892
1,0.55007403010143
1,0.9192835612614889
1,0.973401779060123
0,0.35534570318024683
0,0.46878837690768455
0,0.49986042878731773
0,0.3310220857023431
0,0.4666350734693326
0,0.4327589258900882
1,0.5127784148954889
0,0.37345506734715805
0,0.25988860155618493
0,0.265975100604022
0,0.17722538653843747
0,0.3732786147619727
1,0.5088711128308875
1,0.5928068598591468
0,0.4135153074679023
1,0.5136503147275723
0,0.4229954191749307
1,0.6719580923050005
1,0.6113879467408693
0,0.45665463004113177
1,0.6210710480946112
0,0.3694056874744203
0,0.17958386494900408
0,0.36731662720384206
0,0.23579769604816933
1,0.6542857859964186
1,0.6129873202627363
1,0.6330808633048268
0,0.37897512951000517
0,0.4497381079148791
0,0.4477553637595882
0,0.4953680330197742
0,0.4681437453780373
1,0.5473388346621042
0,0.39606342275987655
1,0.5295767181646918
1,0.5677543755965941
1,0.7077287405153202
1,0.6567102588872292
0,0.4734283637925818
1,0.5578455279957043
0,0.3875664268544963
0,0.30396590969336956
1,0.519483086028176
0,0.45540847795237555
0,0.2406740272984413
0,0.3902973467202567
0,0.4315159244392255
0,0.2658272419856636
0,0.35567783308376155
1,0.520811654033031
0,0.36337979659416225
0,0.49392773748080676
0,0.2104133668504233
0,0.41774210199467215
0,0.4672781307431341
0,0.2689596518225869
0,0.3309051862599589
0,0.23607452696891956
0,0.291031279359927
1,0.5127262983063069
0,0.203031208725372
0,0.4102944447326871
1,0.6708679684015485
0,0.40752609922066135
1,0.6943095511224142
0,0.28521468038466796
1,0.839275445531684
1,0.6194141471438548
0,0.4005595312123868
0,0.43520939171368594
1,0.5224132205772023
1,0.5208433364543721
0,0.4171409226326538
1,0.5495070330894635
0,0.25889154468220754
0,0.299492585706463
0,0.4853995857092622
1,0.6807377928590019
0,0.45851399809515164
1,0.5892088052228663
0,0.43108356770380535
0,0.47058351077769806
0,0.3112560050492087
1,0.7769666469934429
0,0.430403441588911
0,0.4068514844333055
0,0.3102972618519102
0,0.4028765927758521
1,0.6570465606563269
1,0.5448265820268076
1,0.5953552486517255
0,0.30348063105510625
0,0.36423471600733437
1,0.6747932005821539
1,0.5441044506419529
0,0.16803898643222856
0,0.38896300145851115
0,0.451815600060976
0,0.19913935848506809
0,0.3413610798904974
0,0.3807591729552844
1,0.672248669906143
0,0.25132563614229253
0,0.4474448147731944
1,0.6480652474390797
1,0.6612597218424816
1,0.8355400850304658
0,0.15855927535395117
0,0.04284706397536914
0,0.402175446210894
0,0.35226148449777983
1,0.7157510980761076
0,0.4198856042839105
1,0.6198524212296186
0,0.07411071347886893
0,0.1398529122438295
0,0.3886451122886932
0,0.372860158176135
1,0.5982193159831578
1,0.515610427113307
0,0.27801996901151615
0,0.39919980926101084
1,0.5991465237645435
1,0.6523311448639908
1,0.6224609422273041
0,0.41134446005123804
0,0.38001876182458455
0,0.298534606442421
0,0.40985196476027097
1,0.5165884143613519
0,0.34661084554007693
1,0.5077621091126983
1,0.5535672728716755
0,0.3494571273687455
1,0.6090718773752651
0,0.40376507487840335
0,0.38454876804146576
0,0.49223553313406293
0,0.3075981180233107
0,0.4462761431031715
1,0.5412662592514222
0,0.4330255569486164
0,0.37128688149577577
0,0.4149827738500055
0,0.26569891590269834
0,0.09114256881299221
1,0.5223856389699446
0,0.341278656789627
0,0.30974668533296035
1,0.6118978797552816
0,0.28075354009888326
0,0.424130881331074
0,0.40907269006360714
0,0.49486433105334676
0,0.21327028997811592
0,0.3185196703738623
1,0.6354631688515694
0,0.4883957509960391
0,0.29145244162325173
0,0.4091770198034906
0,0.2655016879168374
1,0.500577703972993
0,0.2891928177128251
1,0.5510653692259323
0,0.13094268788148428
1,0.547024766936923
1,0.5815486855369019
0,0.42528655718221126
0,0.19921327274255426
0,0.446014073465621
0,0.3166034232061928
1,0.6305814495029692
1,0.5485779407104571
0,0.34114464904324004
0,0.46413059145870317
0,0.4986821099445781
0,0.33960214507593545
0,0.32812260674683963
0,0.18017144841784294
1,0.7366885564729735
0,0.15527392644196866
1,0.8787402171134086
1,0.7700742362777636
0,0.3849555029111328
1,0.701118639619893
0,0.4240285162259559
1,0.6470973708155132
0,0.39650953580065507
0,0.137024235972308
0,0.47711425722726
1,0.6101441189194381
0,0.47523638051036343
0,0.4754991137825752
0,0.3988768452065808
0,0.47631677502959335
0,0.43586922173627235
0,0.4468138662323102
0,0.32602164904242253
0,0.45987725313262895
0,0.3684792210132626
0,0.37532214440929534
0,0.23492415878671324
1,0.9335617080452406
0,0.36616146510370345
1,0.6155095602229894
1,0.5005306201462136
0,0.18678417203355405
0,0.22641127179524398
1,0.700573874021375
0,0.48320351230060793
1,0.6750016045685837
0,0.13648413608467236
0,0.34502790220631324
0,0.22972176751985138
0,0.46387720677569005
1,0.6324470260346707
0,0.40800324076098077
0,0.48660378386064584
0,0.3066172438525856
1,0.6256694542131035
0,0.4488065940821552
0,0.4383168071441119
0,0.43268883592748114
0,0.29751079275968945
0,0.36350397614003943
0,0.44117857171408903
0,0.26100894028875776
0,0.3784197070135623
0,0.252188925994293
0,0.06751070941035017
0,0.46780720120299474
1,0.7580156151664675
0,0.3996193362043604
0,0.3732058862227184
0,0.3853576878622746
0,0.39323135049811986
0,0.10732978166202864
0,0.33700366506935786
1,0.5336604276548882
0,0.4125863648088595
0,0.1624779962202391
0,0.15823160625100086
0,0.46219144510291355
1,0.5170788231545964
0,0.2615006669787715
1,0.7379883624325292
0,0.37777901225232646
1,0.8156537371743444
0,0.4253462045843258
1,0.7153348391570586
0,0.3289316561979252
0,0.3599607801666371
0,0.39054293174464383
0,0.24132028642132744
0,0.271639340341822
0,0.4559864989668597
0,0.46315387126013885
1,0.5440150662916603
0,0.4136091596713159
1,0.7203246750365099
1,0.6741837723958194
0,0.4493106733256401
0,0.30895538308931486
0,0.2724110250435592
0,0.32973480966741936
1,0.518762295593456
0,0.2649881372211965
0,0.4673877371460298
0,0.42735352135422355
0,0.3238240039304041
0,0.23435323010800393
0,0.4569657296463213
1,0.6559924592886807
1,0.6556583552695213
0,0.36279094873542034
1,0.6960903202709328
1,0.7953144684047442
0,0.3526309511964355
1,0.7331174999143848
0,0.46848487003722433
0,0.31797091546228384
0,0.43665580884426797
1,0.5785081352127914
0,0.24604656375920134
0,0.39385041359248857
1,0.7255188258985579
1,0.5427217984427258
1,0.6937214449827613
0,0.38335936142876476
0,0.48426139469296275
0,0.3908540982525819
0,0.39409857031823187
1,0.6619713419050726
1,0.6993811604785626
0,0.31979260154320777
1,0.5737186192851041
0,0.32421070100866617
0,0.25625588418778145
0,0.46865943223872497
1,0.7086418221533989
1,0.698739770347716
0,0.4929013305453186
1,0.7056427187653656
0,0.1760283069824232
1,0.6780642036830521
1,0.6029946411804887
1,0.5227100448004018
0,0.41852997333130537
0,0.34855420666218995
1,0.7091119376254341
1,0.8282477715775012
0,0.4958566806745118
0,0.1461516240634246
0,0.23989086559669362
0,0.2580573534437566
0,0.4630275868307777
0,0.2204521501605195
0,0.49707873046062684
0,0.301432995083213
0,0.46326882833030264
1,0.5590475529085775
1,0.6744127205962944
0,0.49906546352578834
0,0.3705489688707189
0,0.42724520497543733
0,0.3201593719724517
0,0.34885495934770383
0,0.4522104710298366
0,0.3804345612319328
0,0.4751739454517653
0,0.09878485082260478
0,0.48928318005338983
0,0.41395452496852064
1,0.5687471398244952
0,0.23665795457832667
0,0.4843371557349533
0,0.42226770120271795
1,0.6231301576915166
0,0.22344183214122915
1,0.6605701453620467
1,0.5207696036759025
1,0.5126676453729984
1,0.7022597619466161
0,0.3849339387674765
1,0.531027319850306
0,0.27166484699084403
1,0.5071689683794648
0,0.2775109931053683
0,0.2516487863363575
1,0.7315176747754757
1,0.5739741200105426
1,0.6248248492906827
0,0.40976447320854603
0,0.367378803146864
1,0.5107694939243359
0,0.4119755060246153
0,0.4422940826469878
0,0.4538599892701125
0,0.4411159642969019
0,0.39815943376845836
0,0.49148838519478016
0,0.31688328311233205
0,0.35865091895609896
0,0.2835101242742486
1,0.5074996839834798
0,0.23769845400240905
0,0.4569579038226363
0,0.4972222675512284
0,0.32323095478494734
0,0.4524551836153209
0,0.19759682725905606
0,0.46499152772670344
1,0.5035104971420896
1,0.9617098992234396
0,0.34122013602446993
1,0.5857290555523555
0,0.21942956489659607
0,0.44111334607886366
0,0.3462649302740914
1,0.5586777496884918
1,0.588022696969616
0,0.16993696754069135
0,0.3602534143334182
1,0.5272658724605551
0,0.31484080777568363
0,0.30983576627398046
1,0.6071573843707799
0,0.21622662385721106
1,0.6651256123668073
0,0.45575694920536336
0,0.47379137054685355
1,0.527426311400678
0,0.45162557870273573
0,0.4848309333546742
0,0.3746451859514753
1,0.59968250045691
0,0.3378626343210848
0,0.4012066758640701
0,0.3416063830007754
1,0.5529119067106241
0,0.30219300612670785
1,0.6518977569484079
0,0.33425542461228197
1,0.667078251804659
0,0.28732715164062483
1,0.5565067099857095
0,0.30740996339975774
0,0.4449242815805432
0,0.4576569508602683
1,0.6072959029367632
0,0.4767319202774353
1,0.6880407991047491
0,0.3767136783946153
0,0.48369948847622535
0,0.24645275939220515
0,0.3679910066694369
0,0.1141303269789358
0,0.47204381913943194
1,0.8276193168908815
0,0.06579635318784413
0,0.29446126710331233
0,0.3525630895135168
1,0.666055229081426
0,0.43812198338315267
0,0.44932972108250474
0,0.30913307855885025
0,0.4515828854229784
0,0.30927197489619107
0,0.3587628383346023
0,0.2677565411947536
0,0.3102674532805251
0,0.4756167750784317
0,0.3932976018765015
0,0.4119132488313135
0,0.4929232335869261
0,0.3266126540068519
1,0.7542296778375496
1,0.6455947293964288
0,0.17759877946449387
1,0.5035610554290914
0,0.4466180425603033
1,0.5131035124007882
1,0.5053006101450331
1,0.6102215418807005
0,0.49257239099323885
0,0.19650144742522854
1,0.666287835861686
0,0.24001858971715015
1,0.5781846386753807
0,0.44530420308179763
0,0.49548816572922116
0,0.3366267235267552
1,0.5745695816449021
1,0.5073020861185531
1,0.5157509877293293
0,0.2670352057503055
1,0.52057590255001
0,0.08950010334457649
0,0.4056528760566067
1,0.5793725150756802
0,0.29628102017710334
1,0.5448757057698347
0,0.2685503435526026
1,0.6551244214945776
1,0.7558707068621775
0,0.30914353019760915
0,0.35739067550727144
0,0.46924898064049375
0,0.47822578561986834
0,0.32129202736376494
0,0.026391638621003112
0,0.32014594433366506
0,0.44377809346354397
1,0.643754853598976
1,0.5191133816481921
0,0.34505884221340505
0,0.32003414313901474
0,0.45829923257135724
0,0.3766025814435295
0,0.3642317815055857
1,0.6429981943969335
0,0.16914716750252753
0,0.43419382399095263
0,0.3822143001378851
0,0.14918166519570708
0,0.42112089906925027
1,0.5920287661255814
1,0.7640998897710394
0,0.31019784642526704
0,0.36313511998503273
0,0.4943825562730356
1,0.6349300044885992
0,0.37111355372267635
0,0.4687828329898314
0,0.4939450541371347
0,0.318321736497053
1,0.6795602873588868
1,0.5568808692294726
1,0.5180505027235269
0,0.4152503137268927
0,0.42142027315514324
1,0.5649986110000301
0,0.4067002531949487
1,0.5470299419294359
0,0.41364393657997456
1,0.5403859814995812
0,0.4155216076672012
1,0.5220582667486456
0,0.32934207552844746
1,0.6347843954863537
0,0.17850146672986247
0,0.34548665078130797
0,0.26651499416182883
1,0.5093268262284115
1,0.5136034861191758
1,0.6436083054016923
1,0.7395513758256639
1,0.5906530865730448
0,0.30497853121350393
1,0.6116636358259472
0,0.1790486624386928
0,0.4550983312178638
1,0.6168886410807498
0,0.42690127713819725
0,0.38271845790112263
0,0.4947197106103573
0,0.42349821258800285
0,0.301347710663528
1,0.5290902650524174
1,0.5218639359733679
0,0.3763267404335786
0,0.46515953804860966
1,0.6128226110477172
0,0.28508244939548205
0,0.2536871175001937
1,0.7311394203962267
0,0.3906607951401518
1,0.5513263478129168
1,0.6035415345964182
0,0.36445193988760133
1,0.6819006383211431
0,0.4662214214887935
0,0.3138121307007774
0,0.15073866978443656
1,0.5174064850266472
1,0.556871014846008
1,0.623834744918089
0,0.3623452573146558
0,0.39995328222833626
1,0.7039119250521578
0,0.07524718352506751
0,0.45965228393232116
1,0.507333923957461
0,0.44432593161162887
0,0.2738848672287596
0,0.27289435603984197
0,0.294579208389341
0,0.44959352974418093
0,0.38521014140213256
1,0.5412717381097824
0,0.43330780888137677
0,0.3085143826623876
0,0.4580156433229583
0,0.18883976881857564
1,0.643954619430524
1,0.5632688589080272
0,0.3622338096784212
1,0.5192557553704672
1,0.5158289608314821
0,0.3317989110359484
0,0.18031899760756342
1,0.5151651294066291
1,0.6358329847690776
1,0.7022325916848572
0,0.4283081784299364
1,0.5416547262993721
1,0.5391376208276504
1,0.6769710206543189
0,0.3772438310809044
1,0.6136785133810447
0,0.34839997989129057
1,0.5886690834065735
1,0.5278742657918447
0,0.2624485440280003
1,0.777685687572812
0,0.45145723391754367
1,0.9618646433523403
0,0.42688580990410363
0,0.47876858684797746
1,0.6814386430135199
1,0.5101801919849402
1,0.7137781476609196
0,0.4125734383049646
0,0.4009845674593698
0,0.42514860177095737
1,0.6117250839667203
1,0.6307782631404814
0,0.43585111683803074
1,0.7064212579578558
0,0.4597361585544407
0,0.4109495723104507
1,0.7506248821800842
0,0.30051485123242366
1,0.6836978129708916
1,0.5153485193051286
1,0.5229206867452336
0,0.2788727509822241
0,0.34259480787607016
1,0.6895456833861532
1,0.5948904026652256
0,0.28064009853694993
1,0.5143703279262254
1,0.5751681422248703
1,0.6129034610579422
0,0.3428477621344599
0,0.43116418720983735
0,0.45070008698147734
0,0.44985926980339197
0,0.1569974671875051
0,0.23169353441836146
1,0.6558672086109721
0,0.4278408562804165
0,0.38633369415955415
0,0.4013667820080271
0,0.37638823448746006
0,0.2822684439207629
0,0.2457118789158472
1,0.967018875397228
1,0.5998709180315307
1,0.5119702227405925
1,0.673612654667927
1,0.6195489155830194
1,0.5431035745862551
0,0.4088176708927514
0,0.337571196442563
0,0.4823926282322931
1,0.7520171310233073
0,0.47424687918852526
1,0.5006762029780645
1,0.6042718031603224
1,0.6579576373444651
0,0.44208145758564144
0,0.4247470310684307
0,0.29418974544673493
0,0.49789729933812227
0,0.3997736946026715
0,0.27314227489647264
1,0.6045572575812429
1,0.6349553957715239
0,0.4736933496744175
0,0.4272288327248715
1,0.6863152924409723
0,0.3661026111292799
0,0.44399871999688206
0,0.2746760213614271
1,0.7161694788897808
1,0.551382211654087
0,0.29823358368512687
0,0.3146744616691506
0,0.4455544166820779
1,0.5618054639871156
0,0.4144455681580823
0,0.44278462767788157
1,0.7344790782589743
1,0.5203647228646266
1,0.6012790589302988
0,0.4732110817753987
0,0.41125138462046634
0,0.4302502735939231
0,0.3829585212361483
0,0.4410602996100712
1,0.5224277604351966
0,0.4895621909232205
1,0.610759236628355
0,0.45948564902729216
0,0.3496670984593757
0,0.4738260681737954
1,0.7746318774395835
1,0.883627321396045
1,0.6218596855894925
1,0.6633184613839994
0,0.3906443835881376
1,0.6803944068073461
1,0.5027267134807804
1,0.5798645804326564
1,0.527266019344027
0,0.33213298197544266
1,0.6979900406356809
1,0.5547811518191051
0,0.4335681029910433
0,0.4402373653444332
1,0.5717205111725846
0,0.28840533428491905
1,0.5380594097951698
1,0.5442894489421376
0,0.49012571636530633
0,0.4118723237772368
0,0.46904634184263067
0,0.44350796226845507
0,0.29026937009028675
0,0.33470750288881523
0,0.32688428393238644
0,0.4586461413515698
0,0.3240039579547188
0,0.2220406174783829
1,0.5833937681881942
1,0.6741042793471278
0,0.37616434210570615
1,0.5827821799248631
0,0.2965666440983114
0,0.26574587725539994
1,0.5589333977207727
0,0.45499455666132754
0,0.4797198874093302
0,0.34094198973188344
0,0.4835952071766887
1,0.5594123056482219
0,0.4291770221468706
1,0.5256340929236536
0,0.3656779041471701
0,0.3283893209511598
0,0.3143561920911697
0,0.42556206989788126
1,0.5355585845813291
0,0.40028148944370245
0,0.26190393152887104
0,0.3476184150014806
1,0.518600232658259
1,0.8101965169705138
1,0.5935963345089272
1,0.7514409785712546
1,0.5377648434757396
0,0.3892068607087024
0,0.18941598859016473
0,0.49494025648744516
0,0.4131166235090715
0,0.3565202990716472
0,0.382638524602294
1,0.6308472757260118
1,0.617232068264576
1,0.6426159876897715
1,0.7477573637949353
0,0.279157523795196
1,0.600300874530534
0,0.39104213200185617
1,0.6407166564265532
0,0.29040691700162075
1,0.7581672208314867
0,0.14946913248818278
0,0.3329763868946867
0,0.238744069456956
0,0.35844928654909664
1,0.5241781084301043
0,0.3895529233243774
0,0.40709280973038503
0,0.497970655667189
1,0.8223968962987778
0,0.4820200228316115
0,0.39850034973044013
0,0.31091245532474443
1,0.6469667169159885
0,0.4082014396270391
0,0.4243598349310806
0,0.34135726339279393
1,0.7019196969138555
0,0.4164839357456772
1,0.6810529691815388
0,0.4149478270441709
0,0.44156471955289006
0,0.35850176185269905
0,0.39824167242506847
1,0.6532396018980434
0,0.4719166999958883
0,0.4087393392287094
0,0.25597324190739434
0,0.4304486542388247
1,0.7186321463295419
0,0.3097492329854768
1,0.5505966979719703
0,0.4538540990297267
0,0.4449182949818707
1,0.6819745072282599
0,0.483074142426063
0,0.4312337181452946
1,0.7178770893092432
1,0.5506207917331445
1,0.5186923024962578
0,0.2808762155944659
0,0.4284994242057726
0,0.36041599757774817
0,0.44513304618269545
0,0.44512649287860767
0,0.3478703331210537
0,0.34079265058719294
1,0.5829970730506704
0,0.2489873218578493
0,0.3471537924720676
0,0.17084714925967637
0,0.38780445069925445
1,0.5672147488202608
0,0.14601428695728
1,0.5168713016636872
0,0.4633082016323768
0,0.3547670861683831
0,0.3909594061283309
1,0.5179626485965766
0,0.3163196193481142
0,0.37893904594857447
0,0.4648131274153548
0,0.3489311046982073
0,0.2865470311355515
0,0.1435125496976399
0,0.34463543038887623
0,0.46679341326838397
1,0.5823057754004282
0,0.2986234685146347
1,0.6391367520996322
0,0.4435710875539231
1,0.5513553272133852
1,0.5901351920440202
1,0.7483765327184833
0,0.27617935495873275
0,0.39318897429778815
0,0.3901295916617699
1,0.7317504756688561
1,0.6262637206291503
0,0.36961264459489507
0,0.34254737495652005
0,0.37204341618403364
0,0.4717529766328337
1,0.5669835965502844
1,0.5284610122741644
0,0.3885056759557415
0,0.3487232473479333
0,0.34537868567654634
0,0.3023552141173166
1,0.6328050558931677
0,0.4029155267014646
0,0.3421379872253778
0,0.42065527353297055
0,0.3794675822358885
1,0.8184795993800379
1,0.6222110963082983
0,0.3262245253365144
0,0.35115615732177846
0,0.3067361492867661
0,0.3728149451470663
0,0.35024994777340257
1,0.5686511310006374
0,0.385057679436448
0,0.36558368101411987
0,0.4449477897902481
1,0.7237832397228495
1,0.648115864907674
1,0.7020308278385775
0,0.486912180477029
1,0.7729281002777902
1,0.5677307441997363
1,0.5472245040327233
1,0.7592165976721555
0,0.37507130070298456
1,0.5383279163333591
1,0.6227729865574814
1,0.7502610076330615
0,0.3714144498328074
1,0.6461285099997026
1,0.5572638615832166
0,0.360699198270337
1,0.5520389426849445
1,0.5845985928773785
0,0.33884100321593974
0,0.4196879378411366
0,0.39553541510665424
1,0.6925922073344404
0,0.3023714491716942
1,0.5664259725297617
1,0.5322183164893101
0,0.4128398767579695
0,0.26945037140495154
0,0.4620189305674789
1,0.8383593357599841
0,0.4706385113429958
1,0.5800999962563755
1,0.6013009452868738
0,0.4057841860615012
1,0.7106013869064377
1,0.5832271398796235
1,0.5216065780776293
0,0.3451178900514931
0,0.379102638665444
1,0.6186930478732429
1,0.6506113052008475
1,0.5247498120111772
1,0.6643587893475578
1,0.6511746057325614
0,0.46317258906761266
0,0.3125777178702822
0,0.34216520469980255
0,0.3945815352190458
0,0.4456654267810742
1,0.6004837450918025
0,0.3213082070766812
0,0.39042035365021394
1,0.5600557417504869
1,0.6270424571159362
0,0.25218481633344797
0,0.4994909627964151
0,0.2539120921089532
1,0.8240723755798426
1,0.5737978408607691
0,0.33391665825261624
0,0.34644570750747194
0,0.3070710987808848
0,0.3265386909594334
0,0.42843502888711693
1,0.5764669978402944
1,0.804342098482328
1,0.7941367646548468
1,0.6163236574693984
1,0.6201238143655353
0,0.20959936067230747
1,0.5353497232603968
1,0.5925745023597115
0,0.4671811254220476
1,0.5359522609845423
0,0.45276018064931794
1,0.5752299486431913
1,0.5059885789763047
0,0.32212294697058397
0,0.361499712784286
0,0.448279970906476
0,0.43476362739819213
0,0.2467055620446194
0,0.3239608420114326
1,0.7694814932715409
0,0.42734075079188477
0,0.4854898482265238
0,0.2996523249860979
0,0.42539900759108534
1,0.5166968959901356
0,0.418644826383043
0,0.3270261742351552
0,0.4252877772432458
0,0.4442297219009072
0,0.38545849853590775
1,0.5378596815686534
0,0.4163075149660099
0,0.4191001671985253
1,0.5364777614326084
0,0.4510491691386803
0,0.23470424019065964
1,0.6142622091865364
0,0.3357922451907652
0,0.307255190302109
0,0.4716246380651355
0,0.3954922548561927
0,0.10655093549318473
0,0.34871867279231467
1,0.542628263184742
1,0.6177983086062607
1,0.6653158135072299
0,0.47130826136677234
0,0.38981560771406215
0,0.4092885361335557
0,0.4011171847624199
0,0.3384336527151561
1,0.6912799876341775
1,0.5140157559654686
0,0.49536315006230736
1,0.7153138492722173
1,0.5524264958614747
0,0.4345824854130048
1,0.621421173980229
0,0.41053102241643563
0,0.4400582228789315
0,0.4494168043229602
0,0.47415499570163616
0,0.4419867801640161
1,0.5130187565329954
0,0.497894820662157
0,0.3516947869114747
1,0.5306549719298067
1,0.7940608882565463
0,0.3861497684220985
1,0.5950989637555792
0,0.47383572998413565
1,0.5103723681622157
1,0.6682099513276513
0,0.4170503844246967
1,0.6365788492421546
0,0.16176222680042887
1,0.6086726078972332
1,0.6004693542704264
0,0.48393675967463984
0,0.21235328330341507
0,0.0882660828991583
0,0.3156940868684593
1,0.6515385199048428
0,0.1796558215705
1,0.5144473982642329
0,0.4787576330041609
1,0.6292636257211707
0,0.23081700962614468
0,0.06893216427195972
0,0.4125612795963719
0,0.3828074695130869
0,0.4039458927605464
0,0.3756353307107691
0,0.21102174170316662
0,0.3944803181553349
0,0.4512239890654836
1,0.9811189501106351
1,0.5312674681233563
1,0.8377323619665415
0,0.36437909186477474
0,0.3051730598245074
0,0.37582011767421664
0,0.4933396559073664
0,0.2966635434109186
0,0.3830151711202425
1,0.5792614343490808
1,0.6193580035477879
0,0.4294240034619512
1,0.6152246293359475
0,0.31571334495157255
1,0.525772104398605
0,0.34245534982489245
1,0.7636353790415628
0,0.32450784034115177
1,0.5342390592161508
0,0.41871969682412896
0,0.33849262819476006
1,0.6351280072444723
0,0.4372230379984511
0,0.26286311881054664
0,0.2865893443761068
0,0.3051512823748773
0,0.43279111941037557
0,0.4937590348398229
0,0.376195627082738
0,0.43391579245845124
0,0.48875983015307795
0,0.456768695029684
1,0.6634428517010929
0,0.47357483773978487
1,0.6033940016931765
0,0.23055461755744033
0,0.40212072883363326
1,0.5541350555773298
1,0.6161815722027367
0,0.4401775999321884
0,0.47813142385604845
0,0.49270131720629023
0,0.2527745059160144
1,0.50444247968839
0,0.35976153086307106
0,0.35850876550510213
0,0.38988685259600314
1,0.5600061082921787
0,0.38244699934788656
1,0.6470206389191683
0,0.41576221706815486
0,0.476249836072809
1,0.542410308636219
1,0.6775386834459415
0,0.4464045109799889
1,0.5380115214273056
0,0.47010917793310375
0,0.43706613953860496
0,0.4291128826804151
0,0.17685756704261762
0,0.41007408941180834
0,0.3955809804287225
1,0.55699966855178
1,0.5134324843869289
1,0.577039478453632
1,0.6715487371050092
0,0.3368234343594906
1,0.593978294972156
1,0.5602806821398227
0,0.39236302794505595
0,0.1708439460625508
1,0.6237072534294192
0,0.3699980375520095
0,0.3610793829332207
0,0.16440951019711325
0,0.3392254345126176
0,0.46505492005491145
0,0.2622253170786389
0,0.351109192570237
0,0.4651751644487475
0,0.3411418377365984
0,0.30521460777560616
0,0.46028681588984743
0,0.34060768634872757
0,0.42410877475199055
0,0.37971840291325815
0,0.4779088612790042
1,0.8392830842896472
1,0.5323957757022139
0,0.46755333300449586
0,0.37460910607400677
1,0.5782760975172655
1,0.7149110749316051
1,0.5689396685362681
1,0.5495637181721106
0,0.2650669552583518
0,0.3658256454363896
0,0.2153719162543441
0,0.3847576701704124
0,0.27078038589025216
0,0.455666068999488
1,0.5615757762436994
0,0.2973305550851005
0,0.4478101823181963
1,0.6070005640871645
0,0.41272654659697605
1,0.6197153368436741
1,0.5538435687233395
1,0.6688758032239709
0,0.4573913688815974
1,0.9360025956221353
0,0.34388350822748287
1,0.5131003903021095
0,0.2764237218682092
0,0.44995736014903226
0,0.21064747528856925
1,0.5247876395455638
1,0.6546511342869556
0,0.3716058699203785
1,0.632815470531883
0,0.42656197454052314
0,0.4423277634608799
0,0.37337687702809885
0,0.48192846688900637
0,0.45307562759872566
0,0.4318601047591295
1,0.5841882564467411
0,0.1876899450864449
0,0.4138136845061574
0,0.49024090958947003
1,0.895407273505323
0,0.35628206497672543
0,0.41185383829997724
0,0.4506457483492112
1,0.5439290075843716
0,0.2817845806416043
1,0.5403977296287414
0,0.4447608189089219
1,0.5155720953869558
0,0.4006656768324334
1,0.6085264312471079
1,0.7448206236286474
0,0.416926875228426
0,0.4721018874773879
1,0.5264651042772743
0,0.4495368295411177
0,0.22207718899447546
0,0.3472946171803332
0,0.33869162705963285
1,0.9103104149309356
0,0.41202018043297034
0,0.4300335432301301
0,0.43874457544126894
0,0.4212545618302491
0,0.38670424352612337
1,0.6469037831716857
0,0.49720536068116405
0,0.3605421962423353
0,0.2653593902307151
0,0.42205546601406957
0,0.3631211526088362
1,0.7108136588104097
0,0.3094058417982574
0,0.4032061645293579
0,0.21377191030340292
0,0.47622626203409774
0,0.2925829409201721
1,0.5542238191185708
0,0.28941254269832406
1,0.5348708059330926
0,0.2401509695137685
0,0.4761233648052147
1,0.5090465338428161
1,0.6399766390363154
0,0.3451187303861697
0,0.42062051472990886
1,0.5540056409269917
0,0.3345584826805242
0,0.36574683883437226
1,0.5058151220809786
1,0.5833463709683882
0,0.4446814222264644
0,0.4576200412243669
0,0.21945973207185812
1,0.5284522838880458
1,0.5562927123494448
0,0.364090594542053
0,0.4008744258828391
0,0.34558979894430175
0,0.07795141292745031
0,0.4428122187161763
0,0.3578310267442208
0,0.39874609968665126
0,0.4983446285305142
0,0.44334817214453104
1,0.830273916072513
1,0.9509857441482684
1,0.6960876534795462
0,0.47608421583552446
0,0.376962970875535
0,0.3495880325761269
1,0.5729608157834782
0,0.24677881298443266
0,0.41964523237548057
0,0.2812548804571745
0,0.3284004110240736
1,0.5873404891319334
1,0.5816838437203411
1,0.6649068492690567
0,0.4359788820168853
1,0.7307924338449622
0,0.4660773077822568
0,0.061884038870184024
0,0.48927236789696904
0,0.20121797582368597
0,0.4531075623781152
1,0.6703060503728808
0,0.31485921047731985
1,0.5271179886702089
0,0.3370178074968467
0,0.4575441143738028
0,0.378207283598997
0,0.45452703151359464
0,0.3262719760004966
0,0.07710513093415455
0,0.49625921787514543
1,0.5653974905626571
1,0.5396670751712068
0,0.46686642386050964
0,0.3475294599323201
0,0.26405730008487516
1,0.5497106273214744
1,0.5991058596559516
0,0.4222457454392195
0,0.43754775179270483
0,0.4568436672115891
0,0.2282167263345359
0,0.34767285986251617
0,0.42500402803063325
1,0.7274372555876015
0,0.35917081795119876
0,0.37299343031625115
0,0.45105713059478586
1,0.5384933629324158
0,0.23862161321231426
1,0.6830676448771978
0,0.4494109515808649
0,0.4573621370547888
1,0.5588462596767881
0,0.4539762780201365
0,0.4503068225154953
0,0.36979142323797903
0,0.39301094241813
0,0.4440698769529403
0,0.38555583108640346
0,0.4645656863840117
1,0.6993612627018198
1,0.5614040062641026
0,0.4953377388019276
1,0.5085558492422024
1,0.732174480955799
1,0.5802134005170577
1,0.6765085280863811
1,0.6034161557947065
1,0.7059322594827938
0,0.4418342392317129
0,0.28447957641990895
0,0.4235793847455136
1,0.6290649279649934
1,0.5262751646715367
0,0.396471417775861
0,0.4702094311329317
0,0.2045531403960134
0,0.13308926426456688
0,0.41496045056148045
1,0.8561676597011252
0,0.47992306245274313
0,0.4309561293400905
1,0.502609484599284
1,0.8320589420736338
0,0.3382501099328538
1,0.5811717478221324
0,0.49469544564002715
0,0.46693646626013435
1,0.6075508280139209
0,0.32151230288975113
0,0.41283917905168194
0,0.4156381609838911
0,0.4306466119916747
0,0.4179481736407858
1,0.7978154869123906
0,0.42754463809175913
0,0.3626480923341149
0,0.2450496084561077
0,0.2316183458073351
0,0.4114193841431257
0,0.1265395330163571
0,0.4588270793276662
0,0.4515108119996739
1,0.6030050117925333
0,0.31533810154154185
0,0.41204336845760087
0,0.4798280291165156
0,0.42621114586512987
1,0.7711450749885895
0,0.4601390436198666
1,0.6954063105183814
0,0.4068236635262971
0,0.1768330223247377
1,0.5042527568889622
0,0.3402334278471463
0,0.47806889865128244
0,0.41606308726218544
0,0.20557767846187294
1,0.5352015281046439
0,0.3986644240715786
1,0.5589059047817452
1,0.74122223275519
1,0.6392114186480108
0,0.28628167433302465
1,0.5002219587733616
1,0.5002974852456261
1,0.8154411271416919
1,0.517232888418029
0,0.08810453889459056
0,0.27195566242786817
1,0.7948626526813178
1,0.530659911745776
1,0.5240609831995153
0,0.3979272141540528
1,0.5753558210471744
0,0.48541081170394895
1,0.6300870345587413
1,0.5007773961794645
0,0.37758172944488166
0,0.3940171399103281
0,0.46759227698164546
0,0.38077741145540994
0,0.3785103936697389
0,0.3418291234019526
1,0.6403869176684468
0,0.42309007338161025
0,0.3645016030356928
1,0.7143508678816478
1,0.6352898528941335
0,0.1573140134639642
0,0.4503370375778394
0,0.405810008469157
0,0.43579145576855716
0,0.29422272913733716
0,0.4076226562562886
0,0.33324655523344077
0,0.36909460945177086
0,0.2688257897447143
1,0.5130909113326562
0,0.4605049176829542
0,0.4923892383288937
1,0.5339309504311149
0,0.38507363163361863
1,0.5467207848462629
0,0.2038837198501548
0,0.49131736514738134
1,0.7048153265305491
1,0.5609203709997133
1,0.507322445402665
0,0.42373148605498334
1,0.6936262057334561
0,0.4925630949928076
0,0.29022625491151843
1,0.5176886775997837
0,0.492935021412139
0,0.3865453360210786
1,0.5788898069975041
0,0.4330206523891331
1,0.7738812308670939
0,0.35964773135481326
0,0.4826466963856177
0,0.39989841711333174
1,0.5108916652964988
0,0.464942617340729
0,0.4436052105747446
0,0.14622463148607645
1,0.6295919449244093
1,0.6899730921485158
1,0.7296983224967721
0,0.2406253880369292
0,0.3794619218208104
0,0.3039321746840112
0,0.09553941482291714
0,0.3623541043422409
1,0.6916575886560719
1,0.6218875274709937
0,0.3006160872525926
1,0.5222818852867549
0,0.31989191805130635
0,0.4834697043539402
1,0.5557175838257836
1,0.5072365354468419
0,0.4026504227453903
1,0.5785721231561046
1,0.5352041896888682
1,0.5823529244526949
1,0.512079666559031
0,0.39803819000435786
0,0.4521997662882242
0,0.2693475995892948
0,0.4483101868421523
0,0.4359022823473513
0,0.4634153126947948
1,0.5950069511085653
1,0.5429591821510308
0,0.26510504308265265
0,0.4180968195698837
0,0.3248173315943786
0,0.33051354268826955
0,0.36643927788069797
1,0.9115986619139671
0,0.4817916943534849
1,0.6744951592133405
0,0.30878602678954964
0,0.3511178430782892
0,0.295136847600315
0,0.2208787831043766
0,0.39945304007076343
0,0.43178591812422235
0,0.30911806851976564
0,0.15129925175313563
0,0.37468401779416427
0,0.4000079829733306
0,0.15577008437239143
0,0.41805179086036226
1,0.6565735175431557
0,0.44200412316770865
0,0.29761737489063145
1,0.5724374290649686
1,0.5591527844114984
0,0.33170533277905034
1,0.6930594519716926
1,0.5400666543056742
0,0.4245460135156676
0,0.3834626390202606
1,0.5032083059371825
1,0.6614673840176672
1,0.5917671958683868
0,0.47555166600971505
0,0.18794180659927232
1,0.500353545540571
1,0.6613285431499762
0,0.4824086194552535
1,0.632256298614554
1,0.9268725650844736
0,0.3493105808538642
1,0.6662624576385769
0,0.4227550115236713
1,0.5246849381767159
1,0.5729372129255046
0,0.4537074577482078
0,0.47608455021583307
0,0.3507472719611821
0,0.2547733330731817
0,0.36124107206908745
1,0.7188142798653085
1,0.7032322674956548
0,0.26609208649638555
1,0.6690963670039043
1,0.5738861281660549
1,0.5247695929524747
0,0.3683273807734635
0,0.4136931178310752
1,0.8119546548479339
1,0.5591013958879539
0,0.41579204950856896
1,0.5101392698358276
1,0.5268756155515653
1,0.6979188712227413
0,0.2139704235387663
1,0.5313042577995738
1,0.6097019062675078
0,0.3723085342009986
0,0.32724829952795137
0,0.2933008191015585
0,0.49581971208310693
0,0.3963121343676552
1,0.5741974107445704
1,0.7558477087508535
1,0.519099952782486
0,0.47178922195861495
1,0.5523206793144105
1,0.842226590076356
0,0.3567691948090677
1,0.5416232788087113
1,0.5742830206265257
1,0.7295225090432327
0,0.3977950600127853
1,0.8017041553461604
0,0.20359658335064942
0,0.46167055366198717
0,0.21286354519009856
0,0.28835914967185083
1,0.6063811017802049
1,0.5619787230863323
0,0.27184887567792215
1,0.5699434441831127
0,0.35353186553700444
1,0.6220508434086146
0,0.35037675922954215
0,0.3724220745431333
1,0.6282371355580025
0,0.3211167900004699
0,0.4644694639240682
1,0.6645286040647036
1,0.5808480667667866
0,0.21708840919284725
1,0.7355302554927245
1,0.6951554792583776
0,0.44006094755810793
0,0.4554388749298816
1,0.7017930365560019
0,0.0830818646331125
0,0.4751278921007075
0,0.29407820038819277
1,0.5719810960096914
0,0.28089415579377813
0,0.3608313913977825
0,0.42546207646797884
1,0.8142641670838078
0,0.41495385561890724
1,0.6584867468251708
1,0.709839948056181
0,0.42444930108284046
0,0.379762561915967
0,0.2808989307994658
0,0.47057564235626836
1,0.5012440321483852
0,0.2457172937828227
0,0.4670381653801046
1,0.5468601478760327
0,0.45314184602843255
1,0.5600962241002059
0,0.43998833803756676
0,0.48549141373264576
0,0.4412093493503364
0,0.38666856534698774
1,0.5617981964674131
1,0.6249287800068715
1,0.5060613311429345
0,0.37052751350620505
0,0.3618682871132338
0,0.3689501506128263
1,0.5379067271640596
0,0.1714641171774019
1,0.513206049750599
0,0.3331735021944719
0,0.10765278612117145
0,0.29614459874364474
0,0.2518877667048516
1,0.5318437903061225
0,0.34715840524217356
0,0.3410967366618393
0,0.35594444152975363
1,0.5569579624387699
0,0.43725244131953883
0,0.40175806269592507
0,0.2076532094916383
0,0.29510429517189546
0,0.24723188254999126
0,0.4434278905797785
0,0.4776567080846566
0,0.38613845518307405
0,0.19592188221339246
0,0.32111403931265375
1,0.5967684318668094
0,0.4919818234673078
0,0.39619962096176936
1,0.7917685691221498
1,0.5853895820481511
1,0.6852563662078133
0,0.4088113648832242
0,0.4439769263866838
0,0.4145368615519856
1,0.6734871482260427
1,0.593533071498123
0,0.35319346871579904
0,0.3114532168322774
1,0.5088821869142899
0,0.3534586677639586
0,0.3744643250713539
1,0.5649575585237904
1,0.5002472960565599
1,0.6024152893302092
0,0.3082903567858732
0,0.4773440886630835
0,0.42065365275238126
1,0.9019621984042194
0,0.044822690019185714
1,0.5535902776342578
1,0.5602901943078125
1,0.6447975750161512
0,0.1650722134676624
0,0.29370878274754597
0,0.3801457886589779
0,0.4884550902170229
1,0.537630681480839
0,0.43572699856054364
0,0.40649343551526385
0,0.4473370068450252
0,0.32338911464362147
1,0.5966212997862492
0,0.27021371202825356
0,0.22485556839487794
0,0.3686417460349469
1,0.6079348412857276
1,0.5691121635083995
1,0.5351976823893092
0,0.45934786944954586
0,0.48309298980714743
0,0.3131486740728104
1,0.8483628079201805
0,0.3922481745908277
0,0.3828246419677502
1,0.5664621170483529
0,0.4786586924264223
0,0.45692441508024056
1,0.5408504098187343
0,0.4034194876137088
1,0.8662965204343962
1,0.6318338757565166
0,0.28750543761170283
0,0.3623204239009032
1,0.7001309817742098
1,0.7644001350497489
1,0.6025962663210115
0,0.4791692712710558
0,0.47886748851843086
1,0.6895499183486146
0,0.4420596879701803
1,0.7073451681554033
1,0.7847236073237642
0,0.46231411628334723
1,0.54099146199071
0,0.35399342273680634
0,0.14494263265266935
1,0.5129291085008982
0,0.4933122611540837
0,0.1763704800820335
0,0.2582363330442088
0,0.20496408356697154
0,0.4306697044542926
0,0.4700031485643874
0,0.3973201853580873
1,0.6328236682992712
1,0.5926120349919676
0,0.4947211524732555
1,0.5031623652126432
0,0.47255732268795186
0,0.48283566385215937
0,0.4580055756255281
0,0.4773473084235528
0,0.41768295957803714
1,0.5366493911429435
1,0.7556504535617677
0,0.3259012516273369
1,0.5114273287457825
1,0.5036697151203852
1,0.6004623266706944
0,0.057858648566342784
1,0.7688030068348052
1,0.6384357757210131
0,0.4627951250698659
1,0.5956484664665678
0,0.36483396720451505
0,0.49110050901930935
1,0.5212680668957684
1,0.7386924253188167
0,0.4263553905013925
0,0.10501080272042648
0,0.49361880919029905
0,0.45952374582276256
1,0.8529767732685779
1,0.5071444829547312
1,0.5713455255466275
0,0.28600824787499535
0,0.4791327548377609
1,0.5005808226949261
0,0.2018046611746673
1,0.5188339469912252
1,0.5372812047271046
0,0.30300748116381954
0,0.3192849373592026
0,0.39832428063061104
0,0.489643231750723
0,0.30144933193126267
0,0.4777799200358741
0,0.3546438676711761
1,0.6655359926613571
1,0.5103312521585245
1,0.5735513926694419
0,0.3498126916672558
0,0.19409721441930128
0,0.3532156747343524
0,0.470462956729563
0,0.41740630672246004
0,0.357228436192352
0,0.4666771079945588
0,0.3165813695804987
1,0.6236729335475862
1,0.7018042829187383
1,0.5687431719467184
1,0.6079997195001221
0,0.3578775884371655
0,0.43256112459879437
1,0.7764641011283713
0,0.4808730276357533
1,0.6255203988002545
0,0.3500419303602417
1,0.6584663083506708
0,0.25508207881301576
0,0.3815423214447395
1,0.5413601847704913
0,0.097133688123521
0,0.270612523051036
0,0.45757059510864206
0,0.3304605134646474
0,0.34229024554917986
1,0.508461282183831
0,0.3379458794871216
0,0.45826848675882104
0,0.4045955058389799
1,0.6646748352912034
0,0.3667015137419706
0,0.3123538108911323
1,0.6546652083809671
0,0.163072294270731
1,0.8108566840350747
1,0.5647527803229132
0,0.48829008861098794
1,0.5303146621452539
0,0.4650010650209358
1,0.5074885511295963
1,0.6422991431045284
0,0.4410926223267573
0,0.0982565618160085
1,0.5291584662929685
1,0.542727525834263
1,0.5405772957441971
0,0.23097376390298763
0,0.406872707792604
1,0.5863850250304403
1,0.7852373369771632
0,0.299767827329936
0,0.4009638525899373
1,0.6162422119089874
0,0.410493770281513
1,0.5345894291661425
0,0.11269421347353956
0,0.36338224151772247
0,0.4022415855874712
1,0.5031351796548105
0,0.4640337181979655
1,0.5599071915978746
0,0.38648458667489416
0,0.4157210040812958
0,0.3483652558531955
0,0.41587688800017875
0,0.47742332872307436
0,0.4891168913494645
1,0.5187479488213843
1,0.5660244674102299
1,0.5759228746566109
0,0.49561218014192665
1,0.516895235060916
1,0.5160794420711174
0,0.37647736904809787
0,0.4757138466874312
0,0.42848366979469643
1,0.6973871281007754
0,0.29259336659076174
0,0.09925966698471851
0,0.07473428309510077
1,0.6022569371334289
0,0.3450423243839379
0,0.26542904659959266
0,0.4628180925498764
1,0.5795447898984537
1,0.658995291094429
1,0.6955385318934809
1,0.6280628489022313
0,0.4724708034218097
1,0.6653814247270388
0,0.4196607173944332
0,0.20388432489401456
1,0.6497338460686387
1,0.702780894933171
0,0.4814643514257922
0,0.08989269542014051
0,0.44041808535715465
0,0.45031651768464653
1,0.5013913992556874
1,0.5375890638999129
0,0.4187689059772918
1,0.543370848737995
1,0.8484120982401219
0,0.39277938918005095
0,0.49702549802651247
0,0.4701287545567897
0,0.48326363622829577
1,0.5523547734181361
0,0.15367757643349636
0,0.42952693873297354
0,0.26398787161005866
0,0.4954647164988095
0,0.30715522915377363
0,0.4917398096448801
0,0.37361578604765644
0,0.2879853588595608
0,0.2053274369304957
1,0.5788051513084361
0,0.3880599088988217
0,0.2665014469861775
0,0.3222532148834548
0,0.2927213878513547
1,0.618380886094067
0,0.47359881702580364
1,0.580211508884501
1,0.5633876386058594
1,0.544620307694625
1,0.5086531257998853
0,0.4772345147131385
1,0.5650776626686274
1,0.7779621205090907
0,0.3758391415994724
1,0.5542004013662057
0,0.21802494685041668
0,0.4695116355362815
1,0.5261028890011943
0,0.41716276940619723
0,0.42897666029843307
0,0.16277059795989762
1,0.733734055631221
0,0.28842576868547654
1,0.6400607888146025
1,0.5633622677395229
0,0.3875543250213085
1,0.5480698973576914
1,0.5345779658286086
0,0.45790108827718945
0,0.2305504563196145
0,0.4413868562792328
1,0.6485231814008716
0,0.2917781025436328
0,0.039757328582063364
1,0.57601039271831
0,0.47267265532797925
0,0.46006083354559413
1,0.5182094199400804
1,0.7140544427328892
0,0.3730389546975951
1,0.5614098737041328
0,0.06286707129912814
0,0.39379459631348535
1,0.5911393583862153
1,0.6754928887555152
1,0.7002764079641376
1,0.5592511036423914
0,0.3109341218223204
0,0.2093391428140874
1,0.9017092336849355
0,0.44671321859002944
1,0.9289599461202134
1,0.5220656139705423
0,0.24090534068414338
1,0.6265831246763478
0,0.49116292776322273
0,0.414698104848209
1,0.5399037827104504
0,0.37208893922983344
0,0.16028097869841676
0,0.44167101680861715
0,0.28897458389472996
0,0.35551818692316817
1,0.5912590974828495
0,0.378229669691338
0,0.41267869420927844
1,0.8040899676076164
0,0.30179908179685944
0,0.4370021813933189
0,0.27413314654914744
0,0.4667516900443339
0,0.4437208818139723
0,0.38412318320121314
0,0.3122199898523694
0,0.43832518902302275
0,0.41564816109925995
0,0.37175593942196966
0,0.45277888083372264
1,0.5630412943032114
0,0.229976423836799
0,0.40245774900217607
1,0.5140751314512575
0,0.3607896235320524
1,0.6012633240607246
0,0.35522099261185647
0,0.40963269999670765
1,0.5655966216069349
0,0.27595359891233895
0,0.44063416629484353
0,0.4431969545768784
0,0.4791694748323799
0,0.07921521222690882
1,0.862958264185498
0,0.4274900232934426
1,0.513237940256675
0,0.33352952909073774
1,0.6389648894157873
0,0.37188982622877453
1,0.7794797058291661
0,0.3324397795000585
1,0.5006281195117097
1,0.6372482879211276
0,0.4008889459704542
0,0.37199391752744293
0,0.44416774424615607
0,0.14623935616568207
1,0.5159584822619931
1,0.7653353557954079
0,0.39440359507685946
0,0.38757529482192354
0,0.47242462582672967
1,0.598779234673617
0,0.35288628212644285
1,0.7807031827676199
0,0.36128707781041447
0,0.47583510443084936
0,0.3472280075696955
0,0.435177362986447
0,0.43160980328466897
0,0.17775640122966704
1,0.5690093666449539
1,0.504165470949996
0,0.49264608308006985
0,0.18890686330107068
1,0.5519021650676693
1,0.5100193521215628
0,0.492218782954699
1,0.7012713789790713
1,0.5974460260474852
0,0.42419494281679954
0,0.23554250687355868
1,0.5610503711221103
0,0.43310087189627783
1,0.5010626050049809
0,0.3177869973613504
0,0.3723503723291731
1,0.5697824247060591
0,0.44883369202912415
1,0.7897230193462984
0,0.2957245809122341
1,0.6348469655183484
1,0.6187096503392296
0,0.3429480463236951
0,0.4201112615608571
0,0.42264196242290303
0,0.24063287407402348
0,0.4862201504262678
0,0.4761512377145995
1,0.5302903251094896
0,0.4261976512464155
0,0.44131340929031626
0,0.4016269351067519
0,0.44083602236885827
0,0.3954944868234186
0,0.10054988889286501
0,0.4629847180644206
0,0.3119987069738381
1,0.6680386022219721
0,0.4200375735823827
1,0.5313918453695452
0,0.4408550304110048
1,0.6419392947903736
1,0.5784954321518759
0,0.37664252227774997
1,0.5506202638952141
0,0.2516343372362426
0,0.1600430871686067
0,0.3290192203635181
1,0.5647752398206225
1,0.5334361323121519
0,0.42715558660659103
0,0.20767331725143856
0,0.39891642155226675
0,0.46387618735874037
1,0.5473853378872611
1,0.7145197098480813
0,0.2580339638433933
1,0.7256397578634225
1,0.7385091890984063
0,0.4215107409054834
0,0.4281360085380832
0,0.36948232876298165
0,0.4175700087396852
1,0.5108798307595712
0,0.335390426392044
1,0.5516721741500545
0,0.47036712757605037
1,0.7077036139961203
0,0.323014294804157
0,0.3945836790014355
1,0.6650134401743507
1,0.5752621907333366
0,0.3689235556163976
1,0.7156550171556809
1,0.5576837474969771
0,0.44289933497160816
0,0.39418284207677484
1,0.6579670493380786
1,0.5177569602464738
1,0.5154162267755671
0,0.2413293404053387
0,0.46596894501824787
1,0.6705011044681342
0,0.21522011782450282
1,0.5172665402443284
0,0.26950822703383226
0,0.3917998324119124
0,0.14037669473423214
1,0.5150399407955683
1,0.6402622845958786
1,0.665789930070976
0,0.41422335627356704
1,0.8349950992530756
0,0.24061252221020007
0,0.35342586889553157
0,0.3309879007028679
1,0.5121720356931662
1,0.6346266796275709
0,0.4467449221391679
0,0.32166932264227377
0,0.45477439380096046
1,0.7811072929506289
1,0.936635371732481
1,0.532337145481792
0,0.3791747582340523
0,0.46035234377552064
1,0.5320764058745704
1,0.6604360106124426
1,0.5219784719643643
1,0.8214032345702782
1,0.8754652144231144
1,0.5382223315550916
0,0.3937932549180045
1,0.6593383583507326
0,0.3396763723849928
0,0.37188851820819907
0,0.2106713270552569
1,0.5666490689430556
0,0.41230759922584953
0,0.39701711661799416
0,0.31828785083067496
0,0.4981229998239091
1,0.6960275831891062
0,0.3269972624860508
0,0.4030783951510986
0,0.3565745808684271
0,0.4737147649739918
0,0.45774369959451966
0,0.2115606565193091
1,0.7947750196655927
1,0.5538339455038632
0,0.08588784867523659
0,0.4775850651484079
0,0.41129476347132404
1,0.5812819580217071
0,0.43202704923290586
1,0.5329700459989628
0,0.36302923265291137
0,0.28072659749340634
0,0.2371937802115334
0,0.48696199437280846
0,0.26062955194244114
1,0.5945726737364248
0,0.3938839551485176
1,0.9669257912584502
0,0.26000387297142896
0,0.39234672637518475
0,0.3742332795704592
1,0.6482745097629562
1,0.7757100802925673
1,0.6208566229785824
0,0.2562745139556351
0,0.3711429721212964
1,0.6725727062704587
1,0.6384459950836905
0,0.28393986448997544
0,0.2319579083738588
0,0.46737758677229796
0,0.0247752271890394
0,0.4618138713705004
0,0.4182016358135226
0,0.4798037027787718
0,0.4874614467299636
1,0.5120802759222401
1,0.524860045035712
0,0.3923366470217239
0,0.33406864235129324
1,0.5456076912183059
0,0.19396933407900685
0,0.44764919461677677
0,0.3277745226885692
1,0.5703269819516459
0,0.48292171383040294
0,0.17257304336610596
1,0.7126508389648242
0,0.37676749006334936
0,0.40243126023507775
0,0.3573090591809338
0,0.40981607929497804
0,0.44376606041039907
1,0.5686720827748227
1,0.5448652123897504
0,0.3985973694846141
0,0.24599440415952328
1,0.5601187602815598
0,0.2513596716238131
0,0.4156166862273684
0,0.49319960926364015
1,0.7207939022495132
0,0.4136758161429856
1,0.5839254250114232
0,0.34326394621466555
1,0.7476536660826801
0,0.3647667398919668
0,0.35879191416008593
0,0.1363231575649912
0,0.4537530881786382
1,0.563829137624304
0,0.2907723851986805
0,0.43169434466878587
1,0.5642666021987739
1,0.7314045982780853
0,0.13765770178383052
1,0.7455882466616078
1,0.6493524558696194
1,0.5791262306338996
0,0.4906487099776334
1,0.5680229019514313
0,0.44811855821080016
0,0.3952687760359198
0,0.31415103503596514
1,0.8907536718441066
1,0.65403666050731
0,0.3744261458155259
0,0.3624299020536171
1,0.628493587891791
0,0.0510884936406914
0,0.2867805062610679
0,0.48547505135522473
1,0.7263755880410279
0,0.41651188745032947
0,0.43732642640867564
0,0.4520854691514164
0,0.42433979984923287
1,0.5403824179705704
0,0.320362722775568
0,0.2649772307870056
0,0.47783783782397227
0,0.28780283222188563
0,0.4952270413943768
0,0.48340198568329185
1,0.590886071211011
0,0.36599433503719947
0,0.37252016134401145
0,0.2171391755678711
1,0.6376663022762311
1,0.5118284348934073
0,0.39574610041545233
0,0.48812246933389186
1,0.5551875753645642
0,0.48713298871094146
1,0.8286983673205577
0,0.4779513630926503
0,0.40795337999359815
1,0.6932508011059934
0,0.38689419605995695
0,0.49959895467068294
1,0.5856896409057546
1,0.51520793221021
1,0.5095401466827889
0,0.4861806596599676
1,0.7081612370942434
0,0.4031592030890851
0,0.4483735073970499
0,0.3365168202528592
0,0.3884619317772549
0,0.2846485817968929
0,0.4325010020750094
0,0.3849837897273645
0,0.37487258905424253
0,0.12931903929747207
0,0.43730942148246904
0,0.33831685571048825
0,0.40682523948670696
0,0.24972717786293522
0,0.4026016022767878
0,0.40091547540829436
0,0.29700533322117406
1,0.5027054786644247
1,0.6338776445195243
0,0.39138030982135785
0,0.4552813327313321
0,0.4397150194370302
1,0.5604790133651696
1,0.654658513102928
1,0.5695950847091229
0,0.40405513696084866
1,0.5088645901301725
1,0.5412289028406345
1,0.7156174376274569
0,0.33823018647110736
1,0.7887795102366558
0,0.2263425325312472
0,0.49224210494013393
0,0.17864742896483188
0,0.45162095648970874
1,0.5090255344155264
1,0.705633726433264
1,0.5103710302930383
1,0.6853177815450984
0,0.3806078683980224
1,0.9595869167091461
0,0.4617627141855599
0,0.19364816354111833
1,0.527178977478836
1,0.6363302831833751
1,0.5080354758682388
0,0.45674234475649933
0,0.49245312064399593
0,0.24015155731432383
0,0.4793587766721415
0,0.47298965303899415
0,0.3462006338543481
0,0.19387867158164623
1,0.5062834138883493
0,0.3844968083555699
0,0.400999093417247
0,0.4002303107809465
0,0.29245427449869005
0,0.41377396376556697
0,0.2615181758662456
0,0.42285896102877557
0,0.4129501870621977
1,0.611690192655428
0,0.34176264879389945
0,0.17570510029269878
0,0.31350866312818537
0,0.4927167664361673
0,0.24546620466498792
0,0.3331712226978964
0,0.3736138680051588
1,0.5134779542068858
0,0.27511131596597843
0,0.4317038291493744
1,0.6241001645165158
0,0.09120643200809882
0,0.4279746910022167
0,0.47732495072230346
0,0.4855948788609486
1,0.5021434302868969
0,0.18393846462934124
0,0.26854636809966154
0,0.39736876176767816
1,0.5262931683009047
0,0.2863699148278455
0,0.17317331426689445
0,0.2725091863595641
1,0.6825819389178953
0,0.3404159561417042
0,0.19476233715100857
0,0.2517803054280703
1,0.6245990459685665
1,0.5959909673022341
1,0.5073969663620832
0,0.46359615327754
1,0.5244495646196509
1,0.5234712311277211
0,0.489250575631691
1,0.5558367824656961
1,0.5040564467552157
0,0.26533998077714915
0,0.46004474931026396
1,0.5558929006507429
0,0.32342767413353046
0,0.2759277352016315
0,0.33900782227143383
1,0.5293737067816752
0,0.3789284930871388
1,0.5030184799990891
1,0.5454351332971153
1,0.5404008814443328
1,0.7515423225224839
0,0.23541428798747563
1,0.5690110727061708
0,0.44630056694245934
0,0.2977976406169229
0,0.376682394307429
1,0.5805650495579694
0,0.37785312229046514
0,0.4119669720703972
0,0.03148581727635624
1,0.5385792942800809
1,0.5247530640886874
0,0.451423502488699
0,0.40878300391137695
0,0.31226651987981835
0,0.4923991380289729
0,0.38752942441551674
0,0.45522694551448534
0,0.29408180041687726
1,0.5404371829998951
0,0.45764687069744575
1,0.7139674150346859
1,0.5768322580576952
0,0.22708161444345645
0,0.36034593524840886
0,0.4482205920406211
1,0.5312822305315934
0,0.25788556868943385
0,0.4546788104321951
0,0.12261916219088652
1,0.7509657679735015
0,0.30156289109803375
0,0.49020472191415065
0,0.2915304503901848
1,0.9880669462916962
1,0.5181753403944868
1,0.501638859046882
0,0.3062108030987419
0,0.26043830673439633
0,0.432465948039544
1,0.6354885715818598
0,0.35732072081280636
0,0.3331066912720471
0,0.398174309648548
0,0.3402881568587278
0,0.4782597178377014
0,0.4725820553170181
0,0.06659326945484866
1,0.530472965954945
1,0.6978646365086054
1,0.5347539989485669
1,0.5173953550751836
1,0.5179078072393033
1,0.5569625112996525
